0,0,0,0,0,0,0,0,0,0,0,-93.264426,-51.189378,-43.078391,0.000000,0.000000,0.000000,0.000000,0.000000,0.000000,0.000000,15614,22175,16689,0,0,0,0,0,0,0
1,0,0,0,0,0,0,0,0,0,0,-44.986364,-96.453382,-273.981424,-213.228868,0.000000,0.000000,0.000000,0.000000,0.000000,0.000000,11899,8454,7822,7983,0,0,0,0,0,0
2,0,0,0,0,0,0,0,0,0,0,-37.315690,-59.227035,-49.357274,-46.679452,0.000000,0.000000,0.000000,0.000000,0.000000,0.000000,25097,16360,17273,17015,0,0,0,0,0,0
3,0,0,0,0,0,0,0,0,0,0,-44.987900,-96.285893,-124.277877,0.000000,0.000000,0.000000,0.000000,0.000000,0.000000,0.000000,14834,10981,10880,0,0,0,0,0,0,0
4,0,0,0,0,0,0,0,0,0,0,-63.499946,-59.695170,-45.042492,0.000000,0.000000,0.000000,0.000000,0.000000,0.000000,0.000000,21388,15213,16467,0,0,0,0,0,0,0
5,0,0,0,0,0,0,0,0,0,0,-108.643191,-130.473758,-118.284792,0.000000,0.000000,0.000000,0.000000,0.000000,0.000000,0.000000,21347,15524,16771,0,0,0,0,0,0,0
6,0,0,0,0,0,0,0,0,0,0,100000.000000,0.000000,0.000000,0.000000,0.000000,0.000000,0.000000,0.000000,0.000000,0.000000,11769,0,0,0,0,0,0,0,0,0
7,0,0,0,0,0,0,0,0,0,0,-80.268936,-126.764000,-41.224124,0.000000,0.000000,0.000000,0.000000,0.000000,0.000000,0.000000,16524,16005,24562,0,0,0,0,0,0,0
8,0,0,0,0,0,0,0,0,0,0,-43.040858,-211.795289,-369.411029,-259.408388,0.000000,0.000000,0.000000,0.000000,0.000000,0.000000,12419,8360,8331,8232,0,0,0,0,0,0
9,0,0,0,0,0,0,0,0,0,0,-67.883510,-102.339529,-53.583729,-47.576131,0.000000,0.000000,0.000000,0.000000,0.000000,0.000000,20622,15764,21550,16158,0,0,0,0,0,0
10,0,0,0,0,0,0,0,0,0,0,-320.786005,-114.903144,-113.643339,-52.601674,0.000000,0.000000,0.000000,0.000000,0.000000,0.000000,3843,3910,3854,6008,0,0,0,0,0,0
11,0,0,0,0,0,0,0,0,0,0,-48.906044,-84.812547,-45.298735,-84.690149,0.000000,0.000000,0.000000,0.000000,0.000000,0.000000,17723,15853,16771,23658,0,0,0,0,0,0
12,0,0,0,0,0,0,0,0,0,0,-147.747315,-143.132381,-36.640701,-315.398562,0.000000,0.000000,0.000000,0.000000,0.000000,0.000000,5485,5854,8141,5445,0,0,0,0,0,0
13,0,0,0,0,0,0,0,0,0,0,-105.789149,-47.753051,-32.923310,-107.291376,0.000000,0.000000,0.000000,0.000000,0.000000,0.000000,13721,14693,18432,13010,0,0,0,0,0,0
14,0,0,0,0,0,0,0,0,0,0,-106.292035,-69.530741,-95.987662,-73.367331,0.000000,0.000000,0.000000,0.000000,0.000000,0.000000,15560,12317,13077,17307,0,0,0,0,0,0
15,0,0,0,0,0,0,0,0,0,0,-42.941449,-34.561705,-41.756019,-34.649745,0.000000,0.000000,0.000000,0.000000,0.000000,0.000000,18360,19325,16709,22997,0,0,0,0,0,0
16,0,0,0,0,0,0,0,0,0,0,-40.606743,-58.710760,-88.655104,0.000000,0.000000,0.000000,0.000000,0.000000,0.000000,0.000000,9363,7436,6943,0,0,0,0,0,0,0
17,0,0,0,0,0,0,0,0,0,0,-73.207687,-80.344384,-84.300007,0.000000,0.000000,0.000000,0.000000,0.000000,0.000000,0.000000,17937,14032,16926,0,0,0,0,0,0,0
18,0,0,0,0,0,0,0,0,0,0,-25.159614,-73.291413,-55.772834,0.000000,0.000000,0.000000,0.000000,0.000000,0.000000,0.000000,15160,13764,11330,0,0,0,0,0,0,0
19,0,0,0,0,0,0,0,0,0,0,-97.324494,-255.854514,-237.345456,-52.002378,0.000000,0.000000,0.000000,0.000000,0.000000,0.000000,8464,8400,8205,12535,0,0,0,0,0,0
20,0,0,0,0,0,0,0,0,0,0,-79.537248,-86.107603,-36.914979,0.000000,0.000000,0.000000,0.000000,0.000000,0.000000,0.000000,15446,15980,21924,0,0,0,0,0,0,0
21,0,0,0,0,0,0,0,0,0,0,-100.780959,-40.291912,-36.538421,0.000000,0.000000,0.000000,0.000000,0.000000,0.000000,0.000000,16034,18780,22050,0,0,0,0,0,0,0
22,0,0,0,0,0,0,0,0,0,0,-67.762848,-99.282022,-37.994997,0.000000,0.000000,0.000000,0.000000,0.000000,0.000000,0.000000,17089,13411,15944,0,0,0,0,0,0,0
23,0,0,0,0,0,0,0,0,0,0,-71.276443,-26.760533,-106.769242,0.000000,0.000000,0.000000,0.000000,0.000000,0.000000,0.000000,13451,16687,12380,0,0,0,0,0,0,0
24,0,0,0,0,0,0,0,0,0,0,-46.157874,-37.414862,-59.264207,0.000000,0.000000,0.000000,0.000000,0.000000,0.000000,0.000000,24064,21411,18472,0,0,0,0,0,0,0
25,0,0,0,0,0,0,0,0,0,0,-85.307045,-100.210524,-21.391525,0.000000,0.000000,0.000000,0.000000,0.000000,0.000000,0.000000,18758,18841,26074,0,0,0,0,0,0,0
26,0,0,0,0,0,0,0,0,0,0,-225.260230,-53.145747,-159.950097,0.000000,0.000000,0.000000,0.000000,0.000000,0.000000,0.000000,5133,7293,5149,0,0,0,0,0,0,0
27,0,0,0,0,0,0,0,0,0,0,-311.237366,-265.333025,-232.627921,0.000000,0.000000,0.000000,0.000000,0.000000,0.000000,0.000000,5962,5096,6189,0,0,0,0,0,0,0
28,0,0,0,0,0,0,0,0,0,0,-78.976822,-64.622393,-36.558553,0.000000,0.000000,0.000000,0.000000,0.000000,0.000000,0.000000,24586,20434,26147,0,0,0,0,0,0,0
29,0,0,0,0,0,0,0,0,0,0,-154.471661,-91.371937,0.000000,0.000000,0.000000,0.000000,0.000000,0.000000,0.000000,0.000000,10031,12041,0,0,0,0,0,0,0,0
30,0,0,0,0,0,0,0,0,0,0,-55.579334,-107.302638,-32.646065,0.000000,0.000000,0.000000,0.000000,0.000000,0.000000,0.000000,23125,20144,26554,0,0,0,0,0,0,0
31,0,0,0,0,0,0,0,0,0,0,-152.654236,-48.192555,-79.212287,0.000000,0.000000,0.000000,0.000000,0.000000,0.000000,0.000000,15340,22082,15195,0,0,0,0,0,0,0
32,0,0,0,0,0,0,0,0,0,0,-53.998439,-46.612715,-89.393352,-56.867155,0.000000,0.000000,0.000000,0.000000,0.000000,0.000000,22978,17817,17731,23368,0,0,0,0,0,0
33,0,0,0,0,0,0,0,0,0,0,-324.999046,-252.977765,-201.049584,0.000000,0.000000,0.000000,0.000000,0.000000,0.000000,0.000000,4062,4616,4827,0,0,0,0,0,0,0
34,0,0,0,0,0,0,0,0,0,0,-32.706323,-55.256798,-109.836299,0.000000,0.000000,0.000000,0.000000,0.000000,0.000000,0.000000,25326,23654,19137,0,0,0,0,0,0,0
35,0,0,0,0,0,0,0,0,0,0,-27.582490,-37.962140,-127.850542,0.000000,0.000000,0.000000,0.000000,0.000000,0.000000,0.000000,27154,17511,17081,0,0,0,0,0,0,0
36,0,0,0,0,0,0,0,0,0,0,-45.871794,-40.818886,-59.553765,-40.782684,0.000000,0.000000,0.000000,0.000000,0.000000,0.000000,17397,20130,17129,24737,0,0,0,0,0,0
37,0,0,0,0,0,0,0,0,0,0,-54.686592,-172.261231,0.000000,0.000000,0.000000,0.000000,0.000000,0.000000,0.000000,0.000000,15365,11751,0,0,0,0,0,0,0,0
38,0,0,0,0,0,0,0,0,0,0,-37.255754,-71.146248,-45.270631,0.000000,0.000000,0.000000,0.000000,0.000000,0.000000,0.000000,26640,20809,25805,0,0,0,0,0,0,0
39,0,0,0,0,0,0,0,0,0,0,-63.011453,-49.285266,-39.873189,0.000000,0.000000,0.000000,0.000000,0.000000,0.000000,0.000000,17687,17352,22541,0,0,0,0,0,0,0
40,0,0,0,0,0,0,0,0,0,0,-28.031575,-56.179300,0.000000,0.000000,0.000000,0.000000,0.000000,0.000000,0.000000,0.000000,24486,17477,0,0,0,0,0,0,0,0
41,0,0,0,0,0,0,0,0,0,0,-46.984133,-121.634072,-47.094498,0.000000,0.000000,0.000000,0.000000,0.000000,0.000000,0.000000,23592,19163,24687,0,0,0,0,0,0,0
42,0,0,0,0,0,0,0,0,0,0,-75.432501,-38.143600,-41.465558,0.000000,0.000000,0.000000,0.000000,0.000000,0.000000,0.000000,20941,27866,24462,0,0,0,0,0,0,0
43,0,0,0,0,0,0,0,0,0,0,-168.274486,-40.466857,-233.509863,0.000000,0.000000,0.000000,0.000000,0.000000,0.000000,0.000000,15266,22777,15294,0,0,0,0,0,0,0
44,0,0,0,0,0,0,0,0,0,0,-249.391097,-275.715676,-45.162958,-281.428011,0.000000,0.000000,0.000000,0.000000,0.000000,0.000000,8281,8360,12651,8385,0,0,0,0,0,0
45,0,0,0,0,0,0,0,0,0,0,-121.011407,-106.439593,-121.995234,0.000000,0.000000,0.000000,0.000000,0.000000,0.000000,0.000000,2565,2476,2502,0,0,0,0,0,0,0
46,0,0,0,0,0,0,0,0,0,0,-114.891829,-108.533577,-74.466381,0.000000,0.000000,0.000000,0.000000,0.000000,0.000000,0.000000,725,724,886,0,0,0,0,0,0,0
47,0,0,0,0,0,0,0,0,0,0,-99.199503,-94.323797,-86.986125,0.000000,0.000000,0.000000,0.000000,0.000000,0.000000,0.000000,1558,1554,1532,0,0,0,0,0,0,0
48,0,0,0,0,0,0,0,0,0,0,99999.999982,0.000000,0.000000,0.000000,0.000000,0.000000,0.000000,0.000000,0.000000,0.000000,438,0,0,0,0,0,0,0,0,0
49,0,0,0,0,0,0,0,0,0,0,-162.776655,-126.099592,-111.119847,0.000000,0.000000,0.000000,0.000000,0.000000,0.000000,0.000000,269,336,283,0,0,0,0,0,0,0
50,0,0,0,0,0,0,0,0,0,0,-62.264686,-111.059144,-159.895511,0.000000,0.000000,0.000000,0.000000,0.000000,0.000000,0.000000,8371,10928,8013,0,0,0,0,0,0,0
51,0,0,0,0,0,0,0,0,0,0,-32.615404,-90.254403,-42.881732,-51.015107,0.000000,0.000000,0.000000,0.000000,0.000000,0.000000,20216,17831,25510,18685,0,0,0,0,0,0
52,0,0,0,0,0,0,0,0,0,0,-64.194848,-29.260901,-34.304662,0.000000,0.000000,0.000000,0.000000,0.000000,0.000000,0.000000,15985,23121,18040,0,0,0,0,0,0,0
53,0,0,0,0,0,0,0,0,0,0,-166.629233,-69.973546,-35.657735,0.000000,0.000000,0.000000,0.000000,0.000000,0.000000,0.000000,18048,16043,22562,0,0,0,0,0,0,0
54,0,0,0,0,0,0,0,0,0,0,-29.790312,-92.880252,0.000000,0.000000,0.000000,0.000000,0.000000,0.000000,0.000000,0.000000,20216,22830,0,0,0,0,0,0,0,0
55,0,0,0,0,0,0,0,0,0,0,-36.531477,-206.477804,-59.257670,-55.756793,0.000000,0.000000,0.000000,0.000000,0.000000,0.000000,21610,15989,19279,18063,0,0,0,0,0,0
56,0,0,0,0,0,0,0,0,0,0,-152.379927,-75.162387,-107.509583,0.000000,0.000000,0.000000,0.000000,0.000000,0.000000,0.000000,12684,16814,12392,0,0,0,0,0,0,0
57,0,0,0,0,0,0,0,0,0,0,-61.728631,-72.065091,-58.571328,0.000000,0.000000,0.000000,0.000000,0.000000,0.000000,0.000000,17240,14100,14888,0,0,0,0,0,0,0
58,0,0,0,0,0,0,0,0,0,0,-72.484741,-101.093743,-24.311182,0.000000,0.000000,0.000000,0.000000,0.000000,0.000000,0.000000,11315,11768,16762,0,0,0,0,0,0,0
59,0,0,0,0,0,0,0,0,0,0,-60.971552,-153.910930,-93.499499,0.000000,0.000000,0.000000,0.000000,0.000000,0.000000,0.000000,20335,13825,13970,0,0,0,0,0,0,0
60,0,0,0,0,0,0,0,0,0,0,-36.569841,-34.709161,0.000000,0.000000,0.000000,0.000000,0.000000,0.000000,0.000000,0.000000,16402,15237,0,0,0,0,0,0,0,0
61,0,0,0,0,0,0,0,0,0,0,-266.504236,-60.533513,-40.689465,0.000000,0.000000,0.000000,0.000000,0.000000,0.000000,0.000000,12774,14510,16804,0,0,0,0,0,0,0
62,0,0,0,0,0,0,0,0,0,0,-35.541897,-44.443819,-86.694546,-109.205493,0.000000,0.000000,0.000000,0.000000,0.000000,0.000000,21781,22140,17770,17818,0,0,0,0,0,0
63,0,0,0,0,0,0,0,0,0,0,-44.267391,-82.436011,-59.433371,-27.921466,-257.719044,0.000000,0.000000,0.000000,0.000000,0.000000,13981,13080,13737,21891,12965,0,0,0,0,0
64,0,0,0,0,0,0,0,0,0,0,-12.206304,251.695778,-102.925216,0.000000,0.000000,0.000000,0.000000,0.000000,0.000000,0.000000,4276,6360,4454,0,0,0,0,0,0,0
65,0,0,0,0,0,0,0,0,0,0,-32.662598,-36.505755,0.000000,0.000000,0.000000,0.000000,0.000000,0.000000,0.000000,0.000000,20798,16840,0,0,0,0,0,0,0,0
66,0,0,0,0,0,0,0,0,0,0,-44.707402,-151.816940,-58.865178,0.000000,0.000000,0.000000,0.000000,0.000000,0.000000,0.000000,21897,15435,17093,0,0,0,0,0,0,0
67,0,0,0,0,0,0,0,0,0,0,-36.489872,-114.768300,-105.858098,0.000000,0.000000,0.000000,0.000000,0.000000,0.000000,0.000000,19911,15596,14534,0,0,0,0,0,0,0
68,0,0,0,0,0,0,0,0,0,0,-29.763324,-92.762530,0.000000,0.000000,0.000000,0.000000,0.000000,0.000000,0.000000,0.000000,15760,12445,0,0,0,0,0,0,0,0
69,0,0,0,0,0,0,0,0,0,0,-20.138342,-159.543862,-111.585664,0.000000,0.000000,0.000000,0.000000,0.000000,0.000000,0.000000,5077,3319,3190,0,0,0,0,0,0,0
70,0,0,0,0,0,0,0,0,0,0,-209.197152,-30.254402,-35.190269,0.000000,0.000000,0.000000,0.000000,0.000000,0.000000,0.000000,14884,20166,17432,0,0,0,0,0,0,0
71,0,0,0,0,0,0,0,0,0,0,-65.446059,-34.014155,0.000000,0.000000,0.000000,0.000000,0.000000,0.000000,0.000000,0.000000,17084,20425,0,0,0,0,0,0,0,0
72,0,0,0,0,0,0,0,0,0,0,-20.555778,43.749226,0.000000,0.000000,0.000000,0.000000,0.000000,0.000000,0.000000,0.000000,6120,7766,0,0,0,0,0,0,0,0
73,0,0,0,0,0,0,0,0,0,0,-53.636781,-58.061878,-73.050002,0.000000,0.000000,0.000000,0.000000,0.000000,0.000000,0.000000,17322,22094,18760,0,0,0,0,0,0,0
74,0,0,0,0,0,0,0,0,0,0,-26.415999,-66.383481,0.000000,0.000000,0.000000,0.000000,0.000000,0.000000,0.000000,0.000000,21005,17909,0,0,0,0,0,0,0,0
75,0,0,0,0,0,0,0,0,0,0,-30.697940,-29.502908,0.000000,0.000000,0.000000,0.000000,0.000000,0.000000,0.000000,0.000000,19191,20921,0,0,0,0,0,0,0,0
76,0,0,0,0,0,0,0,0,0,0,-68.123849,-103.831078,-62.542849,0.000000,0.000000,0.000000,0.000000,0.000000,0.000000,0.000000,18590,14085,14279,0,0,0,0,0,0,0
77,0,0,0,0,0,0,0,0,0,0,-37.235867,-33.617387,0.000000,0.000000,0.000000,0.000000,0.000000,0.000000,0.000000,0.000000,6349,6873,0,0,0,0,0,0,0,0
78,0,0,0,0,0,0,0,0,0,0,-89.485932,-33.462992,-31.160890,-57.739433,0.000000,0.000000,0.000000,0.000000,0.000000,0.000000,16192,24533,16760,18564,0,0,0,0,0,0
79,0,0,0,0,0,0,0,0,0,0,-36.107155,-105.512848,-35.950796,-37.649582,0.000000,0.000000,0.000000,0.000000,0.000000,0.000000,20378,17205,20895,22405,0,0,0,0,0,0
80,0,0,0,0,0,0,0,0,0,0,-40.672222,-36.870930,0.000000,0.000000,0.000000,0.000000,0.000000,0.000000,0.000000,0.000000,18595,21229,0,0,0,0,0,0,0,0
81,0,0,0,0,0,0,0,0,0,0,-84.170094,-75.786662,-78.310486,0.000000,0.000000,0.000000,0.000000,0.000000,0.000000,0.000000,16057,24619,16309,0,0,0,0,0,0,0
82,0,0,0,0,0,0,0,0,0,0,-133.639368,-107.218663,-31.912776,0.000000,0.000000,0.000000,0.000000,0.000000,0.000000,0.000000,11866,11902,17839,0,0,0,0,0,0,0
83,0,0,0,0,0,0,0,0,0,0,-96.356370,-238.670521,-130.395241,0.000000,0.000000,0.000000,0.000000,0.000000,0.000000,0.000000,3242,2359,2396,0,0,0,0,0,0,0
84,0,0,0,0,0,0,0,0,0,0,-53.830289,-10.923735,0.000000,0.000000,0.000000,0.000000,0.000000,0.000000,0.000000,0.000000,7944,9659,0,0,0,0,0,0,0,0
85,0,0,0,0,0,0,0,0,0,0,-47.713034,-37.114134,-89.619877,0.000000,0.000000,0.000000,0.000000,0.000000,0.000000,0.000000,27977,27684,22001,0,0,0,0,0,0,0
86,0,0,0,0,0,0,0,0,0,0,-35.270568,-37.155829,-60.457825,0.000000,0.000000,0.000000,0.000000,0.000000,0.000000,0.000000,26343,26112,21204,0,0,0,0,0,0,0
87,0,0,0,0,0,0,0,0,0,0,-222.524663,0.000000,0.000000,0.000000,0.000000,0.000000,0.000000,0.000000,0.000000,0.000000,329,0,0,0,0,0,0,0,0,0
88,0,0,0,0,0,0,0,0,0,0,-37.750603,-47.637991,-70.531936,-54.330742,0.000000,0.000000,0.000000,0.000000,0.000000,0.000000,25733,20579,20429,29143,0,0,0,0,0,0
89,0,0,0,0,0,0,0,0,0,0,-37.949394,-235.123522,0.000000,0.000000,0.000000,0.000000,0.000000,0.000000,0.000000,0.000000,9023,7138,0,0,0,0,0,0,0,0
90,0,0,0,0,0,0,0,0,0,0,-91.515669,-33.730015,0.000000,0.000000,0.000000,0.000000,0.000000,0.000000,0.000000,0.000000,8024,8201,0,0,0,0,0,0,0,0
91,0,0,0,0,0,0,0,0,0,0,-35.284631,-64.256816,-33.652641,0.000000,0.000000,0.000000,0.000000,0.000000,0.000000,0.000000,21923,20062,26514,0,0,0,0,0,0,0
92,0,0,0,0,0,0,0,0,0,0,-43.367699,-79.445318,-37.251513,0.000000,0.000000,0.000000,0.000000,0.000000,0.000000,0.000000,27278,21161,25795,0,0,0,0,0,0,0
93,0,0,0,0,0,0,0,0,0,0,-64.196952,-35.307022,-35.128724,0.000000,0.000000,0.000000,0.000000,0.000000,0.000000,0.000000,20185,26044,23278,0,0,0,0,0,0,0
94,0,0,0,0,0,0,0,0,0,0,-43.607997,-45.924553,-68.970128,0.000000,0.000000,0.000000,0.000000,0.000000,0.000000,0.000000,21473,16106,15553,0,0,0,0,0,0,0
95,0,0,0,0,0,0,0,0,0,0,-89.303531,0.000000,0.000000,0.000000,0.000000,0.000000,0.000000,0.000000,0.000000,0.000000,1509,0,0,0,0,0,0,0,0,0
96,0,0,0,0,0,0,0,0,0,0,-58.889160,-38.640475,-43.008392,0.000000,0.000000,0.000000,0.000000,0.000000,0.000000,0.000000,21008,27721,23796,0,0,0,0,0,0,0
97,0,0,0,0,0,0,0,0,0,0,-32.794999,-36.937762,-55.582173,0.000000,0.000000,0.000000,0.000000,0.000000,0.000000,0.000000,26654,25216,21556,0,0,0,0,0,0,0
98,0,0,0,0,0,0,0,0,0,0,-132.643256,0.000000,0.000000,0.000000,0.000000,0.000000,0.000000,0.000000,0.000000,0.000000,405,0,0,0,0,0,0,0,0,0
99,0,0,0,0,0,0,0,0,0,0,-94.408393,-43.752183,-42.325730,-44.776044,0.000000,0.000000,0.000000,0.000000,0.000000,0.000000,20480,26274,24146,24526,0,0,0,0,0,0
100,0,0,0,0,0,0,0,0,0,0,-66.889726,-45.292069,-37.184789,0.000000,0.000000,0.000000,0.000000,0.000000,0.000000,0.000000,19480,22117,25574,0,0,0,0,0,0,0
101,0,0,0,0,0,0,0,0,0,0,-176.680425,0.000000,0.000000,0.000000,0.000000,0.000000,0.000000,0.000000,0.000000,0.000000,158,0,0,0,0,0,0,0,0,0
102,0,0,0,0,0,0,0,0,0,0,-101.008241,0.000000,0.000000,0.000000,0.000000,0.000000,0.000000,0.000000,0.000000,0.000000,2398,0,0,0,0,0,0,0,0,0
103,0,0,0,0,0,0,0,0,0,0,-213.983855,0.000000,0.000000,0.000000,0.000000,0.000000,0.000000,0.000000,0.000000,0.000000,171,0,0,0,0,0,0,0,0,0
104,0,0,0,0,0,0,0,0,0,0,-29.900872,-141.915565,-177.318812,0.000000,0.000000,0.000000,0.000000,0.000000,0.000000,0.000000,257,199,178,0,0,0,0,0,0,0
105,0,0,0,0,0,0,0,0,0,0,-262.162063,-61.146591,-260.862632,-97.110478,0.000000,0.000000,0.000000,0.000000,0.000000,0.000000,362,528,368,423,0,0,0,0,0,0
106,0,0,0,0,0,0,0,0,0,0,-179.064583,-206.088073,0.000000,0.000000,0.000000,0.000000,0.000000,0.000000,0.000000,0.000000,3022,3201,0,0,0,0,0,0,0,0
107,0,0,0,0,0,0,0,0,0,0,-154.033778,-58.973206,0.000000,0.000000,0.000000,0.000000,0.000000,0.000000,0.000000,0.000000,183,229,0,0,0,0,0,0,0,0
108,0,0,0,0,0,0,0,0,0,0,-94.459957,0.000000,0.000000,0.000000,0.000000,0.000000,0.000000,0.000000,0.000000,0.000000,3705,0,0,0,0,0,0,0,0,0
109,0,0,0,0,0,0,0,0,0,0,-70.653123,-167.677853,-99.127041,0.000000,0.000000,0.000000,0.000000,0.000000,0.000000,0.000000,5107,3633,3806,0,0,0,0,0,0,0
110,0,0,0,0,0,0,0,0,0,0,0.000000,0.000000,0.000000,0.000000,0.000000,0.000000,0.000000,0.000000,0.000000,0.000000,0,0,0,0,0,0,0,0,0,0
111,0,0,0,0,0,0,0,0,0,0,65.211354,-216.338211,0.000000,0.000000,0.000000,0.000000,0.000000,0.000000,0.000000,0.000000,181,153,0,0,0,0,0,0,0,0
112,0,0,0,0,0,0,0,0,0,0,-59.184886,-53.088013,-24.386790,0.000000,0.000000,0.000000,0.000000,0.000000,0.000000,0.000000,14087,16977,18667,0,0,0,0,0,0,0
113,0,0,0,0,0,0,0,0,0,0,-37.340054,-99.603195,-44.107716,0.000000,0.000000,0.000000,0.000000,0.000000,0.000000,0.000000,26204,20183,23827,0,0,0,0,0,0,0
114,0,0,0,0,0,0,0,0,0,0,-35.707928,-35.731868,-94.091364,0.000000,0.000000,0.000000,0.000000,0.000000,0.000000,0.000000,24182,24997,19955,0,0,0,0,0,0,0
115,0,0,0,0,0,0,0,0,0,0,-95.690248,-26.588453,-24.885330,0.000000,0.000000,0.000000,0.000000,0.000000,0.000000,0.000000,24432,32699,27746,0,0,0,0,0,0,0
116,0,0,0,0,0,0,0,0,0,0,-31.699379,0.000000,0.000000,0.000000,0.000000,0.000000,0.000000,0.000000,0.000000,0.000000,19512,0,0,0,0,0,0,0,0,0
117,0,0,0,0,0,0,0,0,0,0,-41.282220,-45.926613,0.000000,0.000000,0.000000,0.000000,0.000000,0.000000,0.000000,0.000000,26935,24382,0,0,0,0,0,0,0,0
118,0,0,0,0,0,0,0,0,0,0,-159.042943,-82.396839,-55.912992,0.000000,0.000000,0.000000,0.000000,0.000000,0.000000,0.000000,19134,24955,23205,0,0,0,0,0,0,0
119,0,0,0,0,0,0,0,0,0,0,-22.156968,-26.723608,0.000000,0.000000,0.000000,0.000000,0.000000,0.000000,0.000000,0.000000,23381,22039,0,0,0,0,0,0,0,0
120,0,0,0,0,0,0,0,0,0,0,-90.038509,0.000000,0.000000,0.000000,0.000000,0.000000,0.000000,0.000000,0.000000,0.000000,12104,0,0,0,0,0,0,0,0,0
121,0,0,0,0,0,0,0,0,0,0,-37.822105,-69.129800,-125.301805,0.000000,0.000000,0.000000,0.000000,0.000000,0.000000,0.000000,16838,11657,11717,0,0,0,0,0,0,0
122,0,0,0,0,0,0,0,0,0,0,-30.480573,-55.507540,-67.075412,-110.327347,0.000000,0.000000,0.000000,0.000000,0.000000,0.000000,28667,28397,21683,21252,0,0,0,0,0,0
123,0,0,0,0,0,0,0,0,0,0,-52.991390,-104.862344,-19.568084,0.000000,0.000000,0.000000,0.000000,0.000000,0.000000,0.000000,22798,22545,32460,0,0,0,0,0,0,0
124,0,0,0,0,0,0,0,0,0,0,-95.169672,-60.033517,0.000000,0.000000,0.000000,0.000000,0.000000,0.000000,0.000000,0.000000,30103,37949,0,0,0,0,0,0,0,0
125,0,0,0,0,0,0,0,0,0,0,-62.132617,-115.891793,-106.237423,0.000000,0.000000,0.000000,0.000000,0.000000,0.000000,0.000000,27719,19563,20592,0,0,0,0,0,0,0
126,0,0,0,0,0,0,0,0,0,0,-65.747927,0.000000,0.000000,0.000000,0.000000,0.000000,0.000000,0.000000,0.000000,0.000000,17632,0,0,0,0,0,0,0,0,0
127,0,0,0,0,0,0,0,0,0,0,-26.013179,-30.844331,0.000000,0.000000,0.000000,0.000000,0.000000,0.000000,0.000000,0.000000,13621,14436,0,0,0,0,0,0,0,0
128,0,0,0,0,0,0,0,0,0,0,-40.140339,-83.328744,-61.505561,0.000000,0.000000,0.000000,0.000000,0.000000,0.000000,0.000000,22226,15857,16092,0,0,0,0,0,0,0
129,0,0,0,0,0,0,0,0,0,0,-28.048188,-35.262441,0.000000,0.000000,0.000000,0.000000,0.000000,0.000000,0.000000,0.000000,20204,18140,0,0,0,0,0,0,0,0
130,0,0,0,0,0,0,0,0,0,0,-104.964734,-32.306768,-61.153958,0.000000,0.000000,0.000000,0.000000,0.000000,0.000000,0.000000,25958,32331,24958,0,0,0,0,0,0,0
131,0,0,0,0,0,0,0,0,0,0,-79.301058,-61.328656,-95.398762,0.000000,0.000000,0.000000,0.000000,0.000000,0.000000,0.000000,16227,20849,18937,0,0,0,0,0,0,0
132,0,0,0,0,0,0,0,0,0,0,-63.450198,-82.834765,0.000000,0.000000,0.000000,0.000000,0.000000,0.000000,0.000000,0.000000,22762,16757,0,0,0,0,0,0,0,0
133,0,0,0,0,0,0,0,0,0,0,-138.964314,-20.172415,0.000000,0.000000,0.000000,0.000000,0.000000,0.000000,0.000000,0.000000,10973,14210,0,0,0,0,0,0,0,0
134,0,0,0,0,0,0,0,0,0,0,-316.974043,-240.042484,0.000000,0.000000,0.000000,0.000000,0.000000,0.000000,0.000000,0.000000,1402,1689,0,0,0,0,0,0,0,0
135,0,0,0,0,0,0,0,0,0,0,-97.395969,-35.620210,-175.943183,0.000000,0.000000,0.000000,0.000000,0.000000,0.000000,0.000000,13728,20181,13557,0,0,0,0,0,0,0
136,0,0,0,0,0,0,0,0,0,0,-31.279900,-51.697426,0.000000,0.000000,0.000000,0.000000,0.000000,0.000000,0.000000,0.000000,30686,30926,0,0,0,0,0,0,0,0
137,0,0,0,0,0,0,0,0,0,0,-106.338342,-22.828702,-77.831271,0.000000,0.000000,0.000000,0.000000,0.000000,0.000000,0.000000,15183,21952,14496,0,0,0,0,0,0,0
138,0,0,0,0,0,0,0,0,0,0,-69.241108,-41.414518,-69.957034,0.000000,0.000000,0.000000,0.000000,0.000000,0.000000,0.000000,13683,17395,14534,0,0,0,0,0,0,0
139,0,0,0,0,0,0,0,0,0,0,-57.227225,-122.064835,-118.564970,0.000000,0.000000,0.000000,0.000000,0.000000,0.000000,0.000000,22165,14758,15028,0,0,0,0,0,0,0
140,0,0,0,0,0,0,0,0,0,0,-80.798253,-51.770882,0.000000,0.000000,0.000000,0.000000,0.000000,0.000000,0.000000,0.000000,27972,32117,0,0,0,0,0,0,0,0
141,0,0,0,0,0,0,0,0,0,0,-20.639148,-64.482542,0.000000,0.000000,0.000000,0.000000,0.000000,0.000000,0.000000,0.000000,21655,15961,0,0,0,0,0,0,0,0
142,0,0,0,0,0,0,0,0,0,0,-49.954800,-26.515320,0.000000,0.000000,0.000000,0.000000,0.000000,0.000000,0.000000,0.000000,28478,34638,0,0,0,0,0,0,0,0
143,0,0,0,0,0,0,0,0,0,0,-47.406476,-35.840430,0.000000,0.000000,0.000000,0.000000,0.000000,0.000000,0.000000,0.000000,29215,24100,0,0,0,0,0,0,0,0
144,0,0,0,0,0,0,0,0,0,0,-89.258420,-64.227700,0.000000,0.000000,0.000000,0.000000,0.000000,0.000000,0.000000,0.000000,14690,19651,0,0,0,0,0,0,0,0
145,0,0,0,0,0,0,0,0,0,0,-35.482083,-42.536393,-43.321965,0.000000,0.000000,0.000000,0.000000,0.000000,0.000000,0.000000,34657,26789,27895,0,0,0,0,0,0,0
146,0,0,0,0,0,0,0,0,0,0,-22.154456,-28.349334,0.000000,0.000000,0.000000,0.000000,0.000000,0.000000,0.000000,0.000000,24187,19609,0,0,0,0,0,0,0,0
147,0,0,0,0,0,0,0,0,0,0,-22.545113,0.000000,0.000000,0.000000,0.000000,0.000000,0.000000,0.000000,0.000000,0.000000,38702,0,0,0,0,0,0,0,0,0
148,0,0,0,0,0,0,0,0,0,0,-33.066497,-85.230477,0.000000,0.000000,0.000000,0.000000,0.000000,0.000000,0.000000,0.000000,26174,18889,0,0,0,0,0,0,0,0
149,0,0,0,0,0,0,0,0,0,0,100000.000000,0.000000,0.000000,0.000000,0.000000,0.000000,0.000000,0.000000,0.000000,0.000000,6545,0,0,0,0,0,0,0,0,0
150,0,0,0,0,0,0,0,0,0,0,-103.131840,-48.806633,0.000000,0.000000,0.000000,0.000000,0.000000,0.000000,0.000000,0.000000,27094,23896,0,0,0,0,0,0,0,0
151,0,0,0,0,0,0,0,0,0,0,-53.539802,-25.318644,-83.546920,0.000000,0.000000,0.000000,0.000000,0.000000,0.000000,0.000000,13187,18633,12723,0,0,0,0,0,0,0
152,0,0,0,0,0,0,0,0,0,0,-57.621864,-23.646009,0.000000,0.000000,0.000000,0.000000,0.000000,0.000000,0.000000,0.000000,26644,32705,0,0,0,0,0,0,0,0
153,0,0,0,0,0,0,0,0,0,0,-37.765764,0.000000,0.000000,0.000000,0.000000,0.000000,0.000000,0.000000,0.000000,0.000000,26427,0,0,0,0,0,0,0,0,0
154,0,0,0,0,0,0,0,0,0,0,-58.525253,-137.019775,-64.498026,0.000000,0.000000,0.000000,0.000000,0.000000,0.000000,0.000000,19684,13212,13398,0,0,0,0,0,0,0
155,0,0,0,0,0,0,0,0,0,0,-110.620087,-26.704707,-72.027665,-40.706226,0.000000,0.000000,0.000000,0.000000,0.000000,0.000000,20836,25784,21898,29511,0,0,0,0,0,0
156,0,0,0,0,0,0,0,0,0,0,-84.131086,-132.841782,-48.658575,0.000000,0.000000,0.000000,0.000000,0.000000,0.000000,0.000000,19413,19321,26171,0,0,0,0,0,0,0
157,0,0,0,0,0,0,0,0,0,0,-98.348554,-72.079116,-31.529170,0.000000,0.000000,0.000000,0.000000,0.000000,0.000000,0.000000,19243,19608,25742,0,0,0,0,0,0,0
158,0,0,0,0,0,0,0,0,0,0,-36.299612,-69.124439,0.000000,0.000000,0.000000,0.000000,0.000000,0.000000,0.000000,0.000000,30450,24856,0,0,0,0,0,0,0,0
159,0,0,0,0,0,0,0,0,0,0,-33.358757,-93.550462,-82.226045,0.000000,0.000000,0.000000,0.000000,0.000000,0.000000,0.000000,17987,16173,21923,0,0,0,0,0,0,0
160,0,0,0,0,0,0,0,0,0,0,-93.364367,-135.921762,0.000000,0.000000,0.000000,0.000000,0.000000,0.000000,0.000000,0.000000,21718,20113,0,0,0,0,0,0,0,0
161,0,0,0,0,0,0,0,0,0,0,-130.908454,-83.204924,-287.351678,0.000000,0.000000,0.000000,0.000000,0.000000,0.000000,0.000000,2437,2539,1946,0,0,0,0,0,0,0
162,0,0,0,0,0,0,0,0,0,0,-36.058304,-24.038919,0.000000,0.000000,0.000000,0.000000,0.000000,0.000000,0.000000,0.000000,26236,34141,0,0,0,0,0,0,0,0
163,0,0,0,0,0,0,0,0,0,0,-90.455940,-44.357578,-69.253181,0.000000,0.000000,0.000000,0.000000,0.000000,0.000000,0.000000,13844,19023,13526,0,0,0,0,0,0,0
164,0,0,0,0,0,0,0,0,0,0,-155.161663,-112.718557,-153.188106,0.000000,0.000000,0.000000,0.000000,0.000000,0.000000,0.000000,12461,12547,17852,0,0,0,0,0,0,0
165,0,0,0,0,0,0,0,0,0,0,-83.423203,-27.967895,0.000000,0.000000,0.000000,0.000000,0.000000,0.000000,0.000000,0.000000,15846,14669,0,0,0,0,0,0,0,0
166,0,0,0,0,0,0,0,0,0,0,-18.583786,-48.189131,-61.533297,0.000000,0.000000,0.000000,0.000000,0.000000,0.000000,0.000000,37795,26994,26516,0,0,0,0,0,0,0
167,0,0,0,0,0,0,0,0,0,0,-31.939039,-88.110794,-65.167164,0.000000,0.000000,0.000000,0.000000,0.000000,0.000000,0.000000,23100,18422,19845,0,0,0,0,0,0,0
168,0,0,0,0,0,0,0,0,0,0,-88.408168,-34.547197,-37.502745,0.000000,0.000000,0.000000,0.000000,0.000000,0.000000,0.000000,16308,19329,21551,0,0,0,0,0,0,0
169,0,0,0,0,0,0,0,0,0,0,-39.624030,-54.369047,0.000000,0.000000,0.000000,0.000000,0.000000,0.000000,0.000000,0.000000,19089,20892,0,0,0,0,0,0,0,0
170,0,0,0,0,0,0,0,0,0,0,-23.525496,-73.504100,-34.084212,-113.147332,0.000000,0.000000,0.000000,0.000000,0.000000,0.000000,26425,30718,22493,21846,0,0,0,0,0,0
171,0,0,0,0,0,0,0,0,0,0,-28.111584,-32.207236,-52.229182,0.000000,0.000000,0.000000,0.000000,0.000000,0.000000,0.000000,40323,29418,28233,0,0,0,0,0,0,0
172,0,0,0,0,0,0,0,0,0,0,-78.212402,-24.787780,-133.889726,0.000000,0.000000,0.000000,0.000000,0.000000,0.000000,0.000000,21119,29562,20910,0,0,0,0,0,0,0
173,0,0,0,0,0,0,0,0,0,0,-142.333964,-68.908288,0.000000,0.000000,0.000000,0.000000,0.000000,0.000000,0.000000,0.000000,9767,12232,0,0,0,0,0,0,0,0
174,0,0,0,0,0,0,0,0,0,0,-39.630093,-63.405050,-95.452038,0.000000,0.000000,0.000000,0.000000,0.000000,0.000000,0.000000,28084,23046,20548,0,0,0,0,0,0,0
175,0,0,0,0,0,0,0,0,0,0,-25.215542,-82.256668,0.000000,0.000000,0.000000,0.000000,0.000000,0.000000,0.000000,0.000000,31307,27424,0,0,0,0,0,0,0,0
176,0,0,0,0,0,0,0,0,0,0,-125.821630,-172.026734,-63.460010,-120.515394,-50.715865,0.000000,0.000000,0.000000,0.000000,0.000000,13320,13681,17968,18428,14043,0,0,0,0,0
177,0,0,0,0,0,0,0,0,0,0,-171.917154,-47.904514,-78.948293,0.000000,0.000000,0.000000,0.000000,0.000000,0.000000,0.000000,14819,22245,14719,0,0,0,0,0,0,0
178,0,0,0,0,0,0,0,0,0,0,-26.448230,0.000000,0.000000,0.000000,0.000000,0.000000,0.000000,0.000000,0.000000,0.000000,16065,0,0,0,0,0,0,0,0,0
179,0,0,0,0,0,0,0,0,0,0,-74.089699,-85.124738,-24.593229,0.000000,0.000000,0.000000,0.000000,0.000000,0.000000,0.000000,14216,14852,20174,0,0,0,0,0,0,0
180,0,0,0,0,0,0,0,0,0,0,-21.086973,0.000000,0.000000,0.000000,0.000000,0.000000,0.000000,0.000000,0.000000,0.000000,38114,0,0,0,0,0,0,0,0,0
181,0,0,0,0,0,0,0,0,0,0,-82.240222,0.000000,0.000000,0.000000,0.000000,0.000000,0.000000,0.000000,0.000000,0.000000,1023,0,0,0,0,0,0,0,0,0
182,0,0,0,0,0,0,0,0,0,0,-25.466839,-44.888765,-74.018440,0.000000,0.000000,0.000000,0.000000,0.000000,0.000000,0.000000,19220,14592,13946,0,0,0,0,0,0,0
183,0,0,0,0,0,0,0,0,0,0,-37.060408,-64.727923,-35.429810,0.000000,0.000000,0.000000,0.000000,0.000000,0.000000,0.000000,23111,18690,22380,0,0,0,0,0,0,0
184,0,0,0,0,0,0,0,0,0,0,-49.478205,-39.036924,0.000000,0.000000,0.000000,0.000000,0.000000,0.000000,0.000000,0.000000,29112,39349,0,0,0,0,0,0,0,0
185,0,0,0,0,0,0,0,0,0,0,-44.954066,-48.214081,0.000000,0.000000,0.000000,0.000000,0.000000,0.000000,0.000000,0.000000,22856,18763,0,0,0,0,0,0,0,0
186,0,0,0,0,0,0,0,0,0,0,-53.557265,-22.269408,0.000000,0.000000,0.000000,0.000000,0.000000,0.000000,0.000000,0.000000,21987,18021,0,0,0,0,0,0,0,0
187,0,0,0,0,0,0,0,0,0,0,-40.976061,-67.921031,0.000000,0.000000,0.000000,0.000000,0.000000,0.000000,0.000000,0.000000,23531,17814,0,0,0,0,0,0,0,0
188,0,0,0,0,0,0,0,0,0,0,-52.210596,-23.753553,0.000000,0.000000,0.000000,0.000000,0.000000,0.000000,0.000000,0.000000,27408,31629,0,0,0,0,0,0,0,0
189,0,0,0,0,0,0,0,0,0,0,-64.742881,-26.279311,-26.869149,-56.411836,0.000000,0.000000,0.000000,0.000000,0.000000,0.000000,11931,15095,13835,14396,0,0,0,0,0,0
190,0,0,0,0,0,0,0,0,0,0,-82.415873,-27.143640,-69.697785,-33.274455,0.000000,0.000000,0.000000,0.000000,0.000000,0.000000,19180,27854,19182,21683,0,0,0,0,0,0
191,0,0,0,0,0,0,0,0,0,0,-50.483924,-65.842041,-39.287472,0.000000,0.000000,0.000000,0.000000,0.000000,0.000000,0.000000,25532,28282,31311,0,0,0,0,0,0,0
192,0,0,0,0,0,0,0,0,0,0,-47.474459,-117.636632,-155.893271,0.000000,0.000000,0.000000,0.000000,0.000000,0.000000,0.000000,19486,23393,17575,0,0,0,0,0,0,0
193,0,0,0,0,0,0,0,0,0,0,-96.642475,-103.740726,-28.586191,0.000000,0.000000,0.000000,0.000000,0.000000,0.000000,0.000000,22971,23716,30750,0,0,0,0,0,0,0
194,0,0,0,0,0,0,0,0,0,0,-21.356582,-74.033517,0.000000,0.000000,0.000000,0.000000,0.000000,0.000000,0.000000,0.000000,15157,12494,0,0,0,0,0,0,0,0
195,0,0,0,0,0,0,0,0,0,0,-71.362434,-25.133809,-79.649891,0.000000,0.000000,0.000000,0.000000,0.000000,0.000000,0.000000,22982,32578,22559,0,0,0,0,0,0,0
196,0,0,0,0,0,0,0,0,0,0,-20.520031,-33.707978,0.000000,0.000000,0.000000,0.000000,0.000000,0.000000,0.000000,0.000000,39161,32277,0,0,0,0,0,0,0,0
197,0,0,0,0,0,0,0,0,0,0,-161.592822,-103.411730,-86.292198,0.000000,0.000000,0.000000,0.000000,0.000000,0.000000,0.000000,11291,11944,14771,0,0,0,0,0,0,0
198,0,0,0,0,0,0,0,0,0,0,-113.230190,-53.272301,0.000000,0.000000,0.000000,0.000000,0.000000,0.000000,0.000000,0.000000,18239,23217,0,0,0,0,0,0,0,0
199,0,0,0,0,0,0,0,0,0,0,-71.412275,-47.150761,-52.250529,0.000000,0.000000,0.000000,0.000000,0.000000,0.000000,0.000000,1259,1447,1039,0,0,0,0,0,0,0
200,0,0,0,0,0,0,0,0,0,0,-57.367766,-26.569307,0.000000,0.000000,0.000000,0.000000,0.000000,0.000000,0.000000,0.000000,24154,19992,0,0,0,0,0,0,0,0
201,0,0,0,0,0,0,0,0,0,0,-74.344467,-104.456713,-78.015823,0.000000,0.000000,0.000000,0.000000,0.000000,0.000000,0.000000,21901,18341,20426,0,0,0,0,0,0,0
202,0,0,0,0,0,0,0,0,0,0,-71.581423,-94.496863,0.000000,0.000000,0.000000,0.000000,0.000000,0.000000,0.000000,0.000000,27982,24003,0,0,0,0,0,0,0,0
203,0,0,0,0,0,0,0,0,0,0,-80.077599,0.000000,0.000000,0.000000,0.000000,0.000000,0.000000,0.000000,0.000000,0.000000,653,0,0,0,0,0,0,0,0,0
204,0,0,0,0,0,0,0,0,0,0,-36.264760,-84.155861,0.000000,0.000000,0.000000,0.000000,0.000000,0.000000,0.000000,0.000000,30566,23207,0,0,0,0,0,0,0,0
205,0,0,0,0,0,0,0,0,0,0,-33.621526,-81.311198,0.000000,0.000000,0.000000,0.000000,0.000000,0.000000,0.000000,0.000000,26594,29406,0,0,0,0,0,0,0,0
206,0,0,0,0,0,0,0,0,0,0,-37.058667,-21.342755,-58.563947,0.000000,0.000000,0.000000,0.000000,0.000000,0.000000,0.000000,28875,37224,27601,0,0,0,0,0,0,0
207,0,0,0,0,0,0,0,0,0,0,-153.503324,-72.203823,0.000000,0.000000,0.000000,0.000000,0.000000,0.000000,0.000000,0.000000,10487,14011,0,0,0,0,0,0,0,0
208,0,0,0,0,0,0,0,0,0,0,-100.555025,-39.010732,-35.656412,0.000000,0.000000,0.000000,0.000000,0.000000,0.000000,0.000000,21333,25124,25128,0,0,0,0,0,0,0
209,0,0,0,0,0,0,0,0,0,0,-86.854897,-168.668825,-128.839516,0.000000,0.000000,0.000000,0.000000,0.000000,0.000000,0.000000,14268,10620,11223,0,0,0,0,0,0,0
210,0,0,0,0,0,0,0,0,0,0,-95.710545,-114.827257,-147.809302,0.000000,0.000000,0.000000,0.000000,0.000000,0.000000,0.000000,17255,12325,12526,0,0,0,0,0,0,0
211,0,0,0,0,0,0,0,0,0,0,-69.870095,-74.479359,-42.603775,0.000000,0.000000,0.000000,0.000000,0.000000,0.000000,0.000000,13139,12281,16167,0,0,0,0,0,0,0
212,0,0,0,0,0,0,0,0,0,0,-31.514232,-26.571888,0.000000,0.000000,0.000000,0.000000,0.000000,0.000000,0.000000,0.000000,21397,25023,0,0,0,0,0,0,0,0
213,0,0,0,0,0,0,0,0,0,0,-28.298464,-61.117927,0.000000,0.000000,0.000000,0.000000,0.000000,0.000000,0.000000,0.000000,29018,29024,0,0,0,0,0,0,0,0
214,0,0,0,0,0,0,0,0,0,0,-122.752253,-142.175353,0.000000,0.000000,0.000000,0.000000,0.000000,0.000000,0.000000,0.000000,12179,13808,0,0,0,0,0,0,0,0
215,0,0,0,0,0,0,0,0,0,0,-32.082101,-47.743499,0.000000,0.000000,0.000000,0.000000,0.000000,0.000000,0.000000,0.000000,32727,27367,0,0,0,0,0,0,0,0
216,0,0,0,0,0,0,0,0,0,0,-77.787281,-85.426948,-119.007159,0.000000,0.000000,0.000000,0.000000,0.000000,0.000000,0.000000,18794,16833,15068,0,0,0,0,0,0,0
217,0,0,0,0,0,0,0,0,0,0,-75.415169,-22.739531,0.000000,0.000000,0.000000,0.000000,0.000000,0.000000,0.000000,0.000000,12134,15451,0,0,0,0,0,0,0,0
218,0,0,0,0,0,0,0,0,0,0,-75.748440,-160.768154,0.000000,0.000000,0.000000,0.000000,0.000000,0.000000,0.000000,0.000000,15883,12214,0,0,0,0,0,0,0,0
219,0,0,0,0,0,0,0,0,0,0,-209.402617,0.000000,0.000000,0.000000,0.000000,0.000000,0.000000,0.000000,0.000000,0.000000,10272,0,0,0,0,0,0,0,0,0
220,0,0,0,0,0,0,0,0,0,0,-78.331683,-31.772863,-78.712951,0.000000,0.000000,0.000000,0.000000,0.000000,0.000000,0.000000,14355,18804,17901,0,0,0,0,0,0,0
221,0,0,0,0,0,0,0,0,0,0,-275.164643,-125.546116,-72.393881,0.000000,0.000000,0.000000,0.000000,0.000000,0.000000,0.000000,2108,2609,2593,0,0,0,0,0,0,0
222,0,0,0,0,0,0,0,0,0,0,-35.210403,-37.760739,-311.070100,-32.239135,0.000000,0.000000,0.000000,0.000000,0.000000,0.000000,953,1108,878,1131,0,0,0,0,0,0
223,0,0,0,0,0,0,0,0,0,0,-194.774578,-52.760198,0.000000,0.000000,0.000000,0.000000,0.000000,0.000000,0.000000,0.000000,642,873,0,0,0,0,0,0,0,0
224,0,0,0,0,0,0,0,0,0,0,-111.506679,-86.882818,-43.363108,0.000000,0.000000,0.000000,0.000000,0.000000,0.000000,0.000000,1126,1181,950,0,0,0,0,0,0,0
225,0,0,0,0,0,0,0,0,0,0,-156.856447,0.000000,0.000000,0.000000,0.000000,0.000000,0.000000,0.000000,0.000000,0.000000,610,0,0,0,0,0,0,0,0,0
226,0,0,0,0,0,0,0,0,0,0,-74.884064,-44.184635,-29.678858,0.000000,0.000000,0.000000,0.000000,0.000000,0.000000,0.000000,844,1000,1084,0,0,0,0,0,0,0
227,0,0,0,0,0,0,0,0,0,0,-362.162036,-48.546285,0.000000,0.000000,0.000000,0.000000,0.000000,0.000000,0.000000,0.000000,702,946,0,0,0,0,0,0,0,0
228,0,0,0,0,0,0,0,0,0,0,-175.738524,-138.924356,0.000000,0.000000,0.000000,0.000000,0.000000,0.000000,0.000000,0.000000,2437,2874,0,0,0,0,0,0,0,0
229,0,0,0,0,0,0,0,0,0,0,-71.424866,-247.875017,-37.289211,0.000000,0.000000,0.000000,0.000000,0.000000,0.000000,0.000000,1371,1172,1546,0,0,0,0,0,0,0
230,0,0,0,0,0,0,0,0,0,0,-194.857650,0.000000,0.000000,0.000000,0.000000,0.000000,0.000000,0.000000,0.000000,0.000000,1944,0,0,0,0,0,0,0,0,0
231,0,0,0,0,0,0,0,0,0,0,-112.189660,-85.859686,-55.829491,0.000000,0.000000,0.000000,0.000000,0.000000,0.000000,0.000000,909,682,738,0,0,0,0,0,0,0
232,0,0,0,0,0,0,0,0,0,0,-20.618738,-40.296291,0.000000,0.000000,0.000000,0.000000,0.000000,0.000000,0.000000,0.000000,1576,1211,0,0,0,0,0,0,0,0
233,0,0,0,0,0,0,0,0,0,0,-40.051426,0.000000,0.000000,0.000000,0.000000,0.000000,0.000000,0.000000,0.000000,0.000000,29712,0,0,0,0,0,0,0,0,0
234,0,0,0,0,0,0,0,0,0,0,-136.277234,0.000000,0.000000,0.000000,0.000000,0.000000,0.000000,0.000000,0.000000,0.000000,18747,0,0,0,0,0,0,0,0,0
235,0,0,0,0,0,0,0,0,0,0,-32.503529,0.000000,0.000000,0.000000,0.000000,0.000000,0.000000,0.000000,0.000000,0.000000,31701,0,0,0,0,0,0,0,0,0
236,0,0,0,0,0,0,0,0,0,0,-45.546599,0.000000,0.000000,0.000000,0.000000,0.000000,0.000000,0.000000,0.000000,0.000000,22330,0,0,0,0,0,0,0,0,0
237,0,0,0,0,0,0,0,0,0,0,-111.139635,0.000000,0.000000,0.000000,0.000000,0.000000,0.000000,0.000000,0.000000,0.000000,895,0,0,0,0,0,0,0,0,0
238,0,0,0,0,0,0,0,0,0,0,0.000000,0.000000,0.000000,0.000000,0.000000,0.000000,0.000000,0.000000,0.000000,0.000000,0,0,0,0,0,0,0,0,0,0
239,0,0,0,0,0,0,0,0,0,0,-25.408671,0.000000,0.000000,0.000000,0.000000,0.000000,0.000000,0.000000,0.000000,0.000000,33051,0,0,0,0,0,0,0,0,0
240,0,0,0,0,0,0,0,0,0,0,-108.025660,0.000000,0.000000,0.000000,0.000000,0.000000,0.000000,0.000000,0.000000,0.000000,21891,0,0,0,0,0,0,0,0,0
175,1,0,0,0,0,0,0,0,0,0,-22.295640,-54.615917,0.000000,0.000000,0.000000,0.000000,0.000000,0.000000,0.000000,0.000000,5249,3589,0,0,0,0,0,0,0,0
188,0,1,0,0,0,0,0,0,0,0,-52.201977,-22.871866,0.000000,0.000000,0.000000,0.000000,0.000000,0.000000,0.000000,0.000000,2984,5322,0,0,0,0,0,0,0,0
154,1,0,0,0,0,0,0,0,0,0,-17.024082,-39.792890,-36.241503,0.000000,0.000000,0.000000,0.000000,0.000000,0.000000,0.000000,40,12,17,0,0,0,0,0,0,0
187,0,1,0,0,0,0,0,0,0,0,-21.860780,-31.950486,0.000000,0.000000,0.000000,0.000000,0.000000,0.000000,0.000000,0.000000,39,45,0,0,0,0,0,0,0,0
25,0,0,1,0,0,0,0,0,0,0,-86.032426,-69.016741,-25.320727,0.000000,0.000000,0.000000,0.000000,0.000000,0.000000,0.000000,64,62,177,0,0,0,0,0,0,0
205,1,0,0,0,0,0,0,0,0,0,-32.640759,-28.189325,0.000000,0.000000,0.000000,0.000000,0.000000,0.000000,0.000000,0.000000,103,173,0,0,0,0,0,0,0,0
179,0,0,1,0,0,0,0,0,0,0,-47.067088,-35.189733,-22.074933,0.000000,0.000000,0.000000,0.000000,0.000000,0.000000,0.000000,20,31,55,0,0,0,0,0,0,0
215,1,0,0,0,0,0,0,0,0,0,-45.023624,-35.916233,0.000000,0.000000,0.000000,0.000000,0.000000,0.000000,0.000000,0.000000,16,33,0,0,0,0,0,0,0,0
130,0,1,0,0,0,0,0,0,0,0,-26.074973,-295.349096,-113.813481,0.000000,0.000000,0.000000,0.000000,0.000000,0.000000,0.000000,12,42,15,0,0,0,0,0,0,0
143,1,0,0,0,0,0,0,0,0,0,-25.770997,-39.217104,0.000000,0.000000,0.000000,0.000000,0.000000,0.000000,0.000000,0.000000,375,304,0,0,0,0,0,0,0,0
51,0,0,1,0,0,0,0,0,0,0,-30.941880,-83.779016,-22.275265,-31.960563,0.000000,0.000000,0.000000,0.000000,0.000000,0.000000,123,115,401,114,0,0,0,0,0,0
188,0,2,0,0,0,0,0,0,0,0,-118.520139,-115.912425,0.000000,0.000000,0.000000,0.000000,0.000000,0.000000,0.000000,0.000000,859,790,0,0,0,0,0,0,0,0
175,2,0,0,0,0,0,0,0,0,0,-80.158950,-84.316786,0.000000,0.000000,0.000000,0.000000,0.000000,0.000000,0.000000,0.000000,899,705,0,0,0,0,0,0,0,0
190,0,1,0,0,0,0,0,0,0,0,-33.943252,-16.499298,-49.633416,-17.347814,0.000000,0.000000,0.000000,0.000000,0.000000,0.000000,12,19,25,17,0,0,0,0,0,0
155,0,1,0,0,0,0,0,0,0,0,-30.119609,-16.852229,-25.270687,-16.146982,0.000000,0.000000,0.000000,0.000000,0.000000,0.000000,10,19,18,18,0,0,0,0,0,0
124,0,1,0,0,0,0,0,0,0,0,-71.461681,-20.803525,0.000000,0.000000,0.000000,0.000000,0.000000,0.000000,0.000000,0.000000,980,2241,0,0,0,0,0,0,0,0
196,1,0,0,0,0,0,0,0,0,0,-33.506577,-34.302741,0.000000,0.000000,0.000000,0.000000,0.000000,0.000000,0.000000,0.000000,2323,1069,0,0,0,0,0,0,0,0
85,1,0,0,0,0,0,0,0,0,0,-42.360755,-38.943637,-69.313408,0.000000,0.000000,0.000000,0.000000,0.000000,0.000000,0.000000,58,89,47,0,0,0,0,0,0,0
88,0,0,0,1,0,0,0,0,0,0,-35.678379,-34.645254,-59.613866,-44.966466,0.000000,0.000000,0.000000,0.000000,0.000000,0.000000,47,27,35,75,0,0,0,0,0,0
78,0,1,0,0,0,0,0,0,0,0,-59.763343,-22.843552,-65.604675,-42.138426,0.000000,0.000000,0.000000,0.000000,0.000000,0.000000,140,584,152,130,0,0,0,0,0,0
185,1,0,0,0,0,0,0,0,0,0,-56.118415,-40.597708,0.000000,0.000000,0.000000,0.000000,0.000000,0.000000,0.000000,0.000000,615,248,0,0,0,0,0,0,0,0
206,0,1,0,0,0,0,0,0,0,0,-88.015464,-105.689460,-118.949084,0.000000,0.000000,0.000000,0.000000,0.000000,0.000000,0.000000,3107,6556,2640,0,0,0,0,0,0,0
147,1,0,0,0,0,0,0,0,0,0,-97.326357,0.000000,0.000000,0.000000,0.000000,0.000000,0.000000,0.000000,0.000000,0.000000,7417,0,0,0,0,0,0,0,0,0
166,1,0,0,0,0,0,0,0,0,0,-37.327644,-52.483321,-63.071787,0.000000,0.000000,0.000000,0.000000,0.000000,0.000000,0.000000,9276,3651,3525,0,0,0,0,0,0,0
180,1,0,0,0,0,0,0,0,0,0,-63.220002,0.000000,0.000000,0.000000,0.000000,0.000000,0.000000,0.000000,0.000000,0.000000,10103,0,0,0,0,0,0,0,0,0
171,1,0,0,0,0,0,0,0,0,0,-32.510088,-33.782249,-86.948467,0.000000,0.000000,0.000000,0.000000,0.000000,0.000000,0.000000,2644,1763,1212,0,0,0,0,0,0,0
184,0,1,0,0,0,0,0,0,0,0,-49.530556,-30.803100,0.000000,0.000000,0.000000,0.000000,0.000000,0.000000,0.000000,0.000000,1461,3070,0,0,0,0,0,0,0,0
239,1,0,0,0,0,0,0,0,0,0,-23.500721,0.000000,0.000000,0.000000,0.000000,0.000000,0.000000,0.000000,0.000000,0.000000,760,0,0,0,0,0,0,0,0,0
123,0,0,1,0,0,0,0,0,0,0,-47.102658,-74.316223,-19.822651,0.000000,0.000000,0.000000,0.000000,0.000000,0.000000,0.000000,235,250,593,0,0,0,0,0,0,0
42,0,1,0,0,0,0,0,0,0,0,-45.307976,-24.675356,-28.099530,0.000000,0.000000,0.000000,0.000000,0.000000,0.000000,0.000000,19,20,28,0,0,0,0,0,0,0
38,1,0,0,0,0,0,0,0,0,0,-24.434136,-34.745100,-28.578423,0.000000,0.000000,0.000000,0.000000,0.000000,0.000000,0.000000,19,14,26,0,0,0,0,0,0,0
155,0,0,0,1,0,0,0,0,0,0,-90.723280,-26.567950,-43.579132,-30.306739,0.000000,0.000000,0.000000,0.000000,0.000000,0.000000,188,277,193,631,0,0,0,0,0,0
122,1,0,0,0,0,0,0,0,0,0,-30.944580,-28.393270,-74.032937,-73.443915,0.000000,0.000000,0.000000,0.000000,0.000000,0.000000,264,687,193,180,0,0,0,0,0,0
169,1,0,0,0,0,0,0,0,0,0,-32.013497,-23.546013,0.000000,0.000000,0.000000,0.000000,0.000000,0.000000,0.000000,0.000000,52,48,0,0,0,0,0,0,0,0
113,1,0,0,0,0,0,0,0,0,0,-25.881885,-74.352939,-27.467566,0.000000,0.000000,0.000000,0.000000,0.000000,0.000000,0.000000,107,53,66,0,0,0,0,0,0,0
174,1,0,0,0,0,0,0,0,0,0,-28.904817,-30.709518,-73.842950,0.000000,0.000000,0.000000,0.000000,0.000000,0.000000,0.000000,85,95,59,0,0,0,0,0,0,0
99,0,0,1,0,0,0,0,0,0,0,-77.677479,-36.782674,-35.560730,-32.319913,0.000000,0.000000,0.000000,0.000000,0.000000,0.000000,49,102,36,47,0,0,0,0,0,0
92,1,0,0,0,0,0,0,0,0,0,-45.492450,-69.908226,-33.983288,0.000000,0.000000,0.000000,0.000000,0.000000,0.000000,0.000000,119,40,45,0,0,0,0,0,0,0
32,1,0,0,0,0,0,0,0,0,0,-51.860870,-45.237522,-83.109395,-40.488077,0.000000,0.000000,0.000000,0.000000,0.000000,0.000000,868,314,296,499,0,0,0,0,0,0
41,0,0,1,0,0,0,0,0,0,0,-43.482823,-79.197543,-46.668521,0.000000,0.000000,0.000000,0.000000,0.000000,0.000000,0.000000,565,350,827,0,0,0,0,0,0,0
175,0,1,0,0,0,0,0,0,0,0,-36.682803,-47.543501,0.000000,0.000000,0.000000,0.000000,0.000000,0.000000,0.000000,0.000000,132,167,0,0,0,0,0,0,0,0
191,0,0,1,0,0,0,0,0,0,0,-57.271477,-42.823284,-39.668587,0.000000,0.000000,0.000000,0.000000,0.000000,0.000000,0.000000,73,97,179,0,0,0,0,0,0,0
235,1,0,0,0,0,0,0,0,0,0,-32.166944,0.000000,0.000000,0.000000,0.000000,0.000000,0.000000,0.000000,0.000000,0.000000,701,0,0,0,0,0,0,0,0,0
170,0,1,0,0,0,0,0,0,0,0,-49.981032,-40.481526,-34.864248,-121.206974,0.000000,0.000000,0.000000,0.000000,0.000000,0.000000,413,270,312,314,0,0,0,0,0,0
193,0,0,1,0,0,0,0,0,0,0,-52.783734,-48.250644,-32.184123,0.000000,0.000000,0.000000,0.000000,0.000000,0.000000,0.000000,97,83,180,0,0,0,0,0,0,0
21,0,1,0,0,0,0,0,0,0,0,-28.739514,-31.024026,-30.872549,0.000000,0.000000,0.000000,0.000000,0.000000,0.000000,0.000000,22,29,70,0,0,0,0,0,0,0
136,0,1,0,0,0,0,0,0,0,0,-32.942680,-31.054228,0.000000,0.000000,0.000000,0.000000,0.000000,0.000000,0.000000,0.000000,422,980,0,0,0,0,0,0,0,0
96,0,1,0,0,0,0,0,0,0,0,-57.011266,-44.267808,-45.979827,0.000000,0.000000,0.000000,0.000000,0.000000,0.000000,0.000000,116,130,386,0,0,0,0,0,0,0
99,0,0,0,1,0,0,0,0,0,0,-81.579646,-35.338710,-36.889189,-44.728654,0.000000,0.000000,0.000000,0.000000,0.000000,0.000000,82,83,87,276,0,0,0,0,0,0
96,1,0,0,0,0,0,0,0,0,0,-36.879096,-19.591400,-21.356961,0.000000,0.000000,0.000000,0.000000,0.000000,0.000000,0.000000,18,16,17,0,0,0,0,0,0,0
97,0,0,1,0,0,0,0,0,0,0,-18.259839,-22.320048,-65.051954,0.000000,0.000000,0.000000,0.000000,0.000000,0.000000,0.000000,17,19,21,0,0,0,0,0,0,0
204,1,0,0,0,0,0,0,0,0,0,-32.436742,-137.123902,0.000000,0.000000,0.000000,0.000000,0.000000,0.000000,0.000000,0.000000,59,179,0,0,0,0,0,0,0,0
171,0,1,0,0,0,0,0,0,0,0,-26.665748,-35.626341,-50.204564,0.000000,0.000000,0.000000,0.000000,0.000000,0.000000,0.000000,136,138,75,0,0,0,0,0,0,0
195,0,1,0,0,0,0,0,0,0,0,-76.389996,-38.114541,-138.181305,0.000000,0.000000,0.000000,0.000000,0.000000,0.000000,0.000000,353,1123,389,0,0,0,0,0,0,0
86,1,0,0,0,0,0,0,0,0,0,-45.445163,-39.786097,-62.791299,0.000000,0.000000,0.000000,0.000000,0.000000,0.000000,0.000000,311,296,282,0,0,0,0,0,0,0
93,0,1,0,0,0,0,0,0,0,0,-65.954841,-41.613737,-35.696354,0.000000,0.000000,0.000000,0.000000,0.000000,0.000000,0.000000,257,250,318,0,0,0,0,0,0,0
34,1,0,0,0,0,0,0,0,0,0,-35.334186,-37.905452,-116.957297,0.000000,0.000000,0.000000,0.000000,0.000000,0.000000,0.000000,68,88,74,0,0,0,0,0,0,0
91,0,0,1,0,0,0,0,0,0,0,-38.080339,-67.162870,-39.045236,0.000000,0.000000,0.000000,0.000000,0.000000,0.000000,0.000000,110,102,107,0,0,0,0,0,0,0
162,0,1,0,0,0,0,0,0,0,0,-38.028188,-26.648194,0.000000,0.000000,0.000000,0.000000,0.000000,0.000000,0.000000,0.000000,254,452,0,0,0,0,0,0,0,0
114,0,1,0,0,0,0,0,0,0,0,-36.181814,-41.923809,-66.730373,0.000000,0.000000,0.000000,0.000000,0.000000,0.000000,0.000000,97,97,97,0,0,0,0,0,0,0
208,0,0,1,0,0,0,0,0,0,0,-65.279043,-39.197135,-42.302214,0.000000,0.000000,0.000000,0.000000,0.000000,0.000000,0.000000,122,104,109,0,0,0,0,0,0,0
146,1,0,0,0,0,0,0,0,0,0,-80.990949,-58.579992,0.000000,0.000000,0.000000,0.000000,0.000000,0.000000,0.000000,0.000000,419,267,0,0,0,0,0,0,0,0
119,1,0,0,0,0,0,0,0,0,0,-31.503621,-36.414497,0.000000,0.000000,0.000000,0.000000,0.000000,0.000000,0.000000,0.000000,331,225,0,0,0,0,0,0,0,0
183,1,0,0,0,0,0,0,0,0,0,-44.346489,-65.297559,-42.679323,0.000000,0.000000,0.000000,0.000000,0.000000,0.000000,0.000000,208,217,495,0,0,0,0,0,0,0
79,1,0,0,0,0,0,0,0,0,0,-41.772239,-103.632838,-71.910711,-36.687161,0.000000,0.000000,0.000000,0.000000,0.000000,0.000000,193,158,489,168,0,0,0,0,0,0
152,0,1,0,0,0,0,0,0,0,0,-32.006153,-25.147118,0.000000,0.000000,0.000000,0.000000,0.000000,0.000000,0.000000,0.000000,223,430,0,0,0,0,0,0,0,0
163,0,1,0,0,0,0,0,0,0,0,-21.351624,-18.553522,-20.476476,0.000000,0.000000,0.000000,0.000000,0.000000,0.000000,0.000000,7,16,8,0,0,0,0,0,0,0
135,0,1,0,0,0,0,0,0,0,0,-20.520807,-12.708374,-47.615971,0.000000,0.000000,0.000000,0.000000,0.000000,0.000000,0.000000,6,11,10,0,0,0,0,0,0,0
190,0,0,0,1,0,0,0,0,0,0,0.500000,-3.000408,-12.400815,-1.242884,0.000000,0.000000,0.000000,0.000000,0.000000,0.000000,1,4,5,2,0,0,0,0,0,0
167,1,0,0,0,0,0,0,0,0,0,-1.171292,-11.555189,-4.535564,0.000000,0.000000,0.000000,0.000000,0.000000,0.000000,0.000000,2,4,4,0,0,0,0,0,0,0
86,0,1,0,0,0,0,0,0,0,0,-36.439429,-45.495367,-62.591300,0.000000,0.000000,0.000000,0.000000,0.000000,0.000000,0.000000,202,112,140,0,0,0,0,0,0,0
97,0,1,0,0,0,0,0,0,0,0,-32.869909,-40.424859,-56.624589,0.000000,0.000000,0.000000,0.000000,0.000000,0.000000,0.000000,183,127,132,0,0,0,0,0,0,0
73,0,1,0,0,0,0,0,0,0,0,-26.832096,-38.205589,-27.250427,0.000000,0.000000,0.000000,0.000000,0.000000,0.000000,0.000000,31,98,36,0,0,0,0,0,0,0
15,0,1,0,0,0,0,0,0,0,0,-26.830341,-33.011103,-35.361104,-18.236535,0.000000,0.000000,0.000000,0.000000,0.000000,0.000000,33,46,40,30,0,0,0,0,0,0
142,0,1,0,0,0,0,0,0,0,0,-92.940602,-31.063350,0.000000,0.000000,0.000000,0.000000,0.000000,0.000000,0.000000,0.000000,450,1097,0,0,0,0,0,0,0,0
200,1,0,0,0,0,0,0,0,0,0,-28.093093,-28.236375,0.000000,0.000000,0.000000,0.000000,0.000000,0.000000,0.000000,0.000000,1038,534,0,0,0,0,0,0,0,0
212,0,1,0,0,0,0,0,0,0,0,-29.673543,-24.295724,0.000000,0.000000,0.000000,0.000000,0.000000,0.000000,0.000000,0.000000,498,952,0,0,0,0,0,0,0,0
52,0,1,0,0,0,0,0,0,0,0,-23.321939,-13.485230,-16.266086,0.000000,0.000000,0.000000,0.000000,0.000000,0.000000,0.000000,10,17,18,0,0,0,0,0,0,0
81,0,1,0,0,0,0,0,0,0,0,-28.733450,-13.000240,-16.448217,0.000000,0.000000,0.000000,0.000000,0.000000,0.000000,0.000000,13,18,8,0,0,0,0,0,0,0
141,1,0,0,0,0,0,0,0,0,0,-24.568421,-35.183544,0.000000,0.000000,0.000000,0.000000,0.000000,0.000000,0.000000,0.000000,149,117,0,0,0,0,0,0,0,0
186,1,0,0,0,0,0,0,0,0,0,-113.446803,-61.671008,0.000000,0.000000,0.000000,0.000000,0.000000,0.000000,0.000000,0.000000,164,86,0,0,0,0,0,0,0,0
70,0,1,0,0,0,0,0,0,0,0,-103.958250,-20.549130,-27.257325,0.000000,0.000000,0.000000,0.000000,0.000000,0.000000,0.000000,34,44,90,0,0,0,0,0,0,0
30,0,0,1,0,0,0,0,0,0,0,-48.286522,-198.457170,-105.022923,0.000000,0.000000,0.000000,0.000000,0.000000,0.000000,0.000000,568,567,1679,0,0,0,0,0,0,0
97,1,0,0,0,0,0,0,0,0,0,-47.416798,-38.799762,-77.624449,0.000000,0.000000,0.000000,0.000000,0.000000,0.000000,0.000000,1524,534,505,0,0,0,0,0,0,0
115,0,0,1,0,0,0,0,0,0,0,-111.174387,-45.710348,-52.069635,0.000000,0.000000,0.000000,0.000000,0.000000,0.000000,0.000000,119,123,320,0,0,0,0,0,0,0
172,0,1,0,0,0,0,0,0,0,0,-138.692223,-60.089762,-119.978452,0.000000,0.000000,0.000000,0.000000,0.000000,0.000000,0.000000,142,321,130,0,0,0,0,0,0,0
112,0,0,1,0,0,0,0,0,0,0,-115.638827,-56.694799,-34.577773,0.000000,0.000000,0.000000,0.000000,0.000000,0.000000,0.000000,33,41,69,0,0,0,0,0,0,0
145,1,0,0,0,0,0,0,0,0,0,-61.739088,-41.608388,-44.857103,0.000000,0.000000,0.000000,0.000000,0.000000,0.000000,0.000000,20,65,28,0,0,0,0,0,0,0
196,0,1,0,0,0,0,0,0,0,0,-28.008329,-37.309708,0.000000,0.000000,0.000000,0.000000,0.000000,0.000000,0.000000,0.000000,21,55,0,0,0,0,0,0,0,0
52,0,0,1,0,0,0,0,0,0,0,-102.663345,-44.560108,-56.537977,0.000000,0.000000,0.000000,0.000000,0.000000,0.000000,0.000000,34,43,38,0,0,0,0,0,0,0
88,1,0,0,0,0,0,0,0,0,0,-48.823438,-60.692896,-72.948333,-37.468372,0.000000,0.000000,0.000000,0.000000,0.000000,0.000000,240,736,234,317,0,0,0,0,0,0
100,0,0,1,0,0,0,0,0,0,0,-67.078846,-40.908737,-44.244925,0.000000,0.000000,0.000000,0.000000,0.000000,0.000000,0.000000,220,268,537,0,0,0,0,0,0,0
166,1,1,0,0,0,0,0,0,0,0,-19.826854,-65.728453,-78.295729,0.000000,0.000000,0.000000,0.000000,0.000000,0.000000,0.000000,100,102,105,0,0,0,0,0,0,0
188,1,0,0,0,0,0,0,0,0,0,-144.481922,-52.848993,0.000000,0.000000,0.000000,0.000000,0.000000,0.000000,0.000000,0.000000,374,406,0,0,0,0,0,0,0,0
28,1,0,0,0,0,0,0,0,0,0,-62.095725,-68.437258,-38.430979,0.000000,0.000000,0.000000,0.000000,0.000000,0.000000,0.000000,610,317,581,0,0,0,0,0,0,0
38,0,0,1,0,0,0,0,0,0,0,-37.446449,-73.076440,-54.532547,0.000000,0.000000,0.000000,0.000000,0.000000,0.000000,0.000000,266,400,640,0,0,0,0,0,0,0
166,0,1,0,0,0,0,0,0,0,0,-20.818909,-65.189625,-75.957140,0.000000,0.000000,0.000000,0.000000,0.000000,0.000000,0.000000,90,85,107,0,0,0,0,0,0,0
188,1,1,0,0,0,0,0,0,0,0,-193.082380,-30.051448,0.000000,0.000000,0.000000,0.000000,0.000000,0.000000,0.000000,0.000000,94,98,0,0,0,0,0,0,0,0
166,1,0,1,0,0,0,0,0,0,0,-23.017985,-57.799406,-71.890042,0.000000,0.000000,0.000000,0.000000,0.000000,0.000000,0.000000,129,122,118,0,0,0,0,0,0,0
206,0,1,1,0,0,0,0,0,0,0,-49.238855,-27.846978,-241.655982,0.000000,0.000000,0.000000,0.000000,0.000000,0.000000,0.000000,164,141,173,0,0,0,0,0,0,0
166,0,0,1,0,0,0,0,0,0,0,-19.182379,-55.100066,-78.275786,0.000000,0.000000,0.000000,0.000000,0.000000,0.000000,0.000000,216,201,213,0,0,0,0,0,0,0
206,1,1,1,0,0,0,0,0,0,0,-25.006914,-16.266576,-64.108283,0.000000,0.000000,0.000000,0.000000,0.000000,0.000000,0.000000,20,26,30,0,0,0,0,0,0,0
140,0,1,0,0,0,0,0,0,0,0,-89.364946,-59.041524,0.000000,0.000000,0.000000,0.000000,0.000000,0.000000,0.000000,0.000000,574,688,0,0,0,0,0,0,0,0
206,0,0,1,0,0,0,0,0,0,0,-70.805036,-49.253388,-181.920312,0.000000,0.000000,0.000000,0.000000,0.000000,0.000000,0.000000,287,292,297,0,0,0,0,0,0,0
206,1,0,1,0,0,0,0,0,0,0,-41.767312,-21.949049,-161.961927,0.000000,0.000000,0.000000,0.000000,0.000000,0.000000,0.000000,132,129,132,0,0,0,0,0,0,0
15,0,0,0,1,0,0,0,0,0,0,-34.284849,-33.361171,-53.198433,-41.079315,0.000000,0.000000,0.000000,0.000000,0.000000,0.000000,101,96,87,327,0,0,0,0,0,0
132,1,0,0,0,0,0,0,0,0,0,-69.168903,-69.163486,0.000000,0.000000,0.000000,0.000000,0.000000,0.000000,0.000000,0.000000,278,146,0,0,0,0,0,0,0,0
166,1,1,1,0,0,0,0,0,0,0,-19.846871,-59.222756,-88.465835,0.000000,0.000000,0.000000,0.000000,0.000000,0.000000,0.000000,77,71,88,0,0,0,0,0,0,0
166,0,1,1,0,0,0,0,0,0,0,-36.582073,-111.986082,-185.980496,0.000000,0.000000,0.000000,0.000000,0.000000,0.000000,0.000000,214,214,175,0,0,0,0,0,0,0
206,1,1,0,0,0,0,0,0,0,0,-42.780364,-25.399321,-63.707849,0.000000,0.000000,0.000000,0.000000,0.000000,0.000000,0.000000,92,271,115,0,0,0,0,0,0,0
206,1,0,0,0,0,0,0,0,0,0,-98.882454,-30.513496,-74.086227,0.000000,0.000000,0.000000,0.000000,0.000000,0.000000,0.000000,259,532,241,0,0,0,0,0,0,0
144,0,1,0,0,0,0,0,0,0,0,-8.803277,-4.633499,0.000000,0.000000,0.000000,0.000000,0.000000,0.000000,0.000000,0.000000,4,5,0,0,0,0,0,0,0,0
169,0,1,0,0,0,0,0,0,0,0,-1.132278,0.500000,0.000000,0.000000,0.000000,0.000000,0.000000,0.000000,0.000000,0.000000,2,1,0,0,0,0,0,0,0,0
175,1,1,0,0,0,0,0,0,0,0,-33.788193,-33.751376,0.000000,0.000000,0.000000,0.000000,0.000000,0.000000,0.000000,0.000000,29,37,0,0,0,0,0,0,0,0
145,0,0,1,0,0,0,0,0,0,0,-35.030047,-107.198093,-66.908735,0.000000,0.000000,0.000000,0.000000,0.000000,0.000000,0.000000,361,334,356,0,0,0,0,0,0,0
233,1,0,0,0,0,0,0,0,0,0,-122.646954,0.000000,0.000000,0.000000,0.000000,0.000000,0.000000,0.000000,0.000000,0.000000,528,0,0,0,0,0,0,0,0,0
155,0,0,1,0,0,0,0,0,0,0,-171.721189,-67.384687,-73.878355,-52.224429,0.000000,0.000000,0.000000,0.000000,0.000000,0.000000,202,217,196,218,0,0,0,0,0,0
236,1,0,0,0,0,0,0,0,0,0,-139.638720,0.000000,0.000000,0.000000,0.000000,0.000000,0.000000,0.000000,0.000000,0.000000,377,0,0,0,0,0,0,0,0,0
24,1,0,0,0,0,0,0,0,0,0,-2.865913,-1.433138,0.500000,0.000000,0.000000,0.000000,0.000000,0.000000,0.000000,0.000000,3,2,1,0,0,0,0,0,0,0
186,0,1,0,0,0,0,0,0,0,0,-4.067414,-5.104823,0.000000,0.000000,0.000000,0.000000,0.000000,0.000000,0.000000,0.000000,5,6,0,0,0,0,0,0,0,0
13,0,0,1,0,0,0,0,0,0,0,-2.627405,0.500000,0.500000,0.500000,0.000000,0.000000,0.000000,0.000000,0.000000,0.000000,2,1,1,1,0,0,0,0,0,0
115,0,1,0,0,0,0,0,0,0,0,-123.943693,-27.995537,-29.766740,0.000000,0.000000,0.000000,0.000000,0.000000,0.000000,0.000000,537,733,543,0,0,0,0,0,0,0
71,0,1,0,0,0,0,0,0,0,0,-27.018438,-18.007458,0.000000,0.000000,0.000000,0.000000,0.000000,0.000000,0.000000,0.000000,151,115,0,0,0,0,0,0,0,0
92,0,0,1,0,0,0,0,0,0,0,-34.430489,-61.232307,-33.806711,0.000000,0.000000,0.000000,0.000000,0.000000,0.000000,0.000000,51,30,32,0,0,0,0,0,0,0
85,0,1,0,0,0,0,0,0,0,0,-37.108445,-40.990203,-79.421145,0.000000,0.000000,0.000000,0.000000,0.000000,0.000000,0.000000,64,40,32,0,0,0,0,0,0,0
65,1,0,0,0,0,0,0,0,0,0,-22.301210,-114.554830,0.000000,0.000000,0.000000,0.000000,0.000000,0.000000,0.000000,0.000000,189,174,0,0,0,0,0,0,0,0
24,0,1,0,0,0,0,0,0,0,0,-32.344711,-97.184121,-177.409170,0.000000,0.000000,0.000000,0.000000,0.000000,0.000000,0.000000,67,56,58,0,0,0,0,0,0,0
79,0,0,0,1,0,0,0,0,0,0,-67.035710,-159.686540,-106.663245,-143.055818,0.000000,0.000000,0.000000,0.000000,0.000000,0.000000,48,54,53,41,0,0,0,0,0,0
2,1,0,0,0,0,0,0,0,0,0,-34.641235,-45.830882,-52.978849,-31.828987,0.000000,0.000000,0.000000,0.000000,0.000000,0.000000,38,28,85,25,0,0,0,0,0,0
28,0,0,1,0,0,0,0,0,0,0,-34.972186,-52.552562,-45.375455,0.000000,0.000000,0.000000,0.000000,0.000000,0.000000,0.000000,38,32,71,0,0,0,0,0,0,0
99,0,1,0,0,0,0,0,0,0,0,-83.058872,-42.558245,-37.335730,-41.508064,0.000000,0.000000,0.000000,0.000000,0.000000,0.000000,71,109,95,223,0,0,0,0,0,0
43,0,1,0,0,0,0,0,0,0,0,-105.311734,-41.019108,-106.692709,0.000000,0.000000,0.000000,0.000000,0.000000,0.000000,0.000000,60,159,72,0,0,0,0,0,0,0
22,1,0,0,0,0,0,0,0,0,0,-15.885444,-42.208129,-11.975998,0.000000,0.000000,0.000000,0.000000,0.000000,0.000000,0.000000,15,20,10,0,0,0,0,0,0,0
65,0,1,0,0,0,0,0,0,0,0,-12.138747,-25.593472,0.000000,0.000000,0.000000,0.000000,0.000000,0.000000,0.000000,0.000000,24,27,0,0,0,0,0,0,0,0
28,1,0,1,0,0,0,0,0,0,0,-12.434298,-17.042459,-7.516205,0.000000,0.000000,0.000000,0.000000,0.000000,0.000000,0.000000,6,7,5,0,0,0,0,0,0,0
213,1,0,0,0,0,0,0,0,0,0,-30.970054,-23.845123,0.000000,0.000000,0.000000,0.000000,0.000000,0.000000,0.000000,0.000000,73,126,0,0,0,0,0,0,0,0
136,1,0,0,0,0,0,0,0,0,0,-33.396358,-23.705180,0.000000,0.000000,0.000000,0.000000,0.000000,0.000000,0.000000,0.000000,96,156,0,0,0,0,0,0,0,0
88,1,1,0,0,0,0,0,0,0,0,-11.063638,-10.557737,-27.457197,-11.145170,0.000000,0.000000,0.000000,0.000000,0.000000,0.000000,7,6,10,8,0,0,0,0,0,0
88,0,1,0,0,0,0,0,0,0,0,-12.008449,-4.362530,-13.712172,-3.137990,0.000000,0.000000,0.000000,0.000000,0.000000,0.000000,8,3,5,3,0,0,0,0,0,0
31,0,1,0,0,0,0,0,0,0,0,-33.365819,-11.074254,-23.722137,0.000000,0.000000,0.000000,0.000000,0.000000,0.000000,0.000000,8,6,8,0,0,0,0,0,0,0
9,0,0,1,0,0,0,0,0,0,0,-22.915051,-41.185802,-14.749366,-21.666128,0.000000,0.000000,0.000000,0.000000,0.000000,0.000000,18,12,11,14,0,0,0,0,0,0
5,1,0,0,0,0,0,0,0,0,0,-40.849260,-31.273241,-36.510998,0.000000,0.000000,0.000000,0.000000,0.000000,0.000000,0.000000,36,14,19,0,0,0,0,0,0,0
74,1,0,0,0,0,0,0,0,0,0,-61.727658,-54.959205,0.000000,0.000000,0.000000,0.000000,0.000000,0.000000,0.000000,0.000000,941,467,0,0,0,0,0,0,0,0
21,0,0,1,0,0,0,0,0,0,0,-113.865376,-50.472835,-43.285050,0.000000,0.000000,0.000000,0.000000,0.000000,0.000000,0.000000,444,415,1027,0,0,0,0,0,0,0
36,0,0,0,1,0,0,0,0,0,0,-15.096247,-17.227069,-17.510670,-19.707915,0.000000,0.000000,0.000000,0.000000,0.000000,0.000000,9,12,8,13,0,0,0,0,0,0
7,0,0,1,0,0,0,0,0,0,0,-38.778635,-44.972567,-24.393269,0.000000,0.000000,0.000000,0.000000,0.000000,0.000000,0.000000,14,12,17,0,0,0,0,0,0,0
150,1,0,0,0,0,0,0,0,0,0,0.500000,-4.351149,0.000000,0.000000,0.000000,0.000000,0.000000,0.000000,0.000000,0.000000,1,3,0,0,0,0,0,0,0,0
156,0,0,1,0,0,0,0,0,0,0,-7.692442,0.500000,-3.176215,0.000000,0.000000,0.000000,0.000000,0.000000,0.000000,0.000000,3,1,2,0,0,0,0,0,0,0
40,1,0,0,0,0,0,0,0,0,0,-30.560046,-58.940972,0.000000,0.000000,0.000000,0.000000,0.000000,0.000000,0.000000,0.000000,381,181,0,0,0,0,0,0,0,0
35,1,0,0,0,0,0,0,0,0,0,-29.640769,-38.743072,-119.443752,0.000000,0.000000,0.000000,0.000000,0.000000,0.000000,0.000000,368,176,159,0,0,0,0,0,0,0
32,0,0,0,1,0,0,0,0,0,0,-25.821650,-26.232888,-42.619658,-23.699304,0.000000,0.000000,0.000000,0.000000,0.000000,0.000000,23,18,14,20,0,0,0,0,0,0
30,1,0,0,0,0,0,0,0,0,0,-27.863522,-61.948511,-20.612939,0.000000,0.000000,0.000000,0.000000,0.000000,0.000000,0.000000,24,18,21,0,0,0,0,0,0,0
205,0,1,0,0,0,0,0,0,0,0,-35.588353,-36.469768,0.000000,0.000000,0.000000,0.000000,0.000000,0.000000,0.000000,0.000000,333,642,0,0,0,0,0,0,0,0
158,1,0,0,0,0,0,0,0,0,0,-32.113828,-66.981934,0.000000,0.000000,0.000000,0.000000,0.000000,0.000000,0.000000,0.000000,684,362,0,0,0,0,0,0,0,0
187,1,0,0,0,0,0,0,0,0,0,-24.124494,-66.512558,0.000000,0.000000,0.000000,0.000000,0.000000,0.000000,0.000000,0.000000,104,96,0,0,0,0,0,0,0,0
137,0,1,0,0,0,0,0,0,0,0,-62.483627,-23.549362,-58.389691,0.000000,0.000000,0.000000,0.000000,0.000000,0.000000,0.000000,74,84,80,0,0,0,0,0,0,0
205,1,1,0,0,0,0,0,0,0,0,-15.308662,-22.903464,0.000000,0.000000,0.000000,0.000000,0.000000,0.000000,0.000000,0.000000,9,16,0,0,0,0,0,0,0,0
112,0,1,0,0,0,0,0,0,0,0,-96.517226,-109.153586,-36.277780,0.000000,0.000000,0.000000,0.000000,0.000000,0.000000,0.000000,146,162,162,0,0,0,0,0,0,0
176,0,0,1,0,0,0,0,0,0,0,-98.032700,-119.496803,-47.629426,-36.948537,-182.703924,0.000000,0.000000,0.000000,0.000000,0.000000,163,171,158,186,190,0,0,0,0,0
129,1,0,0,0,0,0,0,0,0,0,-14.701673,-28.365826,0.000000,0.000000,0.000000,0.000000,0.000000,0.000000,0.000000,0.000000,13,26,0,0,0,0,0,0,0,0
146,0,1,0,0,0,0,0,0,0,0,-55.225276,-50.565303,0.000000,0.000000,0.000000,0.000000,0.000000,0.000000,0.000000,0.000000,8,10,0,0,0,0,0,0,0,0
21,0,1,1,0,0,0,0,0,0,0,-17.747472,-10.309458,-2.308394,0.000000,0.000000,0.000000,0.000000,0.000000,0.000000,0.000000,10,6,3,0,0,0,0,0,0,0
75,1,0,0,0,0,0,0,0,0,0,-20.985149,-16.481275,0.000000,0.000000,0.000000,0.000000,0.000000,0.000000,0.000000,0.000000,26,27,0,0,0,0,0,0,0,0
82,0,0,1,0,0,0,0,0,0,0,-64.688731,-38.524197,-12.921843,0.000000,0.000000,0.000000,0.000000,0.000000,0.000000,0.000000,19,16,19,0,0,0,0,0,0,0
118,0,0,1,0,0,0,0,0,0,0,-26.409621,-6.250912,-16.496311,0.000000,0.000000,0.000000,0.000000,0.000000,0.000000,0.000000,8,6,11,0,0,0,0,0,0,0
198,0,1,0,0,0,0,0,0,0,0,-24.138636,-14.410704,0.000000,0.000000,0.000000,0.000000,0.000000,0.000000,0.000000,0.000000,6,8,0,0,0,0,0,0,0,0
58,0,0,1,0,0,0,0,0,0,0,-15.993628,-18.184758,-6.662934,0.000000,0.000000,0.000000,0.000000,0.000000,0.000000,0.000000,6,8,8,0,0,0,0,0,0,0
18,1,0,0,0,0,0,0,0,0,0,-8.200589,-13.660623,-10.061739,0.000000,0.000000,0.000000,0.000000,0.000000,0.000000,0.000000,10,17,6,0,0,0,0,0,0,0
100,0,1,0,0,0,0,0,0,0,0,-97.790249,-46.177977,-39.710982,0.000000,0.000000,0.000000,0.000000,0.000000,0.000000,0.000000,178,191,197,0,0,0,0,0,0,0
36,0,1,0,0,0,0,0,0,0,0,-47.050581,-51.075724,-60.025523,-41.580479,0.000000,0.000000,0.000000,0.000000,0.000000,0.000000,160,134,138,152,0,0,0,0,0,0
119,0,1,0,0,0,0,0,0,0,0,-24.470343,-31.016511,0.000000,0.000000,0.000000,0.000000,0.000000,0.000000,0.000000,0.000000,410,335,0,0,0,0,0,0,0,0
73,0,0,1,0,0,0,0,0,0,0,-18.509338,-17.216013,-22.723266,0.000000,0.000000,0.000000,0.000000,0.000000,0.000000,0.000000,17,16,19,0,0,0,0,0,0,0
17,1,0,0,0,0,0,0,0,0,0,-26.598962,-29.953590,-23.229962,0.000000,0.000000,0.000000,0.000000,0.000000,0.000000,0.000000,24,14,24,0,0,0,0,0,0,0
128,1,0,0,0,0,0,0,0,0,0,-90.946068,-96.667420,-109.279238,0.000000,0.000000,0.000000,0.000000,0.000000,0.000000,0.000000,2230,690,750,0,0,0,0,0,0,0
168,0,0,1,0,0,0,0,0,0,0,-151.093857,-42.640164,-82.483922,0.000000,0.000000,0.000000,0.000000,0.000000,0.000000,0.000000,655,707,2008,0,0,0,0,0,0,0
212,1,0,0,0,0,0,0,0,0,0,-99.934644,-59.036796,0.000000,0.000000,0.000000,0.000000,0.000000,0.000000,0.000000,0.000000,345,369,0,0,0,0,0,0,0,0
55,1,0,0,0,0,0,0,0,0,0,-48.733684,-98.696907,-84.994955,-39.041818,0.000000,0.000000,0.000000,0.000000,0.000000,0.000000,218,218,203,162,0,0,0,0,0,0
131,0,1,0,0,0,0,0,0,0,0,-46.245899,-74.016557,-35.030156,0.000000,0.000000,0.000000,0.000000,0.000000,0.000000,0.000000,159,205,173,0,0,0,0,0,0,0
212,1,1,0,0,0,0,0,0,0,0,-30.982799,-24.205884,0.000000,0.000000,0.000000,0.000000,0.000000,0.000000,0.000000,0.000000,186,189,0,0,0,0,0,0,0,0
119,1,1,0,0,0,0,0,0,0,0,-53.344698,-190.209530,0.000000,0.000000,0.000000,0.000000,0.000000,0.000000,0.000000,0.000000,104,90,0,0,0,0,0,0,0,0
200,1,1,0,0,0,0,0,0,0,0,-13.437498,-7.456603,0.000000,0.000000,0.000000,0.000000,0.000000,0.000000,0.000000,0.000000,17,7,0,0,0,0,0,0,0,0
182,1,0,0,0,0,0,0,0,0,0,-2.319257,-3.054444,-13.409148,0.000000,0.000000,0.000000,0.000000,0.000000,0.000000,0.000000,3,3,5,0,0,0,0,0,0,0
146,1,1,0,0,0,0,0,0,0,0,-13.332743,-15.430183,0.000000,0.000000,0.000000,0.000000,0.000000,0.000000,0.000000,0.000000,16,14,0,0,0,0,0,0,0,0
170,1,0,0,0,0,0,0,0,0,0,-25.030674,-22.405561,-33.921807,-81.405039,0.000000,0.000000,0.000000,0.000000,0.000000,0.000000,78,96,83,57,0,0,0,0,0,0
213,0,1,0,0,0,0,0,0,0,0,-29.573024,-25.907602,0.000000,0.000000,0.000000,0.000000,0.000000,0.000000,0.000000,0.000000,124,131,0,0,0,0,0,0,0,0
96,0,0,1,0,0,0,0,0,0,0,-56.069556,-36.185895,-45.904716,0.000000,0.000000,0.000000,0.000000,0.000000,0.000000,0.000000,102,101,109,0,0,0,0,0,0,0
208,0,1,0,0,0,0,0,0,0,0,-65.362657,-43.554817,-36.230858,0.000000,0.000000,0.000000,0.000000,0.000000,0.000000,0.000000,115,114,111,0,0,0,0,0,0,0
39,0,0,1,0,0,0,0,0,0,0,-56.407362,-52.859843,-48.435646,0.000000,0.000000,0.000000,0.000000,0.000000,0.000000,0.000000,142,151,123,0,0,0,0,0,0,0
4,1,0,0,0,0,0,0,0,0,0,-45.353346,-59.035584,-47.722268,0.000000,0.000000,0.000000,0.000000,0.000000,0.000000,0.000000,130,120,128,0,0,0,0,0,0,0
2,0,0,1,0,0,0,0,0,0,0,0.500000,-2.478963,0.500000,-1.853115,0.000000,0.000000,0.000000,0.000000,0.000000,0.000000,1,2,1,2,0,0,0,0,0,0
39,0,1,0,0,0,0,0,0,0,0,0.500000,0.500000,-1.479814,0.000000,0.000000,0.000000,0.000000,0.000000,0.000000,0.000000,1,1,2,0,0,0,0,0,0,0
0,0,0,1,0,0,0,0,0,0,0,-42.813807,-24.648029,-32.911719,0.000000,0.000000,0.000000,0.000000,0.000000,0.000000,0.000000,26,22,21,0,0,0,0,0,0,0
94,1,0,0,0,0,0,0,0,0,0,-26.588058,-35.794742,-35.812619,0.000000,0.000000,0.000000,0.000000,0.000000,0.000000,0.000000,17,29,22,0,0,0,0,0,0,0
220,0,0,1,0,0,0,0,0,0,0,-71.343371,-36.801776,-38.640753,0.000000,0.000000,0.000000,0.000000,0.000000,0.000000,0.000000,81,237,82,0,0,0,0,0,0,0
159,1,0,0,0,0,0,0,0,0,0,-66.939594,-55.875104,-28.610406,0.000000,0.000000,0.000000,0.000000,0.000000,0.000000,0.000000,113,117,332,0,0,0,0,0,0,0
122,1,1,0,0,0,0,0,0,0,0,-16.097296,-18.187743,-33.354671,-44.852568,0.000000,0.000000,0.000000,0.000000,0.000000,0.000000,18,18,16,19,0,0,0,0,0,0
122,0,1,0,0,0,0,0,0,0,0,-26.993438,-28.493061,-59.000890,-70.097471,0.000000,0.000000,0.000000,0.000000,0.000000,0.000000,196,68,58,66,0,0,0,0,0,0
78,0,0,0,1,0,0,0,0,0,0,0.500000,0.500000,-1.035426,-3.973250,0.000000,0.000000,0.000000,0.000000,0.000000,0.000000,1,1,2,3,0,0,0,0,0,0
140,1,0,0,0,0,0,0,0,0,0,-407.652368,-175.141793,0.000000,0.000000,0.000000,0.000000,0.000000,0.000000,0.000000,0.000000,51,51,0,0,0,0,0,0,0,0
202,1,0,0,0,0,0,0,0,0,0,-326.290213,-286.401184,0.000000,0.000000,0.000000,0.000000,0.000000,0.000000,0.000000,0.000000,29,18,0,0,0,0,0,0,0,0
177,0,1,0,0,0,0,0,0,0,0,-125.791853,-62.395069,-155.697852,0.000000,0.000000,0.000000,0.000000,0.000000,0.000000,0.000000,90,325,87,0,0,0,0,0,0,0
11,0,0,0,1,0,0,0,0,0,0,-46.969660,-118.456931,-44.291856,-38.822002,0.000000,0.000000,0.000000,0.000000,0.000000,0.000000,532,119,128,129,0,0,0,0,0,0
165,1,0,0,0,0,0,0,0,0,0,-184.738545,-61.746692,0.000000,0.000000,0.000000,0.000000,0.000000,0.000000,0.000000,0.000000,67,79,0,0,0,0,0,0,0,0
178,1,0,0,0,0,0,0,0,0,0,-150.117648,0.000000,0.000000,0.000000,0.000000,0.000000,0.000000,0.000000,0.000000,0.000000,101,0,0,0,0,0,0,0,0,0
139,1,0,0,0,0,0,0,0,0,0,-16.815644,-37.599361,-48.927600,0.000000,0.000000,0.000000,0.000000,0.000000,0.000000,0.000000,20,19,32,0,0,0,0,0,0,0
116,1,0,0,0,0,0,0,0,0,0,-55.439628,0.000000,0.000000,0.000000,0.000000,0.000000,0.000000,0.000000,0.000000,0.000000,353,0,0,0,0,0,0,0,0,0
220,0,1,0,0,0,0,0,0,0,0,-121.431833,-47.780998,-103.511310,0.000000,0.000000,0.000000,0.000000,0.000000,0.000000,0.000000,272,237,210,0,0,0,0,0,0,0
159,0,0,1,0,0,0,0,0,0,0,-51.773468,-32.959230,-20.428708,0.000000,0.000000,0.000000,0.000000,0.000000,0.000000,0.000000,38,34,25,0,0,0,0,0,0,0
22,0,0,1,0,0,0,0,0,0,0,-36.458479,-105.651412,-86.781787,0.000000,0.000000,0.000000,0.000000,0.000000,0.000000,0.000000,595,579,626,0,0,0,0,0,0,0
15,1,0,0,0,0,0,0,0,0,0,-98.143094,-34.765849,-74.965466,-30.926628,0.000000,0.000000,0.000000,0.000000,0.000000,0.000000,550,569,561,553,0,0,0,0,0,0
9,1,0,0,0,0,0,0,0,0,0,-43.804964,-110.213542,-45.389008,-44.416528,0.000000,0.000000,0.000000,0.000000,0.000000,0.000000,153,176,161,145,0,0,0,0,0,0
34,0,1,0,0,0,0,0,0,0,0,-45.823239,-54.424079,-129.940592,0.000000,0.000000,0.000000,0.000000,0.000000,0.000000,0.000000,241,214,214,0,0,0,0,0,0,0
60,1,0,0,0,0,0,0,0,0,0,-66.103157,-120.839888,0.000000,0.000000,0.000000,0.000000,0.000000,0.000000,0.000000,0.000000,96,98,0,0,0,0,0,0,0,0
14,0,0,0,1,0,0,0,0,0,0,-65.616120,-132.990838,-48.177584,-59.299397,0.000000,0.000000,0.000000,0.000000,0.000000,0.000000,119,95,81,103,0,0,0,0,0,0
75,0,1,0,0,0,0,0,0,0,0,-35.338816,-29.358350,0.000000,0.000000,0.000000,0.000000,0.000000,0.000000,0.000000,0.000000,369,381,0,0,0,0,0,0,0,0
54,0,1,0,0,0,0,0,0,0,0,-30.000280,-29.149480,0.000000,0.000000,0.000000,0.000000,0.000000,0.000000,0.000000,0.000000,399,425,0,0,0,0,0,0,0,0
96,0,1,1,0,0,0,0,0,0,0,-14.687046,-9.130141,-5.978098,0.000000,0.000000,0.000000,0.000000,0.000000,0.000000,0.000000,7,6,4,0,0,0,0,0,0,0
155,0,1,0,1,0,0,0,0,0,0,-7.934086,-2.252641,-1.650694,0.500000,0.000000,0.000000,0.000000,0.000000,0.000000,0.000000,3,3,2,1,0,0,0,0,0,0
114,1,0,0,0,0,0,0,0,0,0,0.500000,0.500000,-11.516372,0.000000,0.000000,0.000000,0.000000,0.000000,0.000000,0.000000,1,1,5,0,0,0,0,0,0,0
183,1,0,1,0,0,0,0,0,0,0,-3.207397,-11.473430,-8.517887,0.000000,0.000000,0.000000,0.000000,0.000000,0.000000,0.000000,3,5,3,0,0,0,0,0,0,0
183,0,0,1,0,0,0,0,0,0,0,-7.243428,-16.379404,-3.004174,0.000000,0.000000,0.000000,0.000000,0.000000,0.000000,0.000000,5,6,3,0,0,0,0,0,0,0
75,1,1,0,0,0,0,0,0,0,0,-5.790103,0.500000,0.000000,0.000000,0.000000,0.000000,0.000000,0.000000,0.000000,0.000000,6,1,0,0,0,0,0,0,0,0
63,0,0,0,1,0,0,0,0,0,0,-7.730567,-62.989198,-13.159858,-6.449266,-31.421779,0.000000,0.000000,0.000000,0.000000,0.000000,5,10,6,8,6,0,0,0,0,0
54,1,0,0,0,0,0,0,0,0,0,-16.566421,-9.502908,0.000000,0.000000,0.000000,0.000000,0.000000,0.000000,0.000000,0.000000,16,9,0,0,0,0,0,0,0,0
54,1,1,0,0,0,0,0,0,0,0,-2.912432,-4.104307,0.000000,0.000000,0.000000,0.000000,0.000000,0.000000,0.000000,0.000000,4,5,0,0,0,0,0,0,0,0
159,1,0,1,0,0,0,0,0,0,0,0.500000,0.500000,-4.285631,0.000000,0.000000,0.000000,0.000000,0.000000,0.000000,0.000000,1,1,4,0,0,0,0,0,0,0
189,0,1,0,0,0,0,0,0,0,0,-1.931020,-0.769613,-0.829013,-0.871613,0.000000,0.000000,0.000000,0.000000,0.000000,0.000000,2,2,2,2,0,0,0,0,0,0
207,0,1,0,0,0,0,0,0,0,0,-14.784835,-2.639645,0.000000,0.000000,0.000000,0.000000,0.000000,0.000000,0.000000,0.000000,4,4,0,0,0,0,0,0,0,0
22,1,0,1,0,0,0,0,0,0,0,-2.885714,-8.707808,-1.325662,0.000000,0.000000,0.000000,0.000000,0.000000,0.000000,0.000000,3,4,2,0,0,0,0,0,0,0
41,1,0,0,0,0,0,0,0,0,0,-26.945150,-64.304674,-29.787069,0.000000,0.000000,0.000000,0.000000,0.000000,0.000000,0.000000,20,28,26,0,0,0,0,0,0,0
42,0,0,1,0,0,0,0,0,0,0,-59.037719,-20.595962,-20.193869,0.000000,0.000000,0.000000,0.000000,0.000000,0.000000,0.000000,27,16,15,0,0,0,0,0,0,0
41,1,0,1,0,0,0,0,0,0,0,-1.452061,-21.417250,-10.232582,0.000000,0.000000,0.000000,0.000000,0.000000,0.000000,0.000000,2,7,6,0,0,0,0,0,0,0
171,1,1,0,0,0,0,0,0,0,0,-35.939190,-59.092651,-121.925631,0.000000,0.000000,0.000000,0.000000,0.000000,0.000000,0.000000,35,42,38,0,0,0,0,0,0,0
11,1,0,0,1,0,0,0,0,0,0,-26.812884,-65.083438,-32.865903,-24.933232,0.000000,0.000000,0.000000,0.000000,0.000000,0.000000,19,29,26,23,0,0,0,0,0,0
55,0,0,1,0,0,0,0,0,0,0,-31.957417,-82.506960,-36.808373,-33.337205,0.000000,0.000000,0.000000,0.000000,0.000000,0.000000,108,80,84,87,0,0,0,0,0,0
11,1,0,0,0,0,0,0,0,0,0,-36.895613,-84.355117,-43.470786,-36.038248,0.000000,0.000000,0.000000,0.000000,0.000000,0.000000,72,75,82,80,0,0,0,0,0,0
196,1,1,0,0,0,0,0,0,0,0,-14.788295,-55.756261,0.000000,0.000000,0.000000,0.000000,0.000000,0.000000,0.000000,0.000000,28,39,0,0,0,0,0,0,0,0
55,1,0,1,0,0,0,0,0,0,0,0.500000,-3.525362,-3.011727,-1.136456,0.000000,0.000000,0.000000,0.000000,0.000000,0.000000,1,2,3,2,0,0,0,0,0,0
128,1,0,1,0,0,0,0,0,0,0,-52.998561,-66.931999,-41.600802,0.000000,0.000000,0.000000,0.000000,0.000000,0.000000,0.000000,24,28,22,0,0,0,0,0,0,0
53,1,0,0,0,0,0,0,0,0,0,-39.818306,-47.570278,-15.416331,0.000000,0.000000,0.000000,0.000000,0.000000,0.000000,0.000000,17,24,14,0,0,0,0,0,0,0
168,0,1,1,0,0,0,0,0,0,0,-44.222162,-14.366410,-27.001168,0.000000,0.000000,0.000000,0.000000,0.000000,0.000000,0.000000,8,9,8,0,0,0,0,0,0,0
67,1,0,0,0,0,0,0,0,0,0,-1.456089,-5.407110,-14.389902,0.000000,0.000000,0.000000,0.000000,0.000000,0.000000,0.000000,2,3,5,0,0,0,0,0,0,0
