0,0,0,0,0,0,0,0,0,0,0,7872.557578,3800.228776,5371.270258,0.000000,0.000000,0.000000,0.000000,0.000000,0.000000,0.000000,1417489,1422527,1421726,0,0,0,0,0,0,0
1,0,0,0,0,0,0,0,0,0,0,11544.440703,10176.931805,89759.272952,16409.741323,0.000000,0.000000,0.000000,0.000000,0.000000,0.000000,860552,853672,825956,836147,0,0,0,0,0,0
2,0,0,0,0,0,0,0,0,0,0,4919.818783,4958.459862,7839.841812,20821.668767,0.000000,0.000000,0.000000,0.000000,0.000000,0.000000,1458649,1452130,1456729,1457828,0,0,0,0,0,0
3,0,0,0,0,0,0,0,0,0,0,7176.243471,7252.524543,29580.858393,0.000000,0.000000,0.000000,0.000000,0.000000,0.000000,0.000000,1086487,1073395,1073684,0,0,0,0,0,0,0
4,0,0,0,0,0,0,0,0,0,0,7419.034775,5289.551596,12834.750938,0.000000,0.000000,0.000000,0.000000,0.000000,0.000000,0.000000,1366894,1359008,1362490,0,0,0,0,0,0,0
5,0,0,0,0,0,0,0,0,0,0,2804.169569,355.955453,1063.936896,0.000000,0.000000,0.000000,0.000000,0.000000,0.000000,0.000000,1341620,1334074,1333872,0,0,0,0,0,0,0
6,0,0,0,0,0,0,0,0,0,0,100000.000000,0.000000,0.000000,0.000000,0.000000,0.000000,0.000000,0.000000,0.000000,0.000000,1287839,0,0,0,0,0,0,0,0,0
7,0,0,0,0,0,0,0,0,0,0,1577.663916,3489.953922,4823.789543,0.000000,0.000000,0.000000,0.000000,0.000000,0.000000,0.000000,1463116,1456147,1475305,0,0,0,0,0,0,0
8,0,0,0,0,0,0,0,0,0,0,3107.185944,4580.409451,17411.778372,16115.206374,0.000000,0.000000,0.000000,0.000000,0.000000,0.000000,915083,882501,871826,884252,0,0,0,0,0,0
9,0,0,0,0,0,0,0,0,0,0,2273.931415,660.532790,1506.195511,9001.066671,0.000000,0.000000,0.000000,0.000000,0.000000,0.000000,1318103,1299183,1318432,1317357,0,0,0,0,0,0
10,0,0,0,0,0,0,0,0,0,0,5713.556835,7590.934610,8872.396205,3231.191499,0.000000,0.000000,0.000000,0.000000,0.000000,0.000000,383739,398950,401664,411880,0,0,0,0,0,0
11,0,0,0,0,0,0,0,0,0,0,616.878276,257.792292,426.607342,-2.657510,0.000000,0.000000,0.000000,0.000000,0.000000,0.000000,1346185,1328698,1340276,1345065,0,0,0,0,0,0
12,0,0,0,0,0,0,0,0,0,0,13559.972744,4068.205017,4087.179461,5349.053359,0.000000,0.000000,0.000000,0.000000,0.000000,0.000000,567056,567560,571994,545579,0,0,0,0,0,0
13,0,0,0,0,0,0,0,0,0,0,1431.411210,4256.498447,602.925013,1025.741115,0.000000,0.000000,0.000000,0.000000,0.000000,0.000000,1187779,1194494,1198519,1184900,0,0,0,0,0,0
14,0,0,0,0,0,0,0,0,0,0,1706.661734,1869.776764,4125.744366,4713.180023,0.000000,0.000000,0.000000,0.000000,0.000000,0.000000,1053926,1046578,1054812,1055470,0,0,0,0,0,0
15,0,0,0,0,0,0,0,0,0,0,1924.689104,705.710634,327.390046,503.652923,0.000000,0.000000,0.000000,0.000000,0.000000,0.000000,1247657,1246341,1244887,1250841,0,0,0,0,0,0
16,0,0,0,0,0,0,0,0,0,0,7810.150674,35185.256589,6528.261339,0.000000,0.000000,0.000000,0.000000,0.000000,0.000000,0.000000,674468,671788,669502,0,0,0,0,0,0,0
17,0,0,0,0,0,0,0,0,0,0,696.042561,1717.335065,3009.808341,0.000000,0.000000,0.000000,0.000000,0.000000,0.000000,0.000000,1205987,1198156,1208849,0,0,0,0,0,0,0
18,0,0,0,0,0,0,0,0,0,0,2782.754888,3544.521902,12673.804470,0.000000,0.000000,0.000000,0.000000,0.000000,0.000000,0.000000,960660,960085,954248,0,0,0,0,0,0,0
19,0,0,0,0,0,0,0,0,0,0,4167.455979,4809.939073,9037.770456,1619.027163,0.000000,0.000000,0.000000,0.000000,0.000000,0.000000,893002,873738,874780,906431,0,0,0,0,0,0
20,0,0,0,0,0,0,0,0,0,0,334.050399,-148.432500,1002.250870,0.000000,0.000000,0.000000,0.000000,0.000000,0.000000,0.000000,1363791,1367335,1375660,0,0,0,0,0,0,0
21,0,0,0,0,0,0,0,0,0,0,209.126146,-107.748034,680.461525,0.000000,0.000000,0.000000,0.000000,0.000000,0.000000,0.000000,1225733,1238920,1232959,0,0,0,0,0,0,0
22,0,0,0,0,0,0,0,0,0,0,3213.358330,2727.605360,726.635289,0.000000,0.000000,0.000000,0.000000,0.000000,0.000000,0.000000,1115642,1103525,1113334,0,0,0,0,0,0,0
23,0,0,0,0,0,0,0,0,0,0,3876.885938,5401.068539,16333.350833,0.000000,0.000000,0.000000,0.000000,0.000000,0.000000,0.000000,915440,917433,913466,0,0,0,0,0,0,0
24,0,0,0,0,0,0,0,0,0,0,371.068567,1039.165817,47.854909,0.000000,0.000000,0.000000,0.000000,0.000000,0.000000,0.000000,1405292,1407856,1398357,0,0,0,0,0,0,0
25,0,0,0,0,0,0,0,0,0,0,-477.015882,-452.544048,-351.902578,0.000000,0.000000,0.000000,0.000000,0.000000,0.000000,0.000000,1847727,1854393,1891830,0,0,0,0,0,0,0
26,0,0,0,0,0,0,0,0,0,0,15881.905234,5908.419229,5351.319485,0.000000,0.000000,0.000000,0.000000,0.000000,0.000000,0.000000,508404,539456,522786,0,0,0,0,0,0,0
27,0,0,0,0,0,0,0,0,0,0,31803.680662,9796.132714,7385.671543,0.000000,0.000000,0.000000,0.000000,0.000000,0.000000,0.000000,581292,571574,580854,0,0,0,0,0,0,0
28,0,0,0,0,0,0,0,0,0,0,2970.642575,4195.119428,7889.507245,0.000000,0.000000,0.000000,0.000000,0.000000,0.000000,0.000000,1661225,1653535,1662428,0,0,0,0,0,0,0
29,0,0,0,0,0,0,0,0,0,0,5031.022874,10024.322626,0.000000,0.000000,0.000000,0.000000,0.000000,0.000000,0.000000,0.000000,1044448,1059022,0,0,0,0,0,0,0,0
30,0,0,0,0,0,0,0,0,0,0,6825.399696,2377.085035,1433.643526,0.000000,0.000000,0.000000,0.000000,0.000000,0.000000,0.000000,1674771,1649468,1674581,0,0,0,0,0,0,0
31,0,0,0,0,0,0,0,0,0,0,1305.045002,2171.148906,3044.421609,0.000000,0.000000,0.000000,0.000000,0.000000,0.000000,0.000000,1508151,1528698,1520289,0,0,0,0,0,0,0
32,0,0,0,0,0,0,0,0,0,0,2944.108910,17188.402517,2046.694636,3758.473659,0.000000,0.000000,0.000000,0.000000,0.000000,0.000000,1514270,1513022,1500826,1514031,0,0,0,0,0,0
33,0,0,0,0,0,0,0,0,0,0,17160.204106,89821.496604,13388.221565,0.000000,0.000000,0.000000,0.000000,0.000000,0.000000,0.000000,453263,461884,462971,0,0,0,0,0,0,0
34,0,0,0,0,0,0,0,0,0,0,811.221075,3631.574248,3186.773517,0.000000,0.000000,0.000000,0.000000,0.000000,0.000000,0.000000,1599920,1601617,1576068,0,0,0,0,0,0,0
35,0,0,0,0,0,0,0,0,0,0,4079.983493,4705.675865,2930.639750,0.000000,0.000000,0.000000,0.000000,0.000000,0.000000,0.000000,1363923,1360721,1340071,0,0,0,0,0,0,0
36,0,0,0,0,0,0,0,0,0,0,5734.626259,4471.423712,8592.111007,2749.031805,0.000000,0.000000,0.000000,0.000000,0.000000,0.000000,1542087,1543919,1540207,1545040,0,0,0,0,0,0
37,0,0,0,0,0,0,0,0,0,0,3851.986237,7034.655198,0.000000,0.000000,0.000000,0.000000,0.000000,0.000000,0.000000,0.000000,1118626,1093871,0,0,0,0,0,0,0,0
38,0,0,0,0,0,0,0,0,0,0,2146.933221,2271.432574,6282.525943,0.000000,0.000000,0.000000,0.000000,0.000000,0.000000,0.000000,1715481,1703620,1715497,0,0,0,0,0,0,0
39,0,0,0,0,0,0,0,0,0,0,5379.369099,10467.955055,7841.854958,0.000000,0.000000,0.000000,0.000000,0.000000,0.000000,0.000000,1549281,1551153,1551670,0,0,0,0,0,0,0
40,0,0,0,0,0,0,0,0,0,0,3574.058956,5041.910313,0.000000,0.000000,0.000000,0.000000,0.000000,0.000000,0.000000,0.000000,1234563,1224848,0,0,0,0,0,0,0,0
41,0,0,0,0,0,0,0,0,0,0,2305.848097,2064.681117,6225.644533,0.000000,0.000000,0.000000,0.000000,0.000000,0.000000,0.000000,1669026,1655443,1672123,0,0,0,0,0,0,0
42,0,0,0,0,0,0,0,0,0,0,2036.346319,2686.307289,2794.796221,0.000000,0.000000,0.000000,0.000000,0.000000,0.000000,0.000000,1717627,1729825,1732042,0,0,0,0,0,0,0
43,0,0,0,0,0,0,0,0,0,0,298.624543,2616.381357,2016.826769,0.000000,0.000000,0.000000,0.000000,0.000000,0.000000,0.000000,1470151,1498262,1471703,0,0,0,0,0,0,0
44,0,0,0,0,0,0,0,0,0,0,18981.477912,9935.651970,6272.117279,29249.550984,0.000000,0.000000,0.000000,0.000000,0.000000,0.000000,890289,890144,919555,878879,0,0,0,0,0,0
45,0,0,0,0,0,0,0,0,0,0,14325.072583,7342.442269,6010.435589,0.000000,0.000000,0.000000,0.000000,0.000000,0.000000,0.000000,263842,260946,261265,0,0,0,0,0,0,0
46,0,0,0,0,0,0,0,0,0,0,14301.331227,42302.159563,30348.686813,0.000000,0.000000,0.000000,0.000000,0.000000,0.000000,0.000000,71966,71742,72666,0,0,0,0,0,0,0
47,0,0,0,0,0,0,0,0,0,0,11517.836461,8130.175615,25074.202586,0.000000,0.000000,0.000000,0.000000,0.000000,0.000000,0.000000,158370,158059,156850,0,0,0,0,0,0,0
48,0,0,0,0,0,0,0,0,0,0,100000.000000,0.000000,0.000000,0.000000,0.000000,0.000000,0.000000,0.000000,0.000000,0.000000,46430,0,0,0,0,0,0,0,0,0
49,0,0,0,0,0,0,0,0,0,0,27208.808427,23763.940099,89916.000000,0.000000,0.000000,0.000000,0.000000,0.000000,0.000000,0.000000,29606,29880,29513,0,0,0,0,0,0,0
50,0,0,0,0,0,0,0,0,0,0,7782.424083,2388.570727,4436.122110,0.000000,0.000000,0.000000,0.000000,0.000000,0.000000,0.000000,835676,837888,825829,0,0,0,0,0,0,0
51,0,0,0,0,0,0,0,0,0,0,-275.639166,-475.245985,-370.994176,-401.512200,0.000000,0.000000,0.000000,0.000000,0.000000,0.000000,1656510,1628981,1666527,1654181,0,0,0,0,0,0
52,0,0,0,0,0,0,0,0,0,0,-155.328582,-107.421488,-230.650663,0.000000,0.000000,0.000000,0.000000,0.000000,0.000000,0.000000,1262638,1281513,1281624,0,0,0,0,0,0,0
53,0,0,0,0,0,0,0,0,0,0,273.181706,1032.001823,401.392182,0.000000,0.000000,0.000000,0.000000,0.000000,0.000000,0.000000,1370385,1368565,1376772,0,0,0,0,0,0,0
54,0,0,0,0,0,0,0,0,0,0,167.320852,369.562796,0.000000,0.000000,0.000000,0.000000,0.000000,0.000000,0.000000,0.000000,1215154,1213790,0,0,0,0,0,0,0,0
55,0,0,0,0,0,0,0,0,0,0,465.458414,497.067220,333.641880,1573.648563,0.000000,0.000000,0.000000,0.000000,0.000000,0.000000,1333488,1320373,1334744,1333641,0,0,0,0,0,0
56,0,0,0,0,0,0,0,0,0,0,-210.231950,252.422564,1310.072635,0.000000,0.000000,0.000000,0.000000,0.000000,0.000000,0.000000,1335330,1342673,1332994,0,0,0,0,0,0,0
57,0,0,0,0,0,0,0,0,0,0,-137.005576,-274.907625,277.296666,0.000000,0.000000,0.000000,0.000000,0.000000,0.000000,0.000000,1312111,1309012,1315132,0,0,0,0,0,0,0
58,0,0,0,0,0,0,0,0,0,0,646.278982,863.367723,6085.036283,0.000000,0.000000,0.000000,0.000000,0.000000,0.000000,0.000000,1017971,1019901,1036169,0,0,0,0,0,0,0
59,0,0,0,0,0,0,0,0,0,0,-110.404315,-45.759020,-204.323364,0.000000,0.000000,0.000000,0.000000,0.000000,0.000000,0.000000,1270738,1255597,1259358,0,0,0,0,0,0,0
60,0,0,0,0,0,0,0,0,0,0,2439.644955,7695.047086,0.000000,0.000000,0.000000,0.000000,0.000000,0.000000,0.000000,0.000000,1029163,1030313,0,0,0,0,0,0,0,0
61,0,0,0,0,0,0,0,0,0,0,-7.864903,4266.382061,656.390969,0.000000,0.000000,0.000000,0.000000,0.000000,0.000000,0.000000,1143388,1173781,1174233,0,0,0,0,0,0,0
62,0,0,0,0,0,0,0,0,0,0,-426.594382,-412.352190,-455.271034,-432.695045,0.000000,0.000000,0.000000,0.000000,0.000000,0.000000,1820453,1822737,1790822,1790357,0,0,0,0,0,0
63,0,0,0,0,0,0,0,0,0,0,-193.439736,-275.056418,-167.302519,244.612655,946.501639,0.000000,0.000000,0.000000,0.000000,0.000000,1219460,1206451,1214608,1229818,1186403,0,0,0,0,0
64,0,0,0,0,0,0,0,0,0,0,25146.267949,89947.530760,17190.742898,0.000000,0.000000,0.000000,0.000000,0.000000,0.000000,0.000000,424112,419897,419742,0,0,0,0,0,0,0
65,0,0,0,0,0,0,0,0,0,0,5171.738540,2096.991649,0.000000,0.000000,0.000000,0.000000,0.000000,0.000000,0.000000,0.000000,1051698,1046904,0,0,0,0,0,0,0,0
66,0,0,0,0,0,0,0,0,0,0,328.568969,362.554675,157.113163,0.000000,0.000000,0.000000,0.000000,0.000000,0.000000,0.000000,1262424,1251007,1257554,0,0,0,0,0,0,0
67,0,0,0,0,0,0,0,0,0,0,436.085952,1141.140106,2089.598674,0.000000,0.000000,0.000000,0.000000,0.000000,0.000000,0.000000,1297024,1291204,1285185,0,0,0,0,0,0,0
68,0,0,0,0,0,0,0,0,0,0,6268.739272,1126.795230,0.000000,0.000000,0.000000,0.000000,0.000000,0.000000,0.000000,0.000000,1069388,1061414,0,0,0,0,0,0,0,0
69,0,0,0,0,0,0,0,0,0,0,2933.889100,259.995740,-78.180761,0.000000,0.000000,0.000000,0.000000,0.000000,0.000000,0.000000,272803,262492,266782,0,0,0,0,0,0,0
70,0,0,0,0,0,0,0,0,0,0,-348.950668,195.969928,-133.806035,0.000000,0.000000,0.000000,0.000000,0.000000,0.000000,0.000000,1198683,1239395,1233836,0,0,0,0,0,0,0
71,0,0,0,0,0,0,0,0,0,0,7880.180900,3389.298381,0.000000,0.000000,0.000000,0.000000,0.000000,0.000000,0.000000,0.000000,988408,991843,0,0,0,0,0,0,0,0
72,0,0,0,0,0,0,0,0,0,0,13728.970937,42518.485828,0.000000,0.000000,0.000000,0.000000,0.000000,0.000000,0.000000,0.000000,604702,604682,0,0,0,0,0,0,0,0
73,0,0,0,0,0,0,0,0,0,0,381.762961,868.595127,1492.334668,0.000000,0.000000,0.000000,0.000000,0.000000,0.000000,0.000000,1303819,1301448,1302524,0,0,0,0,0,0,0
74,0,0,0,0,0,0,0,0,0,0,178.356099,1362.387041,0.000000,0.000000,0.000000,0.000000,0.000000,0.000000,0.000000,0.000000,1224451,1219973,0,0,0,0,0,0,0,0
75,0,0,0,0,0,0,0,0,0,0,998.264953,200.964446,0.000000,0.000000,0.000000,0.000000,0.000000,0.000000,0.000000,0.000000,1136758,1136083,0,0,0,0,0,0,0,0
76,0,0,0,0,0,0,0,0,0,0,-286.444618,-282.022255,42.812326,0.000000,0.000000,0.000000,0.000000,0.000000,0.000000,0.000000,1279444,1272454,1278939,0,0,0,0,0,0,0
77,0,0,0,0,0,0,0,0,0,0,6332.071568,771.979538,0.000000,0.000000,0.000000,0.000000,0.000000,0.000000,0.000000,0.000000,423677,424418,0,0,0,0,0,0,0,0
78,0,0,0,0,0,0,0,0,0,0,-281.899943,-263.959754,-359.554465,-183.013706,0.000000,0.000000,0.000000,0.000000,0.000000,0.000000,1367182,1386872,1375922,1376363,0,0,0,0,0,0
79,0,0,0,0,0,0,0,0,0,0,786.669842,3564.633852,320.870138,363.283779,0.000000,0.000000,0.000000,0.000000,0.000000,0.000000,1431216,1412706,1429969,1432246,0,0,0,0,0,0
80,0,0,0,0,0,0,0,0,0,0,593.543023,205.263982,0.000000,0.000000,0.000000,0.000000,0.000000,0.000000,0.000000,0.000000,1276137,1282358,0,0,0,0,0,0,0,0
81,0,0,0,0,0,0,0,0,0,0,-1.972708,-172.543066,-120.258866,0.000000,0.000000,0.000000,0.000000,0.000000,0.000000,0.000000,1314579,1326771,1314822,0,0,0,0,0,0,0
82,0,0,0,0,0,0,0,0,0,0,346.181940,2779.297360,460.822899,0.000000,0.000000,0.000000,0.000000,0.000000,0.000000,0.000000,1040852,1053625,1069948,0,0,0,0,0,0,0
83,0,0,0,0,0,0,0,0,0,0,-98.008973,590.751113,883.322902,0.000000,0.000000,0.000000,0.000000,0.000000,0.000000,0.000000,214329,208265,209335,0,0,0,0,0,0,0
84,0,0,0,0,0,0,0,0,0,0,6410.024623,22273.823104,0.000000,0.000000,0.000000,0.000000,0.000000,0.000000,0.000000,0.000000,782871,789806,0,0,0,0,0,0,0,0
85,0,0,0,0,0,0,0,0,0,0,2338.200557,2197.710153,2383.671472,0.000000,0.000000,0.000000,0.000000,0.000000,0.000000,0.000000,1781096,1778995,1766343,0,0,0,0,0,0,0
86,0,0,0,0,0,0,0,0,0,0,647.298834,1467.184354,678.984496,0.000000,0.000000,0.000000,0.000000,0.000000,0.000000,0.000000,1875190,1878087,1868571,0,0,0,0,0,0,0
87,0,0,0,0,0,0,0,0,0,0,29565.866087,0.000000,0.000000,0.000000,0.000000,0.000000,0.000000,0.000000,0.000000,0.000000,31268,0,0,0,0,0,0,0,0,0
88,0,0,0,0,0,0,0,0,0,0,3608.981310,1834.817505,3110.107063,2037.141775,0.000000,0.000000,0.000000,0.000000,0.000000,0.000000,1681813,1676588,1668506,1680753,0,0,0,0,0,0
89,0,0,0,0,0,0,0,0,0,0,5814.959702,5274.201667,0.000000,0.000000,0.000000,0.000000,0.000000,0.000000,0.000000,0.000000,754634,719443,0,0,0,0,0,0,0,0
90,0,0,0,0,0,0,0,0,0,0,7761.647360,4770.923021,0.000000,0.000000,0.000000,0.000000,0.000000,0.000000,0.000000,0.000000,644471,643127,0,0,0,0,0,0,0,0
91,0,0,0,0,0,0,0,0,0,0,594.435776,700.485524,1938.378240,0.000000,0.000000,0.000000,0.000000,0.000000,0.000000,0.000000,1725787,1713355,1729181,0,0,0,0,0,0,0
92,0,0,0,0,0,0,0,0,0,0,2266.769742,2633.391213,2031.848052,0.000000,0.000000,0.000000,0.000000,0.000000,0.000000,0.000000,1787355,1771299,1785205,0,0,0,0,0,0,0
93,0,0,0,0,0,0,0,0,0,0,489.126077,787.272412,1015.017510,0.000000,0.000000,0.000000,0.000000,0.000000,0.000000,0.000000,1834400,1847147,1848746,0,0,0,0,0,0,0
94,0,0,0,0,0,0,0,0,0,0,5566.334440,4825.441737,7846.978002,0.000000,0.000000,0.000000,0.000000,0.000000,0.000000,0.000000,1532932,1534624,1531847,0,0,0,0,0,0,0
95,0,0,0,0,0,0,0,0,0,0,12473.724555,0.000000,0.000000,0.000000,0.000000,0.000000,0.000000,0.000000,0.000000,0.000000,153649,0,0,0,0,0,0,0,0,0
96,0,0,0,0,0,0,0,0,0,0,1282.072452,2868.789570,693.913686,0.000000,0.000000,0.000000,0.000000,0.000000,0.000000,0.000000,1802030,1810756,1805201,0,0,0,0,0,0,0
97,0,0,0,0,0,0,0,0,0,0,3277.714995,737.352548,1449.306402,0.000000,0.000000,0.000000,0.000000,0.000000,0.000000,0.000000,1808456,1802967,1795105,0,0,0,0,0,0,0
98,0,0,0,0,0,0,0,0,0,0,27531.670269,0.000000,0.000000,0.000000,0.000000,0.000000,0.000000,0.000000,0.000000,0.000000,35164,0,0,0,0,0,0,0,0,0
99,0,0,0,0,0,0,0,0,0,0,5649.026585,1542.431547,2186.680808,1604.490062,0.000000,0.000000,0.000000,0.000000,0.000000,0.000000,1648147,1664486,1662763,1662366,0,0,0,0,0,0
100,0,0,0,0,0,0,0,0,0,0,5842.630017,4973.827974,2175.832269,0.000000,0.000000,0.000000,0.000000,0.000000,0.000000,0.000000,1670956,1674266,1679451,0,0,0,0,0,0,0
101,0,0,0,0,0,0,0,0,0,0,23408.732238,0.000000,0.000000,0.000000,0.000000,0.000000,0.000000,0.000000,0.000000,0.000000,19279,0,0,0,0,0,0,0,0,0
102,0,0,0,0,0,0,0,0,0,0,8328.908974,0.000000,0.000000,0.000000,0.000000,0.000000,0.000000,0.000000,0.000000,0.000000,252116,0,0,0,0,0,0,0,0,0
103,0,0,0,0,0,0,0,0,0,0,19069.433171,0.000000,0.000000,0.000000,0.000000,0.000000,0.000000,0.000000,0.000000,0.000000,16064,0,0,0,0,0,0,0,0,0
104,0,0,0,0,0,0,0,0,0,0,17925.829133,46195.769183,20844.480584,0.000000,0.000000,0.000000,0.000000,0.000000,0.000000,0.000000,22387,21385,20924,0,0,0,0,0,0,0
105,0,0,0,0,0,0,0,0,0,0,48719.828315,23635.653874,25376.039403,24213.050718,0.000000,0.000000,0.000000,0.000000,0.000000,0.000000,35043,37592,34985,36868,0,0,0,0,0,0
106,0,0,0,0,0,0,0,0,0,0,2975.040930,566.257112,0.000000,0.000000,0.000000,0.000000,0.000000,0.000000,0.000000,0.000000,254890,257692,0,0,0,0,0,0,0,0
107,0,0,0,0,0,0,0,0,0,0,16625.603869,26156.758071,0.000000,0.000000,0.000000,0.000000,0.000000,0.000000,0.000000,0.000000,17577,19040,0,0,0,0,0,0,0,0
108,0,0,0,0,0,0,0,0,0,0,2797.137217,0.000000,0.000000,0.000000,0.000000,0.000000,0.000000,0.000000,0.000000,0.000000,306100,0,0,0,0,0,0,0,0,0
109,0,0,0,0,0,0,0,0,0,0,6098.689828,1563.130576,2686.775264,0.000000,0.000000,0.000000,0.000000,0.000000,0.000000,0.000000,325910,313273,316371,0,0,0,0,0,0,0
110,0,0,0,0,0,0,0,0,0,0,0.000000,0.000000,0.000000,0.000000,0.000000,0.000000,0.000000,0.000000,0.000000,0.000000,0,0,0,0,0,0,0,0,0,0
111,0,0,0,0,0,0,0,0,0,0,89939.999999,24347.582395,0.000000,0.000000,0.000000,0.000000,0.000000,0.000000,0.000000,0.000000,16918,15769,0,0,0,0,0,0,0,0
112,0,0,0,0,0,0,0,0,0,0,-300.247700,-260.417996,-159.298831,0.000000,0.000000,0.000000,0.000000,0.000000,0.000000,0.000000,1235221,1240842,1254842,0,0,0,0,0,0,0
113,0,0,0,0,0,0,0,0,0,0,-424.784538,-477.853518,-411.100653,0.000000,0.000000,0.000000,0.000000,0.000000,0.000000,0.000000,1771849,1741066,1770334,0,0,0,0,0,0,0
114,0,0,0,0,0,0,0,0,0,0,685.704210,653.034083,520.453635,0.000000,0.000000,0.000000,0.000000,0.000000,0.000000,0.000000,1815432,1815168,1805145,0,0,0,0,0,0,0
115,0,0,0,0,0,0,0,0,0,0,-433.698370,-358.706621,-464.271830,0.000000,0.000000,0.000000,0.000000,0.000000,0.000000,0.000000,2154956,2181571,2179286,0,0,0,0,0,0,0
116,0,0,0,0,0,0,0,0,0,0,-105.086921,0.000000,0.000000,0.000000,0.000000,0.000000,0.000000,0.000000,0.000000,0.000000,1342698,0,0,0,0,0,0,0,0,0
117,0,0,0,0,0,0,0,0,0,0,-362.280660,-412.864987,0.000000,0.000000,0.000000,0.000000,0.000000,0.000000,0.000000,0.000000,2297462,2294215,0,0,0,0,0,0,0,0
118,0,0,0,0,0,0,0,0,0,0,-468.235631,-428.835759,-538.381127,0.000000,0.000000,0.000000,0.000000,0.000000,0.000000,0.000000,1819292,1844480,1837895,0,0,0,0,0,0,0
119,0,0,0,0,0,0,0,0,0,0,-246.228666,-272.009238,0.000000,0.000000,0.000000,0.000000,0.000000,0.000000,0.000000,0.000000,1366389,1365672,0,0,0,0,0,0,0,0
120,0,0,0,0,0,0,0,0,0,0,-358.200709,0.000000,0.000000,0.000000,0.000000,0.000000,0.000000,0.000000,0.000000,0.000000,1235269,0,0,0,0,0,0,0,0,0
121,0,0,0,0,0,0,0,0,0,0,-268.533845,-255.164551,-415.633818,0.000000,0.000000,0.000000,0.000000,0.000000,0.000000,0.000000,1234117,1223172,1213887,0,0,0,0,0,0,0
122,0,0,0,0,0,0,0,0,0,0,-414.303723,-393.417776,-482.368859,-504.305488,0.000000,0.000000,0.000000,0.000000,0.000000,0.000000,1954049,1954689,1932273,1923399,0,0,0,0,0,0
123,0,0,0,0,0,0,0,0,0,0,-495.801815,-525.533125,-399.524492,0.000000,0.000000,0.000000,0.000000,0.000000,0.000000,0.000000,2199088,2187219,2221775,0,0,0,0,0,0,0
124,0,0,0,0,0,0,0,0,0,0,-408.193117,-329.929699,0.000000,0.000000,0.000000,0.000000,0.000000,0.000000,0.000000,0.000000,2316597,2346276,0,0,0,0,0,0,0,0
125,0,0,0,0,0,0,0,0,0,0,-391.888392,-451.727096,-550.383331,0.000000,0.000000,0.000000,0.000000,0.000000,0.000000,0.000000,1907699,1880502,1887968,0,0,0,0,0,0,0
126,0,0,0,0,0,0,0,0,0,0,-507.747957,0.000000,0.000000,0.000000,0.000000,0.000000,0.000000,0.000000,0.000000,0.000000,1338376,0,0,0,0,0,0,0,0,0
127,0,0,0,0,0,0,0,0,0,0,511.555694,109.542163,0.000000,0.000000,0.000000,0.000000,0.000000,0.000000,0.000000,0.000000,1082947,1081140,0,0,0,0,0,0,0,0
128,0,0,0,0,0,0,0,0,0,0,440.868375,242.790517,381.292481,0.000000,0.000000,0.000000,0.000000,0.000000,0.000000,0.000000,1362144,1345330,1354197,0,0,0,0,0,0,0
129,0,0,0,0,0,0,0,0,0,0,-253.786196,-254.354354,0.000000,0.000000,0.000000,0.000000,0.000000,0.000000,0.000000,0.000000,1300898,1295915,0,0,0,0,0,0,0,0
130,0,0,0,0,0,0,0,0,0,0,-422.547514,-378.697684,-439.420172,0.000000,0.000000,0.000000,0.000000,0.000000,0.000000,0.000000,2199743,2221915,2199803,0,0,0,0,0,0,0
131,0,0,0,0,0,0,0,0,0,0,276.762222,641.227389,719.901762,0.000000,0.000000,0.000000,0.000000,0.000000,0.000000,0.000000,1331025,1337008,1336142,0,0,0,0,0,0,0
132,0,0,0,0,0,0,0,0,0,0,866.168496,191.281760,0.000000,0.000000,0.000000,0.000000,0.000000,0.000000,0.000000,0.000000,1287215,1271650,0,0,0,0,0,0,0,0
133,0,0,0,0,0,0,0,0,0,0,959.758197,247.832773,0.000000,0.000000,0.000000,0.000000,0.000000,0.000000,0.000000,0.000000,1033704,1061059,0,0,0,0,0,0,0,0
134,0,0,0,0,0,0,0,0,0,0,-210.407753,-600.767989,0.000000,0.000000,0.000000,0.000000,0.000000,0.000000,0.000000,0.000000,133330,135462,0,0,0,0,0,0,0,0
135,0,0,0,0,0,0,0,0,0,0,-360.101095,-123.443794,-274.520026,0.000000,0.000000,0.000000,0.000000,0.000000,0.000000,0.000000,1213519,1244818,1202248,0,0,0,0,0,0,0
136,0,0,0,0,0,0,0,0,0,0,-373.514524,-387.754993,0.000000,0.000000,0.000000,0.000000,0.000000,0.000000,0.000000,0.000000,2158568,2160821,0,0,0,0,0,0,0,0
137,0,0,0,0,0,0,0,0,0,0,-272.268721,-259.388742,-263.064303,0.000000,0.000000,0.000000,0.000000,0.000000,0.000000,0.000000,1230875,1242467,1226159,0,0,0,0,0,0,0
138,0,0,0,0,0,0,0,0,0,0,-212.174765,-298.161231,-411.664896,0.000000,0.000000,0.000000,0.000000,0.000000,0.000000,0.000000,1225013,1236132,1224546,0,0,0,0,0,0,0
139,0,0,0,0,0,0,0,0,0,0,-205.114691,-168.229803,-303.348174,0.000000,0.000000,0.000000,0.000000,0.000000,0.000000,0.000000,1291659,1276683,1278999,0,0,0,0,0,0,0
140,0,0,0,0,0,0,0,0,0,0,-400.561160,-345.997795,0.000000,0.000000,0.000000,0.000000,0.000000,0.000000,0.000000,0.000000,2409397,2414515,0,0,0,0,0,0,0,0
141,0,0,0,0,0,0,0,0,0,0,-375.208509,-610.944298,0.000000,0.000000,0.000000,0.000000,0.000000,0.000000,0.000000,0.000000,1124193,1118749,0,0,0,0,0,0,0,0
142,0,0,0,0,0,0,0,0,0,0,-416.428764,-455.537540,0.000000,0.000000,0.000000,0.000000,0.000000,0.000000,0.000000,0.000000,2230155,2242647,0,0,0,0,0,0,0,0
143,0,0,0,0,0,0,0,0,0,0,-351.470995,-458.404648,0.000000,0.000000,0.000000,0.000000,0.000000,0.000000,0.000000,0.000000,1811649,1792877,0,0,0,0,0,0,0,0
144,0,0,0,0,0,0,0,0,0,0,-342.816114,-307.402427,0.000000,0.000000,0.000000,0.000000,0.000000,0.000000,0.000000,0.000000,1228346,1244278,0,0,0,0,0,0,0,0
145,0,0,0,0,0,0,0,0,0,0,-348.207438,-393.561503,-372.395138,0.000000,0.000000,0.000000,0.000000,0.000000,0.000000,0.000000,2419510,2409662,2413842,0,0,0,0,0,0,0
146,0,0,0,0,0,0,0,0,0,0,-255.135042,-252.369144,0.000000,0.000000,0.000000,0.000000,0.000000,0.000000,0.000000,0.000000,1344607,1341810,0,0,0,0,0,0,0,0
147,0,0,0,0,0,0,0,0,0,0,-333.720996,0.000000,0.000000,0.000000,0.000000,0.000000,0.000000,0.000000,0.000000,0.000000,2559849,0,0,0,0,0,0,0,0,0
148,0,0,0,0,0,0,0,0,0,0,-604.324198,-738.326162,0.000000,0.000000,0.000000,0.000000,0.000000,0.000000,0.000000,0.000000,1391777,1375730,0,0,0,0,0,0,0,0
149,0,0,0,0,0,0,0,0,0,0,100000.000000,0.000000,0.000000,0.000000,0.000000,0.000000,0.000000,0.000000,0.000000,0.000000,419897,0,0,0,0,0,0,0,0,0
150,0,0,0,0,0,0,0,0,0,0,-544.152208,-461.669934,0.000000,0.000000,0.000000,0.000000,0.000000,0.000000,0.000000,0.000000,2205940,2207982,0,0,0,0,0,0,0,0
151,0,0,0,0,0,0,0,0,0,0,-355.247881,-365.716416,-417.351046,0.000000,0.000000,0.000000,0.000000,0.000000,0.000000,0.000000,1178077,1185978,1165869,0,0,0,0,0,0,0
152,0,0,0,0,0,0,0,0,0,0,-411.543958,-335.098348,0.000000,0.000000,0.000000,0.000000,0.000000,0.000000,0.000000,0.000000,1976316,1978546,0,0,0,0,0,0,0,0
153,0,0,0,0,0,0,0,0,0,0,-638.499173,0.000000,0.000000,0.000000,0.000000,0.000000,0.000000,0.000000,0.000000,0.000000,1420704,0,0,0,0,0,0,0,0,0
154,0,0,0,0,0,0,0,0,0,0,-248.751072,-298.017467,-363.128526,0.000000,0.000000,0.000000,0.000000,0.000000,0.000000,0.000000,1246120,1213073,1222706,0,0,0,0,0,0,0
155,0,0,0,0,0,0,0,0,0,0,-472.594825,-421.353365,-435.284977,-428.495493,0.000000,0.000000,0.000000,0.000000,0.000000,0.000000,1837394,1868848,1857179,1867182,0,0,0,0,0,0
156,0,0,0,0,0,0,0,0,0,0,-594.701130,-586.267564,-491.173579,0.000000,0.000000,0.000000,0.000000,0.000000,0.000000,0.000000,2042383,2032895,2069069,0,0,0,0,0,0,0
157,0,0,0,0,0,0,0,0,0,0,-469.590123,-456.320667,-359.380069,0.000000,0.000000,0.000000,0.000000,0.000000,0.000000,0.000000,1849584,1847526,1873375,0,0,0,0,0,0,0
158,0,0,0,0,0,0,0,0,0,0,-370.119070,-427.417631,0.000000,0.000000,0.000000,0.000000,0.000000,0.000000,0.000000,0.000000,2114472,2095840,0,0,0,0,0,0,0,0
159,0,0,0,0,0,0,0,0,0,0,-101.557687,-336.379558,-261.338607,0.000000,0.000000,0.000000,0.000000,0.000000,0.000000,0.000000,1259409,1256798,1263601,0,0,0,0,0,0,0
160,0,0,0,0,0,0,0,0,0,0,-510.417179,-589.774764,0.000000,0.000000,0.000000,0.000000,0.000000,0.000000,0.000000,0.000000,2046143,2040539,0,0,0,0,0,0,0,0
161,0,0,0,0,0,0,0,0,0,0,-150.356947,425.009883,-505.265176,0.000000,0.000000,0.000000,0.000000,0.000000,0.000000,0.000000,187934,188200,175519,0,0,0,0,0,0,0
162,0,0,0,0,0,0,0,0,0,0,-346.757437,-354.027801,0.000000,0.000000,0.000000,0.000000,0.000000,0.000000,0.000000,0.000000,2094837,2102078,0,0,0,0,0,0,0,0
163,0,0,0,0,0,0,0,0,0,0,33.785237,-210.652437,-339.118703,0.000000,0.000000,0.000000,0.000000,0.000000,0.000000,0.000000,1198658,1224990,1201120,0,0,0,0,0,0,0
164,0,0,0,0,0,0,0,0,0,0,-885.631226,-613.945845,-691.153767,0.000000,0.000000,0.000000,0.000000,0.000000,0.000000,0.000000,1255330,1259608,1273309,0,0,0,0,0,0,0
165,0,0,0,0,0,0,0,0,0,0,-8.143293,131.551635,0.000000,0.000000,0.000000,0.000000,0.000000,0.000000,0.000000,0.000000,1139336,1135766,0,0,0,0,0,0,0,0
166,0,0,0,0,0,0,0,0,0,0,-291.388290,-331.999251,-372.119460,0.000000,0.000000,0.000000,0.000000,0.000000,0.000000,0.000000,2442813,2419010,2414490,0,0,0,0,0,0,0
167,0,0,0,0,0,0,0,0,0,0,-427.055400,-465.842186,-424.862665,0.000000,0.000000,0.000000,0.000000,0.000000,0.000000,0.000000,1786813,1757427,1787455,0,0,0,0,0,0,0
168,0,0,0,0,0,0,0,0,0,0,397.675318,908.246629,318.678723,0.000000,0.000000,0.000000,0.000000,0.000000,0.000000,0.000000,1319020,1333984,1332748,0,0,0,0,0,0,0
169,0,0,0,0,0,0,0,0,0,0,-314.941649,-314.589620,0.000000,0.000000,0.000000,0.000000,0.000000,0.000000,0.000000,0.000000,1250887,1249098,0,0,0,0,0,0,0,0
170,0,0,0,0,0,0,0,0,0,0,-364.908138,-373.386873,-421.794429,-508.952657,0.000000,0.000000,0.000000,0.000000,0.000000,0.000000,1976338,1973443,1964686,1937737,0,0,0,0,0,0
171,0,0,0,0,0,0,0,0,0,0,-388.551673,-430.578833,-378.076485,0.000000,0.000000,0.000000,0.000000,0.000000,0.000000,0.000000,2277208,2272809,2261281,0,0,0,0,0,0,0
172,0,0,0,0,0,0,0,0,0,0,-556.633776,-392.628605,-491.548971,0.000000,0.000000,0.000000,0.000000,0.000000,0.000000,0.000000,2106335,2140818,2109399,0,0,0,0,0,0,0
173,0,0,0,0,0,0,0,0,0,0,179.877011,2434.106259,0.000000,0.000000,0.000000,0.000000,0.000000,0.000000,0.000000,0.000000,998071,1013926,0,0,0,0,0,0,0,0
174,0,0,0,0,0,0,0,0,0,0,-406.838016,-459.963666,-473.334575,0.000000,0.000000,0.000000,0.000000,0.000000,0.000000,0.000000,1814725,1811398,1783441,0,0,0,0,0,0,0
175,0,0,0,0,0,0,0,0,0,0,-293.580128,-352.617535,0.000000,0.000000,0.000000,0.000000,0.000000,0.000000,0.000000,0.000000,2323211,2306855,0,0,0,0,0,0,0,0
176,0,0,0,0,0,0,0,0,0,0,-274.790466,-126.126606,-251.436146,-261.045721,-289.236823,0.000000,0.000000,0.000000,0.000000,0.000000,1241420,1245771,1257476,1258934,1250662,0,0,0,0,0
177,0,0,0,0,0,0,0,0,0,0,-62.900062,194.028288,-171.756810,0.000000,0.000000,0.000000,0.000000,0.000000,0.000000,0.000000,1299409,1321439,1303630,0,0,0,0,0,0,0
178,0,0,0,0,0,0,0,0,0,0,34.230309,0.000000,0.000000,0.000000,0.000000,0.000000,0.000000,0.000000,0.000000,0.000000,1162701,0,0,0,0,0,0,0,0,0
179,0,0,0,0,0,0,0,0,0,0,-409.341969,-383.279999,-288.816727,0.000000,0.000000,0.000000,0.000000,0.000000,0.000000,0.000000,1211421,1222201,1238651,0,0,0,0,0,0,0
180,0,0,0,0,0,0,0,0,0,0,-308.907294,0.000000,0.000000,0.000000,0.000000,0.000000,0.000000,0.000000,0.000000,0.000000,2475136,0,0,0,0,0,0,0,0,0
181,0,0,0,0,0,0,0,0,0,0,-393.996813,0.000000,0.000000,0.000000,0.000000,0.000000,0.000000,0.000000,0.000000,0.000000,80163,0,0,0,0,0,0,0,0,0
182,0,0,0,0,0,0,0,0,0,0,-303.975541,-377.873518,-403.325378,0.000000,0.000000,0.000000,0.000000,0.000000,0.000000,0.000000,1240022,1234233,1218762,0,0,0,0,0,0,0
183,0,0,0,0,0,0,0,0,0,0,1169.142886,944.280834,520.019975,0.000000,0.000000,0.000000,0.000000,0.000000,0.000000,0.000000,1662601,1651794,1662467,0,0,0,0,0,0,0
184,0,0,0,0,0,0,0,0,0,0,-434.303469,-385.160550,0.000000,0.000000,0.000000,0.000000,0.000000,0.000000,0.000000,0.000000,2287807,2304128,0,0,0,0,0,0,0,0
185,0,0,0,0,0,0,0,0,0,0,-260.769292,-303.301134,0.000000,0.000000,0.000000,0.000000,0.000000,0.000000,0.000000,0.000000,1317266,1306884,0,0,0,0,0,0,0,0
186,0,0,0,0,0,0,0,0,0,0,-456.018231,-357.955656,0.000000,0.000000,0.000000,0.000000,0.000000,0.000000,0.000000,0.000000,1148870,1150948,0,0,0,0,0,0,0,0
187,0,0,0,0,0,0,0,0,0,0,-258.159954,-287.989781,0.000000,0.000000,0.000000,0.000000,0.000000,0.000000,0.000000,0.000000,1235914,1244557,0,0,0,0,0,0,0,0
188,0,0,0,0,0,0,0,0,0,0,-343.840628,-301.023832,0.000000,0.000000,0.000000,0.000000,0.000000,0.000000,0.000000,0.000000,2387606,2408737,0,0,0,0,0,0,0,0
189,0,0,0,0,0,0,0,0,0,0,-115.104287,340.439946,235.305608,11.911195,0.000000,0.000000,0.000000,0.000000,0.000000,0.000000,1091817,1103772,1101809,1101094,0,0,0,0,0,0
190,0,0,0,0,0,0,0,0,0,0,-473.216887,-418.802834,-456.568211,-426.817181,0.000000,0.000000,0.000000,0.000000,0.000000,0.000000,1777697,1808508,1779561,1800677,0,0,0,0,0,0
191,0,0,0,0,0,0,0,0,0,0,-387.196405,-349.994306,-328.745453,0.000000,0.000000,0.000000,0.000000,0.000000,0.000000,0.000000,2246541,2247592,2249210,0,0,0,0,0,0,0
192,0,0,0,0,0,0,0,0,0,0,-370.756511,-411.705783,-479.549562,0.000000,0.000000,0.000000,0.000000,0.000000,0.000000,0.000000,1715682,1720511,1689041,0,0,0,0,0,0,0
193,0,0,0,0,0,0,0,0,0,0,-406.840070,-392.765342,-417.860437,0.000000,0.000000,0.000000,0.000000,0.000000,0.000000,0.000000,2183708,2187903,2197376,0,0,0,0,0,0,0
194,0,0,0,0,0,0,0,0,0,0,-209.565320,50.642832,0.000000,0.000000,0.000000,0.000000,0.000000,0.000000,0.000000,0.000000,1181648,1172591,0,0,0,0,0,0,0,0
195,0,0,0,0,0,0,0,0,0,0,-469.169460,-413.283267,-574.488740,0.000000,0.000000,0.000000,0.000000,0.000000,0.000000,0.000000,2111828,2143782,2105939,0,0,0,0,0,0,0
196,0,0,0,0,0,0,0,0,0,0,-343.151095,-362.775965,0.000000,0.000000,0.000000,0.000000,0.000000,0.000000,0.000000,0.000000,2382228,2369344,0,0,0,0,0,0,0,0
197,0,0,0,0,0,0,0,0,0,0,-679.309688,222.525350,-296.981223,0.000000,0.000000,0.000000,0.000000,0.000000,0.000000,0.000000,1246577,1260711,1270804,0,0,0,0,0,0,0
198,0,0,0,0,0,0,0,0,0,0,-638.666678,-461.793139,0.000000,0.000000,0.000000,0.000000,0.000000,0.000000,0.000000,0.000000,1775937,1816007,0,0,0,0,0,0,0,0
199,0,0,0,0,0,0,0,0,0,0,-409.724079,-380.192603,-391.039519,0.000000,0.000000,0.000000,0.000000,0.000000,0.000000,0.000000,81566,81787,81588,0,0,0,0,0,0,0
200,0,0,0,0,0,0,0,0,0,0,-264.206147,-360.661472,0.000000,0.000000,0.000000,0.000000,0.000000,0.000000,0.000000,0.000000,1318953,1315807,0,0,0,0,0,0,0,0
201,0,0,0,0,0,0,0,0,0,0,-473.142978,-606.243322,-531.442789,0.000000,0.000000,0.000000,0.000000,0.000000,0.000000,0.000000,1998186,1977995,1991460,0,0,0,0,0,0,0
202,0,0,0,0,0,0,0,0,0,0,-377.793344,-416.841109,0.000000,0.000000,0.000000,0.000000,0.000000,0.000000,0.000000,0.000000,2314367,2310847,0,0,0,0,0,0,0,0
203,0,0,0,0,0,0,0,0,0,0,-516.462746,0.000000,0.000000,0.000000,0.000000,0.000000,0.000000,0.000000,0.000000,0.000000,56313,0,0,0,0,0,0,0,0,0
204,0,0,0,0,0,0,0,0,0,0,-390.466092,-515.943289,0.000000,0.000000,0.000000,0.000000,0.000000,0.000000,0.000000,0.000000,2175714,2151887,0,0,0,0,0,0,0,0
205,0,0,0,0,0,0,0,0,0,0,-386.537820,-385.997103,0.000000,0.000000,0.000000,0.000000,0.000000,0.000000,0.000000,0.000000,2006743,1992910,0,0,0,0,0,0,0,0
206,0,0,0,0,0,0,0,0,0,0,-364.202835,-311.358779,-359.108416,0.000000,0.000000,0.000000,0.000000,0.000000,0.000000,0.000000,2459455,2472178,2446281,0,0,0,0,0,0,0
207,0,0,0,0,0,0,0,0,0,0,683.438248,93.242994,0.000000,0.000000,0.000000,0.000000,0.000000,0.000000,0.000000,0.000000,1019728,1044735,0,0,0,0,0,0,0,0
208,0,0,0,0,0,0,0,0,0,0,740.688085,1569.181488,519.383652,0.000000,0.000000,0.000000,0.000000,0.000000,0.000000,0.000000,1860776,1869875,1867766,0,0,0,0,0,0,0
209,0,0,0,0,0,0,0,0,0,0,-813.133499,-1017.890556,-763.855144,0.000000,0.000000,0.000000,0.000000,0.000000,0.000000,0.000000,1122255,1090041,1106052,0,0,0,0,0,0,0
210,0,0,0,0,0,0,0,0,0,0,-538.294488,-766.790293,-267.863788,0.000000,0.000000,0.000000,0.000000,0.000000,0.000000,0.000000,1307207,1288158,1278685,0,0,0,0,0,0,0
211,0,0,0,0,0,0,0,0,0,0,-365.419754,-416.040394,-357.706279,0.000000,0.000000,0.000000,0.000000,0.000000,0.000000,0.000000,1185122,1184027,1193896,0,0,0,0,0,0,0
212,0,0,0,0,0,0,0,0,0,0,-255.974629,-297.929437,0.000000,0.000000,0.000000,0.000000,0.000000,0.000000,0.000000,0.000000,1389546,1391012,0,0,0,0,0,0,0,0
213,0,0,0,0,0,0,0,0,0,0,-373.289804,-391.724942,0.000000,0.000000,0.000000,0.000000,0.000000,0.000000,0.000000,0.000000,2085326,2086580,0,0,0,0,0,0,0,0
214,0,0,0,0,0,0,0,0,0,0,-678.367393,-881.678874,0.000000,0.000000,0.000000,0.000000,0.000000,0.000000,0.000000,0.000000,1067681,1077970,0,0,0,0,0,0,0,0
215,0,0,0,0,0,0,0,0,0,0,-407.206683,-373.422322,0.000000,0.000000,0.000000,0.000000,0.000000,0.000000,0.000000,0.000000,2342455,2339874,0,0,0,0,0,0,0,0
216,0,0,0,0,0,0,0,0,0,0,350.609884,-135.188681,-102.160706,0.000000,0.000000,0.000000,0.000000,0.000000,0.000000,0.000000,1375314,1372847,1363983,0,0,0,0,0,0,0
217,0,0,0,0,0,0,0,0,0,0,-355.749165,-70.258077,0.000000,0.000000,0.000000,0.000000,0.000000,0.000000,0.000000,0.000000,1222036,1243054,0,0,0,0,0,0,0,0
218,0,0,0,0,0,0,0,0,0,0,-502.100957,-850.740830,0.000000,0.000000,0.000000,0.000000,0.000000,0.000000,0.000000,0.000000,1102069,1067155,0,0,0,0,0,0,0,0
219,0,0,0,0,0,0,0,0,0,0,-931.720898,0.000000,0.000000,0.000000,0.000000,0.000000,0.000000,0.000000,0.000000,0.000000,1044498,0,0,0,0,0,0,0,0,0
220,0,0,0,0,0,0,0,0,0,0,34.462073,-144.497607,-228.668698,0.000000,0.000000,0.000000,0.000000,0.000000,0.000000,0.000000,1278891,1291295,1287458,0,0,0,0,0,0,0
221,0,0,0,0,0,0,0,0,0,0,-350.734629,322.086113,-151.382036,0.000000,0.000000,0.000000,0.000000,0.000000,0.000000,0.000000,171573,179839,180353,0,0,0,0,0,0,0
222,0,0,0,0,0,0,0,0,0,0,-442.100104,-462.863232,-817.434060,-440.186799,0.000000,0.000000,0.000000,0.000000,0.000000,0.000000,74392,74226,67815,74494,0,0,0,0,0,0
223,0,0,0,0,0,0,0,0,0,0,-725.182825,-609.752945,0.000000,0.000000,0.000000,0.000000,0.000000,0.000000,0.000000,0.000000,52721,54705,0,0,0,0,0,0,0,0
224,0,0,0,0,0,0,0,0,0,0,-448.957937,-376.186973,-554.666606,0.000000,0.000000,0.000000,0.000000,0.000000,0.000000,0.000000,74111,74354,73546,0,0,0,0,0,0,0
225,0,0,0,0,0,0,0,0,0,0,-690.135486,0.000000,0.000000,0.000000,0.000000,0.000000,0.000000,0.000000,0.000000,0.000000,50100,0,0,0,0,0,0,0,0,0
226,0,0,0,0,0,0,0,0,0,0,-504.169427,-506.431744,-439.005792,0.000000,0.000000,0.000000,0.000000,0.000000,0.000000,0.000000,67151,68351,68487,0,0,0,0,0,0,0
227,0,0,0,0,0,0,0,0,0,0,-672.941127,-621.982067,0.000000,0.000000,0.000000,0.000000,0.000000,0.000000,0.000000,0.000000,54410,60695,0,0,0,0,0,0,0,0
228,0,0,0,0,0,0,0,0,0,0,225.996201,1395.816315,0.000000,0.000000,0.000000,0.000000,0.000000,0.000000,0.000000,0.000000,219979,222990,0,0,0,0,0,0,0,0
229,0,0,0,0,0,0,0,0,0,0,-409.780367,-518.141651,-527.336198,0.000000,0.000000,0.000000,0.000000,0.000000,0.000000,0.000000,105275,99156,105345,0,0,0,0,0,0,0
230,0,0,0,0,0,0,0,0,0,0,-211.976870,0.000000,0.000000,0.000000,0.000000,0.000000,0.000000,0.000000,0.000000,0.000000,156819,0,0,0,0,0,0,0,0,0
231,0,0,0,0,0,0,0,0,0,0,-477.867070,-539.479259,-485.385370,0.000000,0.000000,0.000000,0.000000,0.000000,0.000000,0.000000,59663,58481,58952,0,0,0,0,0,0,0
232,0,0,0,0,0,0,0,0,0,0,-374.335904,-450.484117,0.000000,0.000000,0.000000,0.000000,0.000000,0.000000,0.000000,0.000000,93250,91973,0,0,0,0,0,0,0,0
233,0,0,0,0,0,0,0,0,0,0,-374.010038,0.000000,0.000000,0.000000,0.000000,0.000000,0.000000,0.000000,0.000000,0.000000,2578010,0,0,0,0,0,0,0,0,0
234,0,0,0,0,0,0,0,0,0,0,-602.956309,0.000000,0.000000,0.000000,0.000000,0.000000,0.000000,0.000000,0.000000,0.000000,1806626,0,0,0,0,0,0,0,0,0
235,0,0,0,0,0,0,0,0,0,0,-401.329374,0.000000,0.000000,0.000000,0.000000,0.000000,0.000000,0.000000,0.000000,0.000000,2086776,0,0,0,0,0,0,0,0,0
236,0,0,0,0,0,0,0,0,0,0,-437.481488,0.000000,0.000000,0.000000,0.000000,0.000000,0.000000,0.000000,0.000000,0.000000,1892135,0,0,0,0,0,0,0,0,0
237,0,0,0,0,0,0,0,0,0,0,-490.962714,0.000000,0.000000,0.000000,0.000000,0.000000,0.000000,0.000000,0.000000,0.000000,58537,0,0,0,0,0,0,0,0,0
238,0,0,0,0,0,0,0,0,0,0,0.000000,0.000000,0.000000,0.000000,0.000000,0.000000,0.000000,0.000000,0.000000,0.000000,0,0,0,0,0,0,0,0,0,0
239,0,0,0,0,0,0,0,0,0,0,-437.123497,0.000000,0.000000,0.000000,0.000000,0.000000,0.000000,0.000000,0.000000,0.000000,2285424,0,0,0,0,0,0,0,0,0
240,0,0,0,0,0,0,0,0,0,0,-471.699950,0.000000,0.000000,0.000000,0.000000,0.000000,0.000000,0.000000,0.000000,0.000000,1924627,0,0,0,0,0,0,0,0,0
175,1,0,0,0,0,0,0,0,0,0,-305.159486,-353.900717,0.000000,0.000000,0.000000,0.000000,0.000000,0.000000,0.000000,0.000000,28894,29064,0,0,0,0,0,0,0,0
188,0,1,0,0,0,0,0,0,0,0,-344.800400,-298.640640,0.000000,0.000000,0.000000,0.000000,0.000000,0.000000,0.000000,0.000000,30138,28866,0,0,0,0,0,0,0,0
51,0,0,1,0,0,0,0,0,0,0,-307.629658,-477.839180,-416.011614,-428.261139,0.000000,0.000000,0.000000,0.000000,0.000000,0.000000,5379,5252,5421,5416,0,0,0,0,0,0
205,1,0,0,0,0,0,0,0,0,0,-395.966285,-389.156461,0.000000,0.000000,0.000000,0.000000,0.000000,0.000000,0.000000,0.000000,388,393,0,0,0,0,0,0,0,0
78,0,1,0,0,0,0,0,0,0,0,0.500000,0.500000,-22.505775,-41.418430,0.000000,0.000000,0.000000,0.000000,0.000000,0.000000,1,1,2,5,0,0,0,0,0,0
25,0,0,1,0,0,0,0,0,0,0,-479.064897,-454.985512,-353.081435,0.000000,0.000000,0.000000,0.000000,0.000000,0.000000,0.000000,315,310,306,0,0,0,0,0,0,0
166,1,0,0,0,0,0,0,0,0,0,-314.225060,-337.846044,-382.534107,0.000000,0.000000,0.000000,0.000000,0.000000,0.000000,0.000000,3941,3783,3802,0,0,0,0,0,0,0
180,1,0,0,0,0,0,0,0,0,0,-327.867513,0.000000,0.000000,0.000000,0.000000,0.000000,0.000000,0.000000,0.000000,0.000000,4511,0,0,0,0,0,0,0,0,0
52,0,0,1,0,0,0,0,0,0,0,-104.351685,-64.326487,-98.192812,0.000000,0.000000,0.000000,0.000000,0.000000,0.000000,0.000000,16,21,12,0,0,0,0,0,0,0
215,1,0,0,0,0,0,0,0,0,0,-419.983146,-401.873174,0.000000,0.000000,0.000000,0.000000,0.000000,0.000000,0.000000,0.000000,491,538,0,0,0,0,0,0,0,0
130,0,1,0,0,0,0,0,0,0,0,-430.802799,-427.450823,-430.210114,0.000000,0.000000,0.000000,0.000000,0.000000,0.000000,0.000000,494,510,459,0,0,0,0,0,0,0
169,1,0,0,0,0,0,0,0,0,0,-329.263941,-324.111466,0.000000,0.000000,0.000000,0.000000,0.000000,0.000000,0.000000,0.000000,440,413,0,0,0,0,0,0,0,0
143,1,0,0,0,0,0,0,0,0,0,-454.347725,-464.710183,0.000000,0.000000,0.000000,0.000000,0.000000,0.000000,0.000000,0.000000,5889,5966,0,0,0,0,0,0,0,0
206,0,1,0,0,0,0,0,0,0,0,-380.161544,-371.737483,-361.791631,0.000000,0.000000,0.000000,0.000000,0.000000,0.000000,0.000000,496,505,446,0,0,0,0,0,0,0
147,1,0,0,0,0,0,0,0,0,0,-344.696165,0.000000,0.000000,0.000000,0.000000,0.000000,0.000000,0.000000,0.000000,0.000000,638,0,0,0,0,0,0,0,0,0
175,2,0,0,0,0,0,0,0,0,0,-311.917396,-371.319338,0.000000,0.000000,0.000000,0.000000,0.000000,0.000000,0.000000,0.000000,309,243,0,0,0,0,0,0,0,0
188,0,2,0,0,0,0,0,0,0,0,-364.219557,-313.069789,0.000000,0.000000,0.000000,0.000000,0.000000,0.000000,0.000000,0.000000,257,279,0,0,0,0,0,0,0,0
179,0,0,1,0,0,0,0,0,0,0,-397.367343,-389.765957,-302.843834,0.000000,0.000000,0.000000,0.000000,0.000000,0.000000,0.000000,429,406,417,0,0,0,0,0,0,0
154,1,0,0,0,0,0,0,0,0,0,-129.312800,-171.763749,-134.568963,0.000000,0.000000,0.000000,0.000000,0.000000,0.000000,0.000000,16,15,10,0,0,0,0,0,0,0
170,1,0,0,0,0,0,0,0,0,0,-331.444183,-312.098280,-379.324398,-435.297851,0.000000,0.000000,0.000000,0.000000,0.000000,0.000000,50,40,44,40,0,0,0,0,0,0
213,0,1,0,0,0,0,0,0,0,0,-354.658592,-299.313132,0.000000,0.000000,0.000000,0.000000,0.000000,0.000000,0.000000,0.000000,59,40,0,0,0,0,0,0,0,0
135,0,1,0,0,0,0,0,0,0,0,-15.328644,-42.310172,-64.216220,0.000000,0.000000,0.000000,0.000000,0.000000,0.000000,0.000000,2,4,6,0,0,0,0,0,0,0
187,0,1,0,0,0,0,0,0,0,0,-142.017399,-159.002421,0.000000,0.000000,0.000000,0.000000,0.000000,0.000000,0.000000,0.000000,17,20,0,0,0,0,0,0,0,0
70,0,1,0,0,0,0,0,0,0,0,-371.649294,121.930924,-196.708268,0.000000,0.000000,0.000000,0.000000,0.000000,0.000000,0.000000,227,247,246,0,0,0,0,0,0,0
21,0,1,0,0,0,0,0,0,0,0,174.449345,-126.921533,398.495216,0.000000,0.000000,0.000000,0.000000,0.000000,0.000000,0.000000,252,249,250,0,0,0,0,0,0,0
170,0,1,0,0,0,0,0,0,0,0,-361.236298,-359.916541,-427.614573,-498.258388,0.000000,0.000000,0.000000,0.000000,0.000000,0.000000,82,81,81,81,0,0,0,0,0,0
112,0,0,1,0,0,0,0,0,0,0,-127.014579,-122.838224,-94.142889,0.000000,0.000000,0.000000,0.000000,0.000000,0.000000,0.000000,12,14,22,0,0,0,0,0,0,0
172,0,1,0,0,0,0,0,0,0,0,-563.174916,-403.087263,-480.354801,0.000000,0.000000,0.000000,0.000000,0.000000,0.000000,0.000000,6170,6043,6258,0,0,0,0,0,0,0
115,0,0,1,0,0,0,0,0,0,0,-438.975561,-366.301037,-465.128005,0.000000,0.000000,0.000000,0.000000,0.000000,0.000000,0.000000,6228,6313,6343,0,0,0,0,0,0,0
142,0,1,0,0,0,0,0,0,0,0,-419.933797,-478.767553,0.000000,0.000000,0.000000,0.000000,0.000000,0.000000,0.000000,0.000000,169,149,0,0,0,0,0,0,0,0
195,0,1,0,0,0,0,0,0,0,0,-498.830682,-439.831501,-593.466072,0.000000,0.000000,0.000000,0.000000,0.000000,0.000000,0.000000,128,152,148,0,0,0,0,0,0,0
163,0,1,0,0,0,0,0,0,0,0,8.565535,-43.647771,-60.544573,0.000000,0.000000,0.000000,0.000000,0.000000,0.000000,0.000000,4,5,5,0,0,0,0,0,0,0
115,0,1,0,0,0,0,0,0,0,0,-433.048099,-375.666183,-445.559180,0.000000,0.000000,0.000000,0.000000,0.000000,0.000000,0.000000,361,393,419,0,0,0,0,0,0,0
136,0,1,0,0,0,0,0,0,0,0,-383.977176,-416.084154,0.000000,0.000000,0.000000,0.000000,0.000000,0.000000,0.000000,0.000000,427,404,0,0,0,0,0,0,0,0
235,1,0,0,0,0,0,0,0,0,0,-412.518277,0.000000,0.000000,0.000000,0.000000,0.000000,0.000000,0.000000,0.000000,0.000000,125,0,0,0,0,0,0,0,0,0
208,0,1,0,0,0,0,0,0,0,0,218.476522,78.590040,82.507543,0.000000,0.000000,0.000000,0.000000,0.000000,0.000000,0.000000,8,4,4,0,0,0,0,0,0,0
96,0,0,1,0,0,0,0,0,0,0,31.889852,41.537591,57.280330,0.000000,0.000000,0.000000,0.000000,0.000000,0.000000,0.000000,2,2,3,0,0,0,0,0,0,0
125,1,0,0,0,0,0,0,0,0,0,-190.326487,-247.977817,-286.216038,0.000000,0.000000,0.000000,0.000000,0.000000,0.000000,0.000000,25,17,19,0,0,0,0,0,0,0
143,0,1,0,0,0,0,0,0,0,0,-258.541045,-145.272499,0.000000,0.000000,0.000000,0.000000,0.000000,0.000000,0.000000,0.000000,25,21,0,0,0,0,0,0,0,0
190,0,1,0,0,0,0,0,0,0,0,-472.790248,-416.514267,-459.035429,-432.520709,0.000000,0.000000,0.000000,0.000000,0.000000,0.000000,129,126,103,133,0,0,0,0,0,0
155,0,1,0,0,0,0,0,0,0,0,-487.821445,-408.776584,-433.464362,-425.418641,0.000000,0.000000,0.000000,0.000000,0.000000,0.000000,114,129,156,129,0,0,0,0,0,0
185,1,0,0,0,0,0,0,0,0,0,0.500000,-33.470388,0.000000,0.000000,0.000000,0.000000,0.000000,0.000000,0.000000,0.000000,1,3,0,0,0,0,0,0,0,0
81,0,1,0,0,0,0,0,0,0,0,-25.249565,-69.832797,-42.724396,0.000000,0.000000,0.000000,0.000000,0.000000,0.000000,0.000000,19,12,14,0,0,0,0,0,0,0
52,0,1,0,0,0,0,0,0,0,0,-115.006861,-53.738643,-106.206512,0.000000,0.000000,0.000000,0.000000,0.000000,0.000000,0.000000,17,14,13,0,0,0,0,0,0,0
100,0,1,0,0,0,0,0,0,0,0,747.220335,1004.024899,111.264020,0.000000,0.000000,0.000000,0.000000,0.000000,0.000000,0.000000,5,3,2,0,0,0,0,0,0,0
36,0,1,0,0,0,0,0,0,0,0,236.961139,158.362751,1563.879411,122.560739,0.000000,0.000000,0.000000,0.000000,0.000000,0.000000,2,3,3,2,0,0,0,0,0,0
196,1,0,0,0,0,0,0,0,0,0,-26.903822,-16.629769,0.000000,0.000000,0.000000,0.000000,0.000000,0.000000,0.000000,0.000000,3,2,0,0,0,0,0,0,0,0
