0,0,0,0,0,0,0,0,0,0,0,41737.827322,28183.470083,36319.200670,0.000000,0.000000,0.000000,0.000000,0.000000,0.000000,0.000000,14258,11097,11203,0,0,0,0,0,0,0
1,0,0,0,0,0,0,0,0,0,0,50984.782551,52272.608646,89286.033401,58329.493784,0.000000,0.000000,0.000000,0.000000,0.000000,0.000000,13036,12923,23641,12658,0,0,0,0,0,0
2,0,0,0,0,0,0,0,0,0,0,42591.845944,41768.486811,43488.038989,69492.302953,0.000000,0.000000,0.000000,0.000000,0.000000,0.000000,16515,16503,16710,27656,0,0,0,0,0,0
3,0,0,0,0,0,0,0,0,0,0,44379.091309,41181.791824,66481.517345,0.000000,0.000000,0.000000,0.000000,0.000000,0.000000,0.000000,11830,11714,17467,0,0,0,0,0,0,0
4,0,0,0,0,0,0,0,0,0,0,42897.586098,34654.074786,51768.938132,0.000000,0.000000,0.000000,0.000000,0.000000,0.000000,0.000000,12349,12357,16725,0,0,0,0,0,0,0
5,0,0,0,0,0,0,0,0,0,0,35438.039650,23015.955169,22854.454748,0.000000,0.000000,0.000000,0.000000,0.000000,0.000000,0.000000,16964,12305,12431,0,0,0,0,0,0,0
6,0,0,0,0,0,0,0,0,0,0,100000.000000,0.000000,0.000000,0.000000,0.000000,0.000000,0.000000,0.000000,0.000000,0.000000,42567,0,0,0,0,0,0,0,0,0
7,0,0,0,0,0,0,0,0,0,0,26306.383005,28953.749319,41811.363564,0.000000,0.000000,0.000000,0.000000,0.000000,0.000000,0.000000,11236,10919,14322,0,0,0,0,0,0,0
8,0,0,0,0,0,0,0,0,0,0,35546.389217,37705.998634,56190.281856,59000.566045,0.000000,0.000000,0.000000,0.000000,0.000000,0.000000,13158,12878,15170,21133,0,0,0,0,0,0
9,0,0,0,0,0,0,0,0,0,0,30124.458771,28286.979134,27633.716903,47193.331286,0.000000,0.000000,0.000000,0.000000,0.000000,0.000000,14648,14366,15004,24669,0,0,0,0,0,0
10,0,0,0,0,0,0,0,0,0,0,41246.349971,44224.364470,30994.151252,25023.768036,0.000000,0.000000,0.000000,0.000000,0.000000,0.000000,4439,6255,4173,4226,0,0,0,0,0,0
11,0,0,0,0,0,0,0,0,0,0,20114.524124,16912.864592,16634.448268,12613.358606,0.000000,0.000000,0.000000,0.000000,0.000000,0.000000,12949,9512,9692,9495,0,0,0,0,0,0
12,0,0,0,0,0,0,0,0,0,0,54496.322102,32408.503270,31410.407827,36546.266426,0.000000,0.000000,0.000000,0.000000,0.000000,0.000000,12967,7268,7503,6995,0,0,0,0,0,0
13,0,0,0,0,0,0,0,0,0,0,22448.950849,37049.368159,20570.457904,22669.790823,0.000000,0.000000,0.000000,0.000000,0.000000,0.000000,10853,16318,10918,10795,0,0,0,0,0,0
14,0,0,0,0,0,0,0,0,0,0,23932.999023,22437.688398,32636.843679,34497.681585,0.000000,0.000000,0.000000,0.000000,0.000000,0.000000,10354,10292,11780,14404,0,0,0,0,0,0
15,0,0,0,0,0,0,0,0,0,0,22918.795526,18691.904270,14711.989257,14265.711535,0.000000,0.000000,0.000000,0.000000,0.000000,0.000000,14364,9902,9905,10027,0,0,0,0,0,0
16,0,0,0,0,0,0,0,0,0,0,40806.623689,71598.652660,42516.804774,0.000000,0.000000,0.000000,0.000000,0.000000,0.000000,0.000000,12442,21802,12701,0,0,0,0,0,0,0
17,0,0,0,0,0,0,0,0,0,0,18875.704083,25200.353048,28678.940229,0.000000,0.000000,0.000000,0.000000,0.000000,0.000000,0.000000,10524,10501,13941,0,0,0,0,0,0,0
18,0,0,0,0,0,0,0,0,0,0,28649.312308,29890.030298,47034.186827,0.000000,0.000000,0.000000,0.000000,0.000000,0.000000,0.000000,21441,21578,38115,0,0,0,0,0,0,0
19,0,0,0,0,0,0,0,0,0,0,33335.576653,30833.750141,47212.204534,26089.447786,0.000000,0.000000,0.000000,0.000000,0.000000,0.000000,9621,9574,15126,9695,0,0,0,0,0,0
20,0,0,0,0,0,0,0,0,0,0,20313.692345,16461.386177,26406.143633,0.000000,0.000000,0.000000,0.000000,0.000000,0.000000,0.000000,11677,11553,15610,0,0,0,0,0,0,0
21,0,0,0,0,0,0,0,0,0,0,12760.636300,11223.754064,19908.076487,0.000000,0.000000,0.000000,0.000000,0.000000,0.000000,0.000000,10865,10980,15219,0,0,0,0,0,0,0
22,0,0,0,0,0,0,0,0,0,0,26613.520348,28651.090991,17710.203719,0.000000,0.000000,0.000000,0.000000,0.000000,0.000000,0.000000,12925,11796,10497,0,0,0,0,0,0,0
23,0,0,0,0,0,0,0,0,0,0,35764.628838,34073.380287,52366.503454,0.000000,0.000000,0.000000,0.000000,0.000000,0.000000,0.000000,12498,12266,18988,0,0,0,0,0,0,0
24,0,0,0,0,0,0,0,0,0,0,23063.176673,26658.975343,15297.727016,0.000000,0.000000,0.000000,0.000000,0.000000,0.000000,0.000000,11377,15171,11336,0,0,0,0,0,0,0
25,0,0,0,0,0,0,0,0,0,0,5294.758775,2682.632068,2790.592951,0.000000,0.000000,0.000000,0.000000,0.000000,0.000000,0.000000,24600,18133,19891,0,0,0,0,0,0,0
26,0,0,0,0,0,0,0,0,0,0,58757.644115,34180.595101,35871.842927,0.000000,0.000000,0.000000,0.000000,0.000000,0.000000,0.000000,10120,6847,6742,0,0,0,0,0,0,0
27,0,0,0,0,0,0,0,0,0,0,69398.220362,47280.388470,45640.301904,0.000000,0.000000,0.000000,0.000000,0.000000,0.000000,0.000000,15345,8994,9368,0,0,0,0,0,0,0
28,0,0,0,0,0,0,0,0,0,0,34208.859788,34527.418912,53417.031390,0.000000,0.000000,0.000000,0.000000,0.000000,0.000000,0.000000,15524,15617,21579,0,0,0,0,0,0,0
29,0,0,0,0,0,0,0,0,0,0,33273.998245,52472.112600,0.000000,0.000000,0.000000,0.000000,0.000000,0.000000,0.000000,0.000000,9320,11715,0,0,0,0,0,0,0,0
30,0,0,0,0,0,0,0,0,0,0,44893.132697,31619.816104,27138.939780,0.000000,0.000000,0.000000,0.000000,0.000000,0.000000,0.000000,22974,16186,16388,0,0,0,0,0,0,0
31,0,0,0,0,0,0,0,0,0,0,25176.975750,27721.181227,32675.652285,0.000000,0.000000,0.000000,0.000000,0.000000,0.000000,0.000000,10804,10967,13881,0,0,0,0,0,0,0
32,0,0,0,0,0,0,0,0,0,0,34683.208025,57951.878409,34232.520929,34921.599830,0.000000,0.000000,0.000000,0.000000,0.000000,0.000000,18045,31026,17850,18405,0,0,0,0,0,0
33,0,0,0,0,0,0,0,0,0,0,57218.504245,89803.723342,58899.519931,0.000000,0.000000,0.000000,0.000000,0.000000,0.000000,0.000000,10119,18918,10081,0,0,0,0,0,0,0
34,0,0,0,0,0,0,0,0,0,0,23258.011522,37313.583255,35396.414432,0.000000,0.000000,0.000000,0.000000,0.000000,0.000000,0.000000,14807,18279,16373,0,0,0,0,0,0,0
35,0,0,0,0,0,0,0,0,0,0,29048.215753,33676.112249,30717.801282,0.000000,0.000000,0.000000,0.000000,0.000000,0.000000,0.000000,9219,11624,9054,0,0,0,0,0,0,0
36,0,0,0,0,0,0,0,0,0,0,36288.998294,35025.379765,53474.767943,34238.373910,0.000000,0.000000,0.000000,0.000000,0.000000,0.000000,13247,13370,20190,13211,0,0,0,0,0,0
37,0,0,0,0,0,0,0,0,0,0,28578.377967,42990.478630,0.000000,0.000000,0.000000,0.000000,0.000000,0.000000,0.000000,0.000000,8444,9811,0,0,0,0,0,0,0,0
38,0,0,0,0,0,0,0,0,0,0,29088.511731,28483.439551,42349.486380,0.000000,0.000000,0.000000,0.000000,0.000000,0.000000,0.000000,13379,13096,17181,0,0,0,0,0,0,0
39,0,0,0,0,0,0,0,0,0,0,36078.750147,51586.781871,42587.898057,0.000000,0.000000,0.000000,0.000000,0.000000,0.000000,0.000000,14547,19640,14755,0,0,0,0,0,0,0
40,0,0,0,0,0,0,0,0,0,0,28046.355324,34442.123401,0.000000,0.000000,0.000000,0.000000,0.000000,0.000000,0.000000,0.000000,8204,9333,0,0,0,0,0,0,0,0
41,0,0,0,0,0,0,0,0,0,0,29902.406426,29255.036789,42866.091094,0.000000,0.000000,0.000000,0.000000,0.000000,0.000000,0.000000,15513,15228,21643,0,0,0,0,0,0,0
42,0,0,0,0,0,0,0,0,0,0,25171.229895,36420.631009,32812.454983,0.000000,0.000000,0.000000,0.000000,0.000000,0.000000,0.000000,13286,14413,15962,0,0,0,0,0,0,0
43,0,0,0,0,0,0,0,0,0,0,21135.987345,34921.970783,27038.781553,0.000000,0.000000,0.000000,0.000000,0.000000,0.000000,0.000000,12421,16908,12294,0,0,0,0,0,0,0
44,0,0,0,0,0,0,0,0,0,0,67900.541902,47331.996901,42688.227698,71760.325680,0.000000,0.000000,0.000000,0.000000,0.000000,0.000000,17796,14854,15008,25528,0,0,0,0,0,0
45,0,0,0,0,0,0,0,0,0,0,39491.174416,24617.760231,33299.285217,0.000000,0.000000,0.000000,0.000000,0.000000,0.000000,0.000000,3160,2287,2291,0,0,0,0,0,0,0
46,0,0,0,0,0,0,0,0,0,0,35355.977678,61576.714754,49480.354856,0.000000,0.000000,0.000000,0.000000,0.000000,0.000000,0.000000,805,1234,809,0,0,0,0,0,0,0
47,0,0,0,0,0,0,0,0,0,0,30276.250680,28420.167245,50513.331125,0.000000,0.000000,0.000000,0.000000,0.000000,0.000000,0.000000,1551,1594,2158,0,0,0,0,0,0,0
48,0,0,0,0,0,0,0,0,0,0,100000.000000,0.000000,0.000000,0.000000,0.000000,0.000000,0.000000,0.000000,0.000000,0.000000,967,0,0,0,0,0,0,0,0,0
49,0,0,0,0,0,0,0,0,0,0,45843.511583,48954.851250,89916.000000,0.000000,0.000000,0.000000,0.000000,0.000000,0.000000,0.000000,458,412,671,0,0,0,0,0,0,0
50,0,0,0,0,0,0,0,0,0,0,38822.543228,28120.674019,35830.677738,0.000000,0.000000,0.000000,0.000000,0.000000,0.000000,0.000000,11885,8407,8319,0,0,0,0,0,0,0
51,0,0,0,0,0,0,0,0,0,0,11297.322077,4868.197342,6279.010517,5700.825713,0.000000,0.000000,0.000000,0.000000,0.000000,0.000000,37265,20563,21108,21073,0,0,0,0,0,0
52,0,0,0,0,0,0,0,0,0,0,9371.843150,12616.894537,8367.375674,0.000000,0.000000,0.000000,0.000000,0.000000,0.000000,0.000000,8316,10292,8403,0,0,0,0,0,0,0
53,0,0,0,0,0,0,0,0,0,0,18292.419844,29832.847597,21179.858754,0.000000,0.000000,0.000000,0.000000,0.000000,0.000000,0.000000,10620,14216,10878,0,0,0,0,0,0,0
54,0,0,0,0,0,0,0,0,0,0,16706.425042,20191.657096,0.000000,0.000000,0.000000,0.000000,0.000000,0.000000,0.000000,0.000000,13983,18741,0,0,0,0,0,0,0,0
55,0,0,0,0,0,0,0,0,0,0,16941.462808,19207.652289,16211.892498,25662.433997,0.000000,0.000000,0.000000,0.000000,0.000000,0.000000,10499,10330,10466,14568,0,0,0,0,0,0
56,0,0,0,0,0,0,0,0,0,0,16907.046163,21351.765897,28033.241085,0.000000,0.000000,0.000000,0.000000,0.000000,0.000000,0.000000,11285,11782,15783,0,0,0,0,0,0,0
57,0,0,0,0,0,0,0,0,0,0,13161.621749,12461.284732,21423.249002,0.000000,0.000000,0.000000,0.000000,0.000000,0.000000,0.000000,10321,10195,13260,0,0,0,0,0,0,0
58,0,0,0,0,0,0,0,0,0,0,23603.425823,25289.762592,35903.709264,0.000000,0.000000,0.000000,0.000000,0.000000,0.000000,0.000000,17374,17465,29893,0,0,0,0,0,0,0
59,0,0,0,0,0,0,0,0,0,0,10307.118186,13164.358881,8430.560656,0.000000,0.000000,0.000000,0.000000,0.000000,0.000000,0.000000,8527,10140,8391,0,0,0,0,0,0,0
60,0,0,0,0,0,0,0,0,0,0,27340.570244,41615.557011,0.000000,0.000000,0.000000,0.000000,0.000000,0.000000,0.000000,0.000000,12122,15964,0,0,0,0,0,0,0,0
61,0,0,0,0,0,0,0,0,0,0,18734.672597,30185.589718,20024.995644,0.000000,0.000000,0.000000,0.000000,0.000000,0.000000,0.000000,19278,32208,19523,0,0,0,0,0,0,0
62,0,0,0,0,0,0,0,0,0,0,4235.749433,3896.902387,3594.053386,8315.284353,0.000000,0.000000,0.000000,0.000000,0.000000,0.000000,19715,20126,19542,33198,0,0,0,0,0,0
63,0,0,0,0,0,0,0,0,0,0,13557.584461,13147.346210,13784.756282,16780.955398,22426.635267,0.000000,0.000000,0.000000,0.000000,0.000000,16505,16464,16630,16756,32589,0,0,0,0,0
64,0,0,0,0,0,0,0,0,0,0,58070.955229,89944.672904,53867.761990,0.000000,0.000000,0.000000,0.000000,0.000000,0.000000,0.000000,13529,27229,13403,0,0,0,0,0,0,0
65,0,0,0,0,0,0,0,0,0,0,32945.532719,21983.920573,0.000000,0.000000,0.000000,0.000000,0.000000,0.000000,0.000000,0.000000,13574,10551,0,0,0,0,0,0,0,0
66,0,0,0,0,0,0,0,0,0,0,14153.389116,13895.775482,14919.149800,0.000000,0.000000,0.000000,0.000000,0.000000,0.000000,0.000000,10740,10161,9329,0,0,0,0,0,0,0
67,0,0,0,0,0,0,0,0,0,0,18957.553613,29246.417570,27016.173544,0.000000,0.000000,0.000000,0.000000,0.000000,0.000000,0.000000,10873,11820,13249,0,0,0,0,0,0,0
68,0,0,0,0,0,0,0,0,0,0,38032.272139,24456.714839,0.000000,0.000000,0.000000,0.000000,0.000000,0.000000,0.000000,0.000000,32866,21606,0,0,0,0,0,0,0,0
69,0,0,0,0,0,0,0,0,0,0,30950.323481,14100.141866,14919.616533,0.000000,0.000000,0.000000,0.000000,0.000000,0.000000,0.000000,3765,2603,2656,0,0,0,0,0,0,0
70,0,0,0,0,0,0,0,0,0,0,9504.676372,14721.804069,9636.827358,0.000000,0.000000,0.000000,0.000000,0.000000,0.000000,0.000000,9129,12303,9500,0,0,0,0,0,0,0
71,0,0,0,0,0,0,0,0,0,0,42082.155143,26832.970589,0.000000,0.000000,0.000000,0.000000,0.000000,0.000000,0.000000,0.000000,14705,11294,0,0,0,0,0,0,0,0
72,0,0,0,0,0,0,0,0,0,0,48268.394491,68389.709289,0.000000,0.000000,0.000000,0.000000,0.000000,0.000000,0.000000,0.000000,18772,31073,0,0,0,0,0,0,0,0
73,0,0,0,0,0,0,0,0,0,0,17019.795351,18113.949377,23647.850538,0.000000,0.000000,0.000000,0.000000,0.000000,0.000000,0.000000,10057,10138,12669,0,0,0,0,0,0,0
74,0,0,0,0,0,0,0,0,0,0,15344.815147,24399.794721,0.000000,0.000000,0.000000,0.000000,0.000000,0.000000,0.000000,0.000000,15638,22165,0,0,0,0,0,0,0,0
75,0,0,0,0,0,0,0,0,0,0,24700.683755,17204.206415,0.000000,0.000000,0.000000,0.000000,0.000000,0.000000,0.000000,0.000000,18742,13724,0,0,0,0,0,0,0,0
76,0,0,0,0,0,0,0,0,0,0,10323.008915,11169.120269,18033.097785,0.000000,0.000000,0.000000,0.000000,0.000000,0.000000,0.000000,18713,18924,31714,0,0,0,0,0,0,0
77,0,0,0,0,0,0,0,0,0,0,38656.585036,21405.159621,0.000000,0.000000,0.000000,0.000000,0.000000,0.000000,0.000000,0.000000,6465,4862,0,0,0,0,0,0,0,0
78,0,0,0,0,0,0,0,0,0,0,11162.921353,8856.097282,7078.459016,14359.121912,0.000000,0.000000,0.000000,0.000000,0.000000,0.000000,17423,17337,17645,31081,0,0,0,0,0,0
79,0,0,0,0,0,0,0,0,0,0,22293.563492,38164.282961,20250.091049,21983.215967,0.000000,0.000000,0.000000,0.000000,0.000000,0.000000,13149,20279,13169,13216,0,0,0,0,0,0
80,0,0,0,0,0,0,0,0,0,0,18265.603445,12354.564637,0.000000,0.000000,0.000000,0.000000,0.000000,0.000000,0.000000,0.000000,11767,9638,0,0,0,0,0,0,0,0
81,0,0,0,0,0,0,0,0,0,0,16943.438813,8967.582046,15164.860911,0.000000,0.000000,0.000000,0.000000,0.000000,0.000000,0.000000,11702,9633,9901,0,0,0,0,0,0,0
82,0,0,0,0,0,0,0,0,0,0,19431.073581,28951.596390,20365.752652,0.000000,0.000000,0.000000,0.000000,0.000000,0.000000,0.000000,13602,21921,13853,0,0,0,0,0,0,0
83,0,0,0,0,0,0,0,0,0,0,8409.420467,10517.005331,22751.179482,0.000000,0.000000,0.000000,0.000000,0.000000,0.000000,0.000000,1803,1708,2231,0,0,0,0,0,0,0
84,0,0,0,0,0,0,0,0,0,0,37880.183917,59147.077019,0.000000,0.000000,0.000000,0.000000,0.000000,0.000000,0.000000,0.000000,21491,34403,0,0,0,0,0,0,0,0
85,0,0,0,0,0,0,0,0,0,0,28766.933651,27473.867442,28029.192653,0.000000,0.000000,0.000000,0.000000,0.000000,0.000000,0.000000,14293,13807,14094,0,0,0,0,0,0,0
86,0,0,0,0,0,0,0,0,0,0,18910.196313,28187.361980,21726.272186,0.000000,0.000000,0.000000,0.000000,0.000000,0.000000,0.000000,12789,16063,12736,0,0,0,0,0,0,0
87,0,0,0,0,0,0,0,0,0,0,41886.345514,0.000000,0.000000,0.000000,0.000000,0.000000,0.000000,0.000000,0.000000,0.000000,297,0,0,0,0,0,0,0,0,0
88,0,0,0,0,0,0,0,0,0,0,35160.170948,27459.482920,32811.663228,24970.041764,0.000000,0.000000,0.000000,0.000000,0.000000,0.000000,16541,12292,12450,12214,0,0,0,0,0,0
89,0,0,0,0,0,0,0,0,0,0,35894.656139,35275.058819,0.000000,0.000000,0.000000,0.000000,0.000000,0.000000,0.000000,0.000000,8932,7162,0,0,0,0,0,0,0,0
90,0,0,0,0,0,0,0,0,0,0,41961.612110,30653.657381,0.000000,0.000000,0.000000,0.000000,0.000000,0.000000,0.000000,0.000000,8874,6845,0,0,0,0,0,0,0,0
91,0,0,0,0,0,0,0,0,0,0,18867.490481,21939.112518,30558.398855,0.000000,0.000000,0.000000,0.000000,0.000000,0.000000,0.000000,13079,13245,17254,0,0,0,0,0,0,0
92,0,0,0,0,0,0,0,0,0,0,34045.389346,34820.912297,25516.496655,0.000000,0.000000,0.000000,0.000000,0.000000,0.000000,0.000000,14997,18436,14492,0,0,0,0,0,0,0
93,0,0,0,0,0,0,0,0,0,0,18480.874022,21931.257398,22160.484036,0.000000,0.000000,0.000000,0.000000,0.000000,0.000000,0.000000,12169,12607,14847,0,0,0,0,0,0,0
94,0,0,0,0,0,0,0,0,0,0,35396.667458,40303.388977,44570.615200,0.000000,0.000000,0.000000,0.000000,0.000000,0.000000,0.000000,12223,12361,15801,0,0,0,0,0,0,0
95,0,0,0,0,0,0,0,0,0,0,35523.625882,0.000000,0.000000,0.000000,0.000000,0.000000,0.000000,0.000000,0.000000,0.000000,1507,0,0,0,0,0,0,0,0,0
96,0,0,0,0,0,0,0,0,0,0,27504.906041,34721.147889,22212.570431,0.000000,0.000000,0.000000,0.000000,0.000000,0.000000,0.000000,14509,19169,14490,0,0,0,0,0,0,0
97,0,0,0,0,0,0,0,0,0,0,34514.752784,22404.298992,27309.721543,0.000000,0.000000,0.000000,0.000000,0.000000,0.000000,0.000000,19121,14162,14635,0,0,0,0,0,0,0
98,0,0,0,0,0,0,0,0,0,0,46715.214444,0.000000,0.000000,0.000000,0.000000,0.000000,0.000000,0.000000,0.000000,0.000000,330,0,0,0,0,0,0,0,0,0
99,0,0,0,0,0,0,0,0,0,0,44511.870835,26323.877422,29532.177860,26611.577077,0.000000,0.000000,0.000000,0.000000,0.000000,0.000000,23850,15405,15332,15184,0,0,0,0,0,0
100,0,0,0,0,0,0,0,0,0,0,42925.008097,41399.506536,29032.921321,0.000000,0.000000,0.000000,0.000000,0.000000,0.000000,0.000000,17074,16112,14504,0,0,0,0,0,0,0
101,0,0,0,0,0,0,0,0,0,0,35380.369953,0.000000,0.000000,0.000000,0.000000,0.000000,0.000000,0.000000,0.000000,0.000000,214,0,0,0,0,0,0,0,0,0
102,0,0,0,0,0,0,0,0,0,0,28613.848890,0.000000,0.000000,0.000000,0.000000,0.000000,0.000000,0.000000,0.000000,0.000000,2204,0,0,0,0,0,0,0,0,0
103,0,0,0,0,0,0,0,0,0,0,18772.809029,0.000000,0.000000,0.000000,0.000000,0.000000,0.000000,0.000000,0.000000,0.000000,153,0,0,0,0,0,0,0,0,0
104,0,0,0,0,0,0,0,0,0,0,23143.747421,61900.341913,28271.701615,0.000000,0.000000,0.000000,0.000000,0.000000,0.000000,0.000000,269,374,224,0,0,0,0,0,0,0
105,0,0,0,0,0,0,0,0,0,0,67121.312355,42302.352831,37321.883384,39263.417042,0.000000,0.000000,0.000000,0.000000,0.000000,0.000000,487,364,327,335,0,0,0,0,0,0
106,0,0,0,0,0,0,0,0,0,0,24074.199930,10816.511947,0.000000,0.000000,0.000000,0.000000,0.000000,0.000000,0.000000,0.000000,2483,2135,0,0,0,0,0,0,0,0
107,0,0,0,0,0,0,0,0,0,0,12673.526902,37189.735943,0.000000,0.000000,0.000000,0.000000,0.000000,0.000000,0.000000,0.000000,169,232,0,0,0,0,0,0,0,0
108,0,0,0,0,0,0,0,0,0,0,23214.678400,0.000000,0.000000,0.000000,0.000000,0.000000,0.000000,0.000000,0.000000,0.000000,2725,0,0,0,0,0,0,0,0,0
109,0,0,0,0,0,0,0,0,0,0,34089.806578,17041.168041,19639.191686,0.000000,0.000000,0.000000,0.000000,0.000000,0.000000,0.000000,3710,2817,2810,0,0,0,0,0,0,0
110,0,0,0,0,0,0,0,0,0,0,0.000000,0.000000,0.000000,0.000000,0.000000,0.000000,0.000000,0.000000,0.000000,0.000000,0,0,0,0,0,0,0,0,0,0
111,0,0,0,0,0,0,0,0,0,0,89939.967080,45393.817302,0.000000,0.000000,0.000000,0.000000,0.000000,0.000000,0.000000,0.000000,297,165,0,0,0,0,0,0,0,0
112,0,0,0,0,0,0,0,0,0,0,7663.579568,11945.107632,8820.169917,0.000000,0.000000,0.000000,0.000000,0.000000,0.000000,0.000000,7661,8356,8972,0,0,0,0,0,0,0
113,0,0,0,0,0,0,0,0,0,0,2954.361544,3330.678674,5130.858923,0.000000,0.000000,0.000000,0.000000,0.000000,0.000000,0.000000,15003,14773,20801,0,0,0,0,0,0,0
114,0,0,0,0,0,0,0,0,0,0,21340.181887,21772.761384,18680.890129,0.000000,0.000000,0.000000,0.000000,0.000000,0.000000,0.000000,12726,14324,11801,0,0,0,0,0,0,0
115,0,0,0,0,0,0,0,0,0,0,1605.975165,2550.596470,1911.406607,0.000000,0.000000,0.000000,0.000000,0.000000,0.000000,0.000000,17646,22585,17571,0,0,0,0,0,0,0
116,0,0,0,0,0,0,0,0,0,0,14411.065404,0.000000,0.000000,0.000000,0.000000,0.000000,0.000000,0.000000,0.000000,0.000000,14844,0,0,0,0,0,0,0,0,0
117,0,0,0,0,0,0,0,0,0,0,1220.040326,1205.482597,0.000000,0.000000,0.000000,0.000000,0.000000,0.000000,0.000000,0.000000,21927,19710,0,0,0,0,0,0,0,0
118,0,0,0,0,0,0,0,0,0,0,1846.617731,3066.091337,1311.183237,0.000000,0.000000,0.000000,0.000000,0.000000,0.000000,0.000000,12146,15392,11903,0,0,0,0,0,0,0
119,0,0,0,0,0,0,0,0,0,0,8153.536190,4346.620312,0.000000,0.000000,0.000000,0.000000,0.000000,0.000000,0.000000,0.000000,10965,9321,0,0,0,0,0,0,0,0
120,0,0,0,0,0,0,0,0,0,0,8129.300685,0.000000,0.000000,0.000000,0.000000,0.000000,0.000000,0.000000,0.000000,0.000000,9463,0,0,0,0,0,0,0,0,0
121,0,0,0,0,0,0,0,0,0,0,10730.633851,8017.116816,6620.021029,0.000000,0.000000,0.000000,0.000000,0.000000,0.000000,0.000000,10736,10284,8991,0,0,0,0,0,0,0
122,0,0,0,0,0,0,0,0,0,0,2643.026745,1278.804516,1386.610366,1880.129285,0.000000,0.000000,0.000000,0.000000,0.000000,0.000000,17064,15236,13616,13472,0,0,0,0,0,0
123,0,0,0,0,0,0,0,0,0,0,1579.651224,2192.774071,1262.725125,0.000000,0.000000,0.000000,0.000000,0.000000,0.000000,0.000000,17209,18241,20848,0,0,0,0,0,0,0
124,0,0,0,0,0,0,0,0,0,0,219.140348,519.611154,0.000000,0.000000,0.000000,0.000000,0.000000,0.000000,0.000000,0.000000,25927,31804,0,0,0,0,0,0,0,0
125,0,0,0,0,0,0,0,0,0,0,5973.260828,3776.385511,3117.589250,0.000000,0.000000,0.000000,0.000000,0.000000,0.000000,0.000000,24677,16884,16946,0,0,0,0,0,0,0
126,0,0,0,0,0,0,0,0,0,0,12627.670082,0.000000,0.000000,0.000000,0.000000,0.000000,0.000000,0.000000,0.000000,0.000000,11460,0,0,0,0,0,0,0,0,0
127,0,0,0,0,0,0,0,0,0,0,19709.754882,13453.111299,0.000000,0.000000,0.000000,0.000000,0.000000,0.000000,0.000000,0.000000,11281,9058,0,0,0,0,0,0,0,0
128,0,0,0,0,0,0,0,0,0,0,18494.832784,16424.847406,23191.240041,0.000000,0.000000,0.000000,0.000000,0.000000,0.000000,0.000000,9794,9415,11433,0,0,0,0,0,0,0
129,0,0,0,0,0,0,0,0,0,0,7005.882103,13348.138631,0.000000,0.000000,0.000000,0.000000,0.000000,0.000000,0.000000,0.000000,9111,10974,0,0,0,0,0,0,0,0
130,0,0,0,0,0,0,0,0,0,0,2397.411154,1239.666738,1755.336391,0.000000,0.000000,0.000000,0.000000,0.000000,0.000000,0.000000,22006,20337,18302,0,0,0,0,0,0,0
131,0,0,0,0,0,0,0,0,0,0,16265.317046,20245.976428,18209.234688,0.000000,0.000000,0.000000,0.000000,0.000000,0.000000,0.000000,9447,10637,10729,0,0,0,0,0,0,0
132,0,0,0,0,0,0,0,0,0,0,17882.510448,12361.536489,0.000000,0.000000,0.000000,0.000000,0.000000,0.000000,0.000000,0.000000,11458,9602,0,0,0,0,0,0,0,0
133,0,0,0,0,0,0,0,0,0,0,24164.101360,16012.212204,0.000000,0.000000,0.000000,0.000000,0.000000,0.000000,0.000000,0.000000,13636,10914,0,0,0,0,0,0,0,0
134,0,0,0,0,0,0,0,0,0,0,15147.783392,3765.485778,0.000000,0.000000,0.000000,0.000000,0.000000,0.000000,0.000000,0.000000,1537,1279,0,0,0,0,0,0,0,0
135,0,0,0,0,0,0,0,0,0,0,7452.682776,13500.041719,11024.663025,0.000000,0.000000,0.000000,0.000000,0.000000,0.000000,0.000000,9759,11806,11602,0,0,0,0,0,0,0
136,0,0,0,0,0,0,0,0,0,0,3011.901447,1905.216718,0.000000,0.000000,0.000000,0.000000,0.000000,0.000000,0.000000,0.000000,24272,19813,0,0,0,0,0,0,0,0
137,0,0,0,0,0,0,0,0,0,0,12215.732617,6820.929088,8466.140053,0.000000,0.000000,0.000000,0.000000,0.000000,0.000000,0.000000,9887,8159,7783,0,0,0,0,0,0,0
138,0,0,0,0,0,0,0,0,0,0,13382.797445,8654.873991,6591.259534,0.000000,0.000000,0.000000,0.000000,0.000000,0.000000,0.000000,16087,11134,11068,0,0,0,0,0,0,0
139,0,0,0,0,0,0,0,0,0,0,10894.473047,13992.435273,9887.264978,0.000000,0.000000,0.000000,0.000000,0.000000,0.000000,0.000000,14288,20758,13710,0,0,0,0,0,0,0
140,0,0,0,0,0,0,0,0,0,0,975.314540,333.641861,0.000000,0.000000,0.000000,0.000000,0.000000,0.000000,0.000000,0.000000,21657,23585,0,0,0,0,0,0,0,0
141,0,0,0,0,0,0,0,0,0,0,2758.173460,2201.322159,0.000000,0.000000,0.000000,0.000000,0.000000,0.000000,0.000000,0.000000,7497,6750,0,0,0,0,0,0,0,0
142,0,0,0,0,0,0,0,0,0,0,324.179607,1096.716574,0.000000,0.000000,0.000000,0.000000,0.000000,0.000000,0.000000,0.000000,21363,19452,0,0,0,0,0,0,0,0
143,0,0,0,0,0,0,0,0,0,0,7935.356617,4102.425225,0.000000,0.000000,0.000000,0.000000,0.000000,0.000000,0.000000,0.000000,27131,19924,0,0,0,0,0,0,0,0
144,0,0,0,0,0,0,0,0,0,0,7145.772915,3976.475482,0.000000,0.000000,0.000000,0.000000,0.000000,0.000000,0.000000,0.000000,9476,8558,0,0,0,0,0,0,0,0
145,0,0,0,0,0,0,0,0,0,0,495.241781,1239.604626,582.595801,0.000000,0.000000,0.000000,0.000000,0.000000,0.000000,0.000000,27305,25622,22924,0,0,0,0,0,0,0
146,0,0,0,0,0,0,0,0,0,0,6271.399541,10005.161075,0.000000,0.000000,0.000000,0.000000,0.000000,0.000000,0.000000,0.000000,9375,11068,0,0,0,0,0,0,0,0
147,0,0,0,0,0,0,0,0,0,0,378.034277,0.000000,0.000000,0.000000,0.000000,0.000000,0.000000,0.000000,0.000000,0.000000,31502,0,0,0,0,0,0,0,0,0
148,0,0,0,0,0,0,0,0,0,0,6502.531274,9531.782487,0.000000,0.000000,0.000000,0.000000,0.000000,0.000000,0.000000,0.000000,10893,11847,0,0,0,0,0,0,0,0
149,0,0,0,0,0,0,0,0,0,0,100000.000000,0.000000,0.000000,0.000000,0.000000,0.000000,0.000000,0.000000,0.000000,0.000000,28113,0,0,0,0,0,0,0,0,0
150,0,0,0,0,0,0,0,0,0,0,2182.983411,1561.760650,0.000000,0.000000,0.000000,0.000000,0.000000,0.000000,0.000000,0.000000,17094,18347,0,0,0,0,0,0,0,0
151,0,0,0,0,0,0,0,0,0,0,2956.022704,2913.490890,7333.540361,0.000000,0.000000,0.000000,0.000000,0.000000,0.000000,0.000000,7961,7477,8497,0,0,0,0,0,0,0
152,0,0,0,0,0,0,0,0,0,0,2759.293037,1750.961615,0.000000,0.000000,0.000000,0.000000,0.000000,0.000000,0.000000,0.000000,20778,20338,0,0,0,0,0,0,0,0
153,0,0,0,0,0,0,0,0,0,0,7341.948090,0.000000,0.000000,0.000000,0.000000,0.000000,0.000000,0.000000,0.000000,0.000000,11355,0,0,0,0,0,0,0,0,0
154,0,0,0,0,0,0,0,0,0,0,6855.453496,10142.042825,5415.043466,0.000000,0.000000,0.000000,0.000000,0.000000,0.000000,0.000000,8919,10232,8469,0,0,0,0,0,0,0
155,0,0,0,0,0,0,0,0,0,0,2723.862466,3311.238650,2171.334276,1841.786678,0.000000,0.000000,0.000000,0.000000,0.000000,0.000000,13476,19314,14023,13927,0,0,0,0,0,0
156,0,0,0,0,0,0,0,0,0,0,1641.095220,3082.875369,1752.751386,0.000000,0.000000,0.000000,0.000000,0.000000,0.000000,0.000000,14308,16831,15974,0,0,0,0,0,0,0
157,0,0,0,0,0,0,0,0,0,0,3163.193839,3429.086619,2135.558669,0.000000,0.000000,0.000000,0.000000,0.000000,0.000000,0.000000,16676,19254,17924,0,0,0,0,0,0,0
158,0,0,0,0,0,0,0,0,0,0,2900.655136,1875.520277,0.000000,0.000000,0.000000,0.000000,0.000000,0.000000,0.000000,0.000000,23120,18466,0,0,0,0,0,0,0,0
159,0,0,0,0,0,0,0,0,0,0,14480.054951,8719.727247,10170.048781,0.000000,0.000000,0.000000,0.000000,0.000000,0.000000,0.000000,15975,11187,11377,0,0,0,0,0,0,0
160,0,0,0,0,0,0,0,0,0,0,1069.453478,2240.085724,0.000000,0.000000,0.000000,0.000000,0.000000,0.000000,0.000000,0.000000,15339,15331,0,0,0,0,0,0,0,0
161,0,0,0,0,0,0,0,0,0,0,7742.669486,21699.816643,8614.302032,0.000000,0.000000,0.000000,0.000000,0.000000,0.000000,0.000000,1622,2115,1602,0,0,0,0,0,0,0
162,0,0,0,0,0,0,0,0,0,0,1255.646824,2246.002127,0.000000,0.000000,0.000000,0.000000,0.000000,0.000000,0.000000,0.000000,19763,23337,0,0,0,0,0,0,0,0
163,0,0,0,0,0,0,0,0,0,0,17448.576250,10496.698045,9526.780236,0.000000,0.000000,0.000000,0.000000,0.000000,0.000000,0.000000,19188,13058,12655,0,0,0,0,0,0,0
164,0,0,0,0,0,0,0,0,0,0,6469.292460,13268.926008,7084.930141,0.000000,0.000000,0.000000,0.000000,0.000000,0.000000,0.000000,9731,13357,10139,0,0,0,0,0,0,0
165,0,0,0,0,0,0,0,0,0,0,8553.832905,13237.230691,0.000000,0.000000,0.000000,0.000000,0.000000,0.000000,0.000000,0.000000,8646,10142,0,0,0,0,0,0,0,0
166,0,0,0,0,0,0,0,0,0,0,188.731057,531.749237,259.340159,0.000000,0.000000,0.000000,0.000000,0.000000,0.000000,0.000000,30457,24720,24134,0,0,0,0,0,0,0
167,0,0,0,0,0,0,0,0,0,0,3290.563086,5297.616196,4445.569587,0.000000,0.000000,0.000000,0.000000,0.000000,0.000000,0.000000,17787,22027,21649,0,0,0,0,0,0,0
168,0,0,0,0,0,0,0,0,0,0,19585.843536,23707.386627,17488.884438,0.000000,0.000000,0.000000,0.000000,0.000000,0.000000,0.000000,9443,12178,9735,0,0,0,0,0,0,0
169,0,0,0,0,0,0,0,0,0,0,4270.967661,5481.344722,0.000000,0.000000,0.000000,0.000000,0.000000,0.000000,0.000000,0.000000,8272,9353,0,0,0,0,0,0,0,0
170,0,0,0,0,0,0,0,0,0,0,2915.957779,3285.347721,4911.837404,4071.306772,0.000000,0.000000,0.000000,0.000000,0.000000,0.000000,19457,18768,25031,17868,0,0,0,0,0,0
171,0,0,0,0,0,0,0,0,0,0,339.666971,523.189776,225.144732,0.000000,0.000000,0.000000,0.000000,0.000000,0.000000,0.000000,22991,21576,26391,0,0,0,0,0,0,0
172,0,0,0,0,0,0,0,0,0,0,2935.847057,1879.767315,1569.371615,0.000000,0.000000,0.000000,0.000000,0.000000,0.000000,0.000000,16956,19019,15799,0,0,0,0,0,0,0
173,0,0,0,0,0,0,0,0,0,0,19254.156386,30157.191630,0.000000,0.000000,0.000000,0.000000,0.000000,0.000000,0.000000,0.000000,13425,18707,0,0,0,0,0,0,0,0
174,0,0,0,0,0,0,0,0,0,0,3880.564040,2105.844567,2474.425582,0.000000,0.000000,0.000000,0.000000,0.000000,0.000000,0.000000,17310,13412,13000,0,0,0,0,0,0,0
175,0,0,0,0,0,0,0,0,0,0,622.602064,1300.771200,0.000000,0.000000,0.000000,0.000000,0.000000,0.000000,0.000000,0.000000,28013,25246,0,0,0,0,0,0,0,0
176,0,0,0,0,0,0,0,0,0,0,15846.058853,15247.783235,9208.041666,8947.634214,8721.172367,0.000000,0.000000,0.000000,0.000000,0.000000,10482,11825,8981,8909,9195,0,0,0,0,0
177,0,0,0,0,0,0,0,0,0,0,14986.654777,16193.231602,10058.076737,0.000000,0.000000,0.000000,0.000000,0.000000,0.000000,0.000000,9237,11574,9089,0,0,0,0,0,0,0
178,0,0,0,0,0,0,0,0,0,0,10455.175078,0.000000,0.000000,0.000000,0.000000,0.000000,0.000000,0.000000,0.000000,0.000000,9002,0,0,0,0,0,0,0,0,0
179,0,0,0,0,0,0,0,0,0,0,3133.723125,6715.625407,3961.998567,0.000000,0.000000,0.000000,0.000000,0.000000,0.000000,0.000000,7780,8840,8768,0,0,0,0,0,0,0
180,0,0,0,0,0,0,0,0,0,0,300.323073,0.000000,0.000000,0.000000,0.000000,0.000000,0.000000,0.000000,0.000000,0.000000,30871,0,0,0,0,0,0,0,0,0
181,0,0,0,0,0,0,0,0,0,0,100.877450,0.000000,0.000000,0.000000,0.000000,0.000000,0.000000,0.000000,0.000000,0.000000,599,0,0,0,0,0,0,0,0,0
182,0,0,0,0,0,0,0,0,0,0,3055.218301,3831.315098,4189.337294,0.000000,0.000000,0.000000,0.000000,0.000000,0.000000,0.000000,8456,7710,8246,0,0,0,0,0,0,0
183,0,0,0,0,0,0,0,0,0,0,28097.292699,23904.877055,18900.086507,0.000000,0.000000,0.000000,0.000000,0.000000,0.000000,0.000000,14859,12741,12012,0,0,0,0,0,0,0
184,0,0,0,0,0,0,0,0,0,0,642.549577,318.370028,0.000000,0.000000,0.000000,0.000000,0.000000,0.000000,0.000000,0.000000,20933,24669,0,0,0,0,0,0,0,0
185,0,0,0,0,0,0,0,0,0,0,10803.152214,9660.769837,0.000000,0.000000,0.000000,0.000000,0.000000,0.000000,0.000000,0.000000,15390,14022,0,0,0,0,0,0,0,0
186,0,0,0,0,0,0,0,0,0,0,1735.056539,4444.069381,0.000000,0.000000,0.000000,0.000000,0.000000,0.000000,0.000000,0.000000,6990,7926,0,0,0,0,0,0,0,0
187,0,0,0,0,0,0,0,0,0,0,9110.082057,6959.854910,0.000000,0.000000,0.000000,0.000000,0.000000,0.000000,0.000000,0.000000,8955,8076,0,0,0,0,0,0,0,0
188,0,0,0,0,0,0,0,0,0,0,294.924506,921.675317,0.000000,0.000000,0.000000,0.000000,0.000000,0.000000,0.000000,0.000000,24476,29297,0,0,0,0,0,0,0,0
189,0,0,0,0,0,0,0,0,0,0,10401.010681,17602.193692,15408.951729,10002.888695,0.000000,0.000000,0.000000,0.000000,0.000000,0.000000,9409,13887,9372,9556,0,0,0,0,0,0
190,0,0,0,0,0,0,0,0,0,0,3766.146986,2502.849605,2611.324410,4156.559221,0.000000,0.000000,0.000000,0.000000,0.000000,0.000000,14955,15504,14920,22842,0,0,0,0,0,0
191,0,0,0,0,0,0,0,0,0,0,976.001273,1832.388334,809.004372,0.000000,0.000000,0.000000,0.000000,0.000000,0.000000,0.000000,20534,22985,24112,0,0,0,0,0,0,0
192,0,0,0,0,0,0,0,0,0,0,7342.997876,3691.540861,4311.119965,0.000000,0.000000,0.000000,0.000000,0.000000,0.000000,0.000000,28036,18309,18092,0,0,0,0,0,0,0
193,0,0,0,0,0,0,0,0,0,0,870.080654,989.475525,1873.770306,0.000000,0.000000,0.000000,0.000000,0.000000,0.000000,0.000000,16776,18766,19415,0,0,0,0,0,0,0
194,0,0,0,0,0,0,0,0,0,0,8032.895177,13122.125799,0.000000,0.000000,0.000000,0.000000,0.000000,0.000000,0.000000,0.000000,9596,11562,0,0,0,0,0,0,0,0
195,0,0,0,0,0,0,0,0,0,0,478.905815,680.313508,1684.095455,0.000000,0.000000,0.000000,0.000000,0.000000,0.000000,0.000000,15735,19146,16558,0,0,0,0,0,0,0
196,0,0,0,0,0,0,0,0,0,0,262.793528,798.707069,0.000000,0.000000,0.000000,0.000000,0.000000,0.000000,0.000000,0.000000,31050,27815,0,0,0,0,0,0,0,0
197,0,0,0,0,0,0,0,0,0,0,12207.215265,21411.307470,12494.200294,0.000000,0.000000,0.000000,0.000000,0.000000,0.000000,0.000000,10541,15272,10562,0,0,0,0,0,0,0
198,0,0,0,0,0,0,0,0,0,0,942.194954,2078.908612,0.000000,0.000000,0.000000,0.000000,0.000000,0.000000,0.000000,0.000000,10895,12672,0,0,0,0,0,0,0,0
199,0,0,0,0,0,0,0,0,0,0,-97.855907,1684.097771,-107.999473,0.000000,0.000000,0.000000,0.000000,0.000000,0.000000,0.000000,597,758,607,0,0,0,0,0,0,0
200,0,0,0,0,0,0,0,0,0,0,4473.324349,2887.297883,0.000000,0.000000,0.000000,0.000000,0.000000,0.000000,0.000000,0.000000,9656,8454,0,0,0,0,0,0,0,0
201,0,0,0,0,0,0,0,0,0,0,4525.440401,2232.742266,2121.711880,0.000000,0.000000,0.000000,0.000000,0.000000,0.000000,0.000000,20760,14850,15173,0,0,0,0,0,0,0
202,0,0,0,0,0,0,0,0,0,0,651.277161,1399.836344,0.000000,0.000000,0.000000,0.000000,0.000000,0.000000,0.000000,0.000000,19683,19498,0,0,0,0,0,0,0,0
203,0,0,0,0,0,0,0,0,0,0,-411.288081,0.000000,0.000000,0.000000,0.000000,0.000000,0.000000,0.000000,0.000000,0.000000,371,0,0,0,0,0,0,0,0,0
204,0,0,0,0,0,0,0,0,0,0,254.839014,854.802034,0.000000,0.000000,0.000000,0.000000,0.000000,0.000000,0.000000,0.000000,19834,17071,0,0,0,0,0,0,0,0
205,0,0,0,0,0,0,0,0,0,0,3513.887238,2422.645881,0.000000,0.000000,0.000000,0.000000,0.000000,0.000000,0.000000,0.000000,23921,19085,0,0,0,0,0,0,0,0
206,0,0,0,0,0,0,0,0,0,0,691.622619,239.713336,238.428230,0.000000,0.000000,0.000000,0.000000,0.000000,0.000000,0.000000,24655,30341,24300,0,0,0,0,0,0,0
207,0,0,0,0,0,0,0,0,0,0,24298.217729,13759.655838,0.000000,0.000000,0.000000,0.000000,0.000000,0.000000,0.000000,0.000000,15035,11765,0,0,0,0,0,0,0,0
208,0,0,0,0,0,0,0,0,0,0,21776.179239,26692.674961,18395.874124,0.000000,0.000000,0.000000,0.000000,0.000000,0.000000,0.000000,13055,16862,13387,0,0,0,0,0,0,0
209,0,0,0,0,0,0,0,0,0,0,4502.073234,4755.545350,9457.707630,0.000000,0.000000,0.000000,0.000000,0.000000,0.000000,0.000000,7496,7390,9561,0,0,0,0,0,0,0
210,0,0,0,0,0,0,0,0,0,0,10823.074088,9678.813683,15202.258401,0.000000,0.000000,0.000000,0.000000,0.000000,0.000000,0.000000,10879,10752,14872,0,0,0,0,0,0,0
211,0,0,0,0,0,0,0,0,0,0,9912.465941,4659.412704,5267.299771,0.000000,0.000000,0.000000,0.000000,0.000000,0.000000,0.000000,11331,8480,8390,0,0,0,0,0,0,0
212,0,0,0,0,0,0,0,0,0,0,6219.395825,3394.737999,0.000000,0.000000,0.000000,0.000000,0.000000,0.000000,0.000000,0.000000,10844,9502,0,0,0,0,0,0,0,0
213,0,0,0,0,0,0,0,0,0,0,2465.483407,3583.139514,0.000000,0.000000,0.000000,0.000000,0.000000,0.000000,0.000000,0.000000,20794,23553,0,0,0,0,0,0,0,0
214,0,0,0,0,0,0,0,0,0,0,2759.157667,6391.789309,0.000000,0.000000,0.000000,0.000000,0.000000,0.000000,0.000000,0.000000,6665,7227,0,0,0,0,0,0,0,0
215,0,0,0,0,0,0,0,0,0,0,1789.614622,854.781369,0.000000,0.000000,0.000000,0.000000,0.000000,0.000000,0.000000,0.000000,23751,23086,0,0,0,0,0,0,0,0
216,0,0,0,0,0,0,0,0,0,0,21601.004095,13287.985958,12949.757330,0.000000,0.000000,0.000000,0.000000,0.000000,0.000000,0.000000,13203,10451,10343,0,0,0,0,0,0,0
217,0,0,0,0,0,0,0,0,0,0,7922.990857,10444.236926,0.000000,0.000000,0.000000,0.000000,0.000000,0.000000,0.000000,0.000000,9468,11382,0,0,0,0,0,0,0,0
218,0,0,0,0,0,0,0,0,0,0,1920.137994,4413.564007,0.000000,0.000000,0.000000,0.000000,0.000000,0.000000,0.000000,0.000000,7230,6376,0,0,0,0,0,0,0,0
219,0,0,0,0,0,0,0,0,0,0,5495.460573,0.000000,0.000000,0.000000,0.000000,0.000000,0.000000,0.000000,0.000000,0.000000,7230,0,0,0,0,0,0,0,0,0
220,0,0,0,0,0,0,0,0,0,0,18759.817218,12211.144402,10786.247491,0.000000,0.000000,0.000000,0.000000,0.000000,0.000000,0.000000,21233,14118,13798,0,0,0,0,0,0,0
221,0,0,0,0,0,0,0,0,0,0,5118.803584,13548.479916,10426.814146,0.000000,0.000000,0.000000,0.000000,0.000000,0.000000,0.000000,1233,1710,1397,0,0,0,0,0,0,0
222,0,0,0,0,0,0,0,0,0,0,-14.880905,-204.958406,-476.448508,4798.332775,0.000000,0.000000,0.000000,0.000000,0.000000,0.000000,520,499,451,673,0,0,0,0,0,0
223,0,0,0,0,0,0,0,0,0,0,-606.088009,-391.935468,0.000000,0.000000,0.000000,0.000000,0.000000,0.000000,0.000000,0.000000,281,370,0,0,0,0,0,0,0,0
224,0,0,0,0,0,0,0,0,0,0,-229.156044,149.559163,1388.754886,0.000000,0.000000,0.000000,0.000000,0.000000,0.000000,0.000000,541,608,507,0,0,0,0,0,0,0
225,0,0,0,0,0,0,0,0,0,0,-562.814204,0.000000,0.000000,0.000000,0.000000,0.000000,0.000000,0.000000,0.000000,0.000000,265,0,0,0,0,0,0,0,0,0
226,0,0,0,0,0,0,0,0,0,0,-398.306642,-168.710648,156.140499,0.000000,0.000000,0.000000,0.000000,0.000000,0.000000,0.000000,493,434,555,0,0,0,0,0,0,0
227,0,0,0,0,0,0,0,0,0,0,430.082635,-486.822315,0.000000,0.000000,0.000000,0.000000,0.000000,0.000000,0.000000,0.000000,366,404,0,0,0,0,0,0,0,0
228,0,0,0,0,0,0,0,0,0,0,11291.543413,14297.417077,0.000000,0.000000,0.000000,0.000000,0.000000,0.000000,0.000000,0.000000,1671,1998,0,0,0,0,0,0,0,0
229,0,0,0,0,0,0,0,0,0,0,2946.303024,9474.146444,1437.540321,0.000000,0.000000,0.000000,0.000000,0.000000,0.000000,0.000000,930,1188,896,0,0,0,0,0,0,0
230,0,0,0,0,0,0,0,0,0,0,7743.410757,0.000000,0.000000,0.000000,0.000000,0.000000,0.000000,0.000000,0.000000,0.000000,1134,0,0,0,0,0,0,0,0,0
231,0,0,0,0,0,0,0,0,0,0,-398.170042,-448.907503,-305.176342,0.000000,0.000000,0.000000,0.000000,0.000000,0.000000,0.000000,373,379,452,0,0,0,0,0,0,0
232,0,0,0,0,0,0,0,0,0,0,413.896180,4354.139979,0.000000,0.000000,0.000000,0.000000,0.000000,0.000000,0.000000,0.000000,770,905,0,0,0,0,0,0,0,0
233,0,0,0,0,0,0,0,0,0,0,846.549229,0.000000,0.000000,0.000000,0.000000,0.000000,0.000000,0.000000,0.000000,0.000000,25152,0,0,0,0,0,0,0,0,0
234,0,0,0,0,0,0,0,0,0,0,1398.802149,0.000000,0.000000,0.000000,0.000000,0.000000,0.000000,0.000000,0.000000,0.000000,11768,0,0,0,0,0,0,0,0,0
235,0,0,0,0,0,0,0,0,0,0,3721.040771,0.000000,0.000000,0.000000,0.000000,0.000000,0.000000,0.000000,0.000000,0.000000,20294,0,0,0,0,0,0,0,0,0
236,0,0,0,0,0,0,0,0,0,0,2565.200719,0.000000,0.000000,0.000000,0.000000,0.000000,0.000000,0.000000,0.000000,0.000000,14636,0,0,0,0,0,0,0,0,0
237,0,0,0,0,0,0,0,0,0,0,-404.819332,0.000000,0.000000,0.000000,0.000000,0.000000,0.000000,0.000000,0.000000,0.000000,364,0,0,0,0,0,0,0,0,0
238,0,0,0,0,0,0,0,0,0,0,0.000000,0.000000,0.000000,0.000000,0.000000,0.000000,0.000000,0.000000,0.000000,0.000000,0,0,0,0,0,0,0,0,0,0
239,0,0,0,0,0,0,0,0,0,0,1505.661963,0.000000,0.000000,0.000000,0.000000,0.000000,0.000000,0.000000,0.000000,0.000000,21722,0,0,0,0,0,0,0,0,0
240,0,0,0,0,0,0,0,0,0,0,1768.389974,0.000000,0.000000,0.000000,0.000000,0.000000,0.000000,0.000000,0.000000,0.000000,13768,0,0,0,0,0,0,0,0,0
205,1,0,0,0,0,0,0,0,0,0,648.620505,-21.498832,0.000000,0.000000,0.000000,0.000000,0.000000,0.000000,0.000000,0.000000,24,6,0,0,0,0,0,0,0,0
25,0,0,1,0,0,0,0,0,0,0,1309.128807,-18.855488,141.976054,0.000000,0.000000,0.000000,0.000000,0.000000,0.000000,0.000000,28,7,13,0,0,0,0,0,0,0
143,1,0,0,0,0,0,0,0,0,0,5221.193806,2396.648667,0.000000,0.000000,0.000000,0.000000,0.000000,0.000000,0.000000,0.000000,187,105,0,0,0,0,0,0,0,0
51,0,0,1,0,0,0,0,0,0,0,6369.793623,1879.471634,2623.013504,2083.477718,0.000000,0.000000,0.000000,0.000000,0.000000,0.000000,193,68,76,83,0,0,0,0,0,0
175,1,0,0,0,0,0,0,0,0,0,-245.374284,-297.869219,0.000000,0.000000,0.000000,0.000000,0.000000,0.000000,0.000000,0.000000,297,209,0,0,0,0,0,0,0,0
188,0,1,0,0,0,0,0,0,0,0,-301.805361,-250.802606,0.000000,0.000000,0.000000,0.000000,0.000000,0.000000,0.000000,0.000000,206,284,0,0,0,0,0,0,0,0
124,0,1,0,0,0,0,0,0,0,0,-349.882387,-269.567789,0.000000,0.000000,0.000000,0.000000,0.000000,0.000000,0.000000,0.000000,62,98,0,0,0,0,0,0,0,0
196,1,0,0,0,0,0,0,0,0,0,-271.559432,-312.031007,0.000000,0.000000,0.000000,0.000000,0.000000,0.000000,0.000000,0.000000,114,84,0,0,0,0,0,0,0,0
180,1,0,0,0,0,0,0,0,0,0,-258.420254,0.000000,0.000000,0.000000,0.000000,0.000000,0.000000,0.000000,0.000000,0.000000,150,0,0,0,0,0,0,0,0,0
166,1,0,0,0,0,0,0,0,0,0,-221.003737,-283.726590,-307.439447,0.000000,0.000000,0.000000,0.000000,0.000000,0.000000,0.000000,111,64,53,0,0,0,0,0,0,0
206,0,1,0,0,0,0,0,0,0,0,-120.744421,-108.336466,-115.114725,0.000000,0.000000,0.000000,0.000000,0.000000,0.000000,0.000000,11,13,11,0,0,0,0,0,0,0
147,1,0,0,0,0,0,0,0,0,0,-117.905707,0.000000,0.000000,0.000000,0.000000,0.000000,0.000000,0.000000,0.000000,0.000000,17,0,0,0,0,0,0,0,0,0
78,0,1,0,0,0,0,0,0,0,0,2605.155493,414.290604,488.616269,71.968867,0.000000,0.000000,0.000000,0.000000,0.000000,0.000000,10,3,4,2,0,0,0,0,0,0
185,1,0,0,0,0,0,0,0,0,0,1631.507758,4896.420976,0.000000,0.000000,0.000000,0.000000,0.000000,0.000000,0.000000,0.000000,8,18,0,0,0,0,0,0,0,0
51,1,0,0,0,0,0,0,0,0,0,9864.174020,4685.396206,5166.230768,5499.941425,0.000000,0.000000,0.000000,0.000000,0.000000,0.000000,2877,701,687,721,0,0,0,0,0,0
78,0,0,1,0,0,0,0,0,0,0,11057.658218,7937.983113,6579.204901,13099.300218,0.000000,0.000000,0.000000,0.000000,0.000000,0.000000,634,597,559,1968,0,0,0,0,0,0
51,1,0,1,0,0,0,0,0,0,0,6137.392451,2003.636029,2129.432648,2759.140134,0.000000,0.000000,0.000000,0.000000,0.000000,0.000000,100,51,37,49,0,0,0,0,0,0
84,0,1,0,0,0,0,0,0,0,0,36025.486999,57486.225221,0.000000,0.000000,0.000000,0.000000,0.000000,0.000000,0.000000,0.000000,534,1325,0,0,0,0,0,0,0,0
72,1,0,0,0,0,0,0,0,0,0,46216.521065,68017.331712,0.000000,0.000000,0.000000,0.000000,0.000000,0.000000,0.000000,0.000000,978,2265,0,0,0,0,0,0,0,0
68,0,1,0,0,0,0,0,0,0,0,36374.765190,21875.774790,0.000000,0.000000,0.000000,0.000000,0.000000,0.000000,0.000000,0.000000,3690,1566,0,0,0,0,0,0,0,0
61,0,1,0,0,0,0,0,0,0,0,15927.726829,29482.706033,19082.202296,0.000000,0.000000,0.000000,0.000000,0.000000,0.000000,0.000000,973,2862,1054,0,0,0,0,0,0,0
18,1,0,0,0,0,0,0,0,0,0,6657.985949,4222.873146,18642.950145,0.000000,0.000000,0.000000,0.000000,0.000000,0.000000,0.000000,12,9,25,0,0,0,0,0,0,0
58,0,0,1,0,0,0,0,0,0,0,8216.835866,10328.618499,18475.068405,0.000000,0.000000,0.000000,0.000000,0.000000,0.000000,0.000000,23,36,29,0,0,0,0,0,0,0
68,1,0,0,0,0,0,0,0,0,0,36374.585483,23871.973142,0.000000,0.000000,0.000000,0.000000,0.000000,0.000000,0.000000,0.000000,1088,479,0,0,0,0,0,0,0,0
18,0,1,0,0,0,0,0,0,0,0,30365.906952,30006.654649,47661.010755,0.000000,0.000000,0.000000,0.000000,0.000000,0.000000,0.000000,555,534,1597,0,0,0,0,0,0,0
84,1,0,0,0,0,0,0,0,0,0,36883.322143,57567.141941,0.000000,0.000000,0.000000,0.000000,0.000000,0.000000,0.000000,0.000000,1562,3543,0,0,0,0,0,0,0,0
18,0,0,1,0,0,0,0,0,0,0,29876.097486,31346.982391,45698.718240,0.000000,0.000000,0.000000,0.000000,0.000000,0.000000,0.000000,1329,1306,3870,0,0,0,0,0,0,0
78,0,1,1,0,0,0,0,0,0,0,4535.937428,2944.269167,1938.092386,6778.840611,0.000000,0.000000,0.000000,0.000000,0.000000,0.000000,11,14,9,18,0,0,0,0,0,0
61,1,0,0,0,0,0,0,0,0,0,17402.054040,32110.500224,18473.294377,0.000000,0.000000,0.000000,0.000000,0.000000,0.000000,0.000000,872,2415,841,0,0,0,0,0,0,0
63,0,0,0,0,1,0,0,0,0,0,14271.093969,12430.681252,13527.530334,17148.084821,22217.780834,0.000000,0.000000,0.000000,0.000000,0.000000,941,896,925,1095,4260,0,0,0,0,0
68,1,1,0,0,0,0,0,0,0,0,36709.498352,21196.614600,0.000000,0.000000,0.000000,0.000000,0.000000,0.000000,0.000000,0.000000,1484,590,0,0,0,0,0,0,0,0
18,0,1,1,0,0,0,0,0,0,0,29441.284332,30341.964434,46517.491408,0.000000,0.000000,0.000000,0.000000,0.000000,0.000000,0.000000,420,429,1353,0,0,0,0,0,0,0
84,1,1,0,0,0,0,0,0,0,0,37428.309572,54792.476234,0.000000,0.000000,0.000000,0.000000,0.000000,0.000000,0.000000,0.000000,618,1571,0,0,0,0,0,0,0,0
72,1,1,0,0,0,0,0,0,0,0,45660.135775,67890.569757,0.000000,0.000000,0.000000,0.000000,0.000000,0.000000,0.000000,0.000000,198,457,0,0,0,0,0,0,0,0
64,1,0,0,0,0,0,0,0,0,0,57714.768644,89894.988682,53865.837341,0.000000,0.000000,0.000000,0.000000,0.000000,0.000000,0.000000,236,834,270,0,0,0,0,0,0,0
62,0,0,0,1,0,0,0,0,0,0,3281.594945,3045.876646,2565.280228,4962.442114,0.000000,0.000000,0.000000,0.000000,0.000000,0.000000,132,135,120,365,0,0,0,0,0,0
51,0,1,0,0,0,0,0,0,0,0,9619.359214,3479.280855,3896.272181,3782.375344,0.000000,0.000000,0.000000,0.000000,0.000000,0.000000,447,132,130,138,0,0,0,0,0,0
51,1,0,0,1,0,0,0,0,0,0,1144.630081,32.483956,289.623161,43.525685,0.000000,0.000000,0.000000,0.000000,0.000000,0.000000,9,5,4,2,0,0,0,0,0,0
192,1,0,0,0,0,0,0,0,0,0,2146.040970,185.597523,460.868247,0.000000,0.000000,0.000000,0.000000,0.000000,0.000000,0.000000,23,9,7,0,0,0,0,0,0,0
51,0,0,0,1,0,0,0,0,0,0,2778.852073,122.914440,265.157186,93.328850,0.000000,0.000000,0.000000,0.000000,0.000000,0.000000,17,12,13,7,0,0,0,0,0,0
51,0,0,1,1,0,0,0,0,0,0,0.500000,25.871791,0.500000,0.500000,0.000000,0.000000,0.000000,0.000000,0.000000,0.000000,1,2,1,1,0,0,0,0,0,0
63,1,0,0,0,0,0,0,0,0,0,10522.682395,9944.436909,10812.885275,14434.387555,22043.544077,0.000000,0.000000,0.000000,0.000000,0.000000,79,89,87,86,395,0,0,0,0,0
76,0,0,1,0,0,0,0,0,0,0,9295.018888,9524.637231,16303.090430,0.000000,0.000000,0.000000,0.000000,0.000000,0.000000,0.000000,164,164,494,0,0,0,0,0,0,0
2,0,0,0,1,0,0,0,0,0,0,954.257196,0.500000,2209.118055,7869.714353,0.000000,0.000000,0.000000,0.000000,0.000000,0.000000,2,1,2,3,0,0,0,0,0,0
72,0,1,0,0,0,0,0,0,0,0,45711.976776,64663.329649,0.000000,0.000000,0.000000,0.000000,0.000000,0.000000,0.000000,0.000000,189,505,0,0,0,0,0,0,0,0
78,0,0,0,1,0,0,0,0,0,0,9187.893210,8277.181884,5849.128832,11254.146214,0.000000,0.000000,0.000000,0.000000,0.000000,0.000000,158,161,146,612,0,0,0,0,0,0
76,1,0,0,0,0,0,0,0,0,0,8218.171239,9952.322112,16948.360855,0.000000,0.000000,0.000000,0.000000,0.000000,0.000000,0.000000,291,317,832,0,0,0,0,0,0,0
51,0,1,1,0,0,0,0,0,0,0,1111.670140,90.340428,132.153298,196.555782,0.000000,0.000000,0.000000,0.000000,0.000000,0.000000,6,4,3,5,0,0,0,0,0,0
63,1,0,0,0,1,0,0,0,0,0,11002.048254,10413.945861,10216.048290,14743.099259,21957.490097,0.000000,0.000000,0.000000,0.000000,0.000000,76,55,70,198,125,0,0,0,0,0
61,1,1,0,0,0,0,0,0,0,0,18565.391714,30073.818841,19250.076045,0.000000,0.000000,0.000000,0.000000,0.000000,0.000000,0.000000,653,2257,714,0,0,0,0,0,0,0
18,1,0,1,0,0,0,0,0,0,0,7484.612859,5965.300819,25268.000002,0.000000,0.000000,0.000000,0.000000,0.000000,0.000000,0.000000,23,15,26,0,0,0,0,0,0,0
51,1,1,0,0,0,0,0,0,0,0,7008.442521,3055.992556,2771.585389,2880.660262,0.000000,0.000000,0.000000,0.000000,0.000000,0.000000,106,37,35,32,0,0,0,0,0,0
78,0,0,1,1,0,0,0,0,0,0,10167.144812,8201.862886,5310.241262,8980.376132,0.000000,0.000000,0.000000,0.000000,0.000000,0.000000,226,90,83,314,0,0,0,0,0,0
32,0,1,0,0,0,0,0,0,0,0,1817.506616,8059.176940,4476.787695,6899.685738,0.000000,0.000000,0.000000,0.000000,0.000000,0.000000,3,6,6,11,0,0,0,0,0,0
44,0,0,1,0,0,0,0,0,0,0,7855.025529,10742.220027,4846.168840,15613.779939,0.000000,0.000000,0.000000,0.000000,0.000000,0.000000,3,9,5,7,0,0,0,0,0,0
76,1,0,1,0,0,0,0,0,0,0,6326.130085,8337.283838,13672.579031,0.000000,0.000000,0.000000,0.000000,0.000000,0.000000,0.000000,37,89,79,0,0,0,0,0,0,0
18,1,1,1,0,0,0,0,0,0,0,3009.584411,8356.156590,8372.963210,0.000000,0.000000,0.000000,0.000000,0.000000,0.000000,0.000000,4,11,6,0,0,0,0,0,0,0
33,0,1,0,0,0,0,0,0,0,0,7300.896503,20308.552172,6292.708426,0.000000,0.000000,0.000000,0.000000,0.000000,0.000000,0.000000,4,6,4,0,0,0,0,0,0,0
61,1,1,1,0,0,0,0,0,0,0,3833.776037,7917.000314,4809.398994,0.000000,0.000000,0.000000,0.000000,0.000000,0.000000,0.000000,9,8,10,0,0,0,0,0,0,0
74,0,1,0,0,0,0,0,0,0,0,3802.943271,6583.383503,0.000000,0.000000,0.000000,0.000000,0.000000,0.000000,0.000000,0.000000,8,9,0,0,0,0,0,0,0,0
64,0,1,0,0,0,0,0,0,0,0,30192.753193,82240.952389,26829.771676,0.000000,0.000000,0.000000,0.000000,0.000000,0.000000,0.000000,17,49,15,0,0,0,0,0,0,0
51,1,1,1,0,0,0,0,0,0,0,1884.693826,364.293449,703.689888,143.552744,0.000000,0.000000,0.000000,0.000000,0.000000,0.000000,6,3,5,2,0,0,0,0,0,0
63,1,0,0,1,1,0,0,0,0,0,579.546299,2766.089064,0.500000,1762.753315,3424.848464,0.000000,0.000000,0.000000,0.000000,0.000000,3,7,1,4,4,0,0,0,0,0
54,1,0,0,0,0,0,0,0,0,0,2589.405860,2495.347422,0.000000,0.000000,0.000000,0.000000,0.000000,0.000000,0.000000,0.000000,6,4,0,0,0,0,0,0,0,0
44,0,0,0,1,0,0,0,0,0,0,0.500000,3695.484114,0.500000,0.500000,0.000000,0.000000,0.000000,0.000000,0.000000,0.000000,1,3,1,1,0,0,0,0,0,0
33,1,0,0,0,0,0,0,0,0,0,0.500000,12810.598813,3080.741844,0.000000,0.000000,0.000000,0.000000,0.000000,0.000000,0.000000,1,4,2,0,0,0,0,0,0,0
64,1,1,0,0,0,0,0,0,0,0,8387.212218,12823.908812,16788.709519,0.000000,0.000000,0.000000,0.000000,0.000000,0.000000,0.000000,4,4,9,0,0,0,0,0,0,0
1,1,0,0,0,0,0,0,0,0,0,2797.003795,4580.075548,4444.875000,8273.330951,0.000000,0.000000,0.000000,0.000000,0.000000,0.000000,2,3,2,4,0,0,0,0,0,0
