0,2,1,2,0,0,0,0,0,0,0,0
1,3,3,4,0,0,0,0,0,0,0,0
2,3,4,5,0,0,0,0,0,0,0,0
3,3,111,112,1,0,0,0,0,0,0,0
4,4,113,48,1,2,0,0,0,0,0,0
5,3,48,13,2,0,0,0,0,0,0,0
6,3,7,8,9,0,0,0,0,0,0,0
7,4,10,11,12,6,0,0,0,0,0,0
8,3,13,14,6,0,0,0,0,0,0,0
9,5,15,15,102,6,12,0,0,0,0,0
10,4,96,97,98,7,0,0,0,0,0,0
11,3,14,96,7,0,0,0,0,0,0,0
12,3,114,9,7,0,0,0,0,0,0,0
13,3,50,5,8,0,0,0,0,0,0,0
14,4,50,275,8,11,0,0,0,0,0,0
15,2,9,9,0,0,0,0,0,0,0,0
16,3,17,18,19,0,0,0,0,0,0,0
17,3,20,21,16,0,0,0,0,0,0,0
18,3,22,23,16,0,0,0,0,0,0,0
19,4,24,25,26,16,0,0,0,0,0,0
20,3,29,350,17,0,0,0,0,0,0,0
21,3,92,239,17,0,0,0,0,0,0,0
22,3,27,28,18,0,0,0,0,0,0,0
23,4,29,30,31,18,0,0,0,0,0,0
24,3,91,92,19,0,0,0,0,0,0,0
25,3,93,94,19,0,0,0,0,0,0,0
26,3,91,95,19,0,0,0,0,0,0,0
27,4,28,37,87,22,0,0,0,0,0,0
28,3,93,22,27,0,0,0,0,0,0,0
29,4,32,33,20,23,0,0,0,0,0,0
30,3,34,35,23,0,0,0,0,0,0,0
31,3,36,37,23,0,0,0,0,0,0,0
32,3,35,354,29,0,0,0,0,0,0,0
33,3,355,350,29,0,0,0,0,0,0,0
34,3,40,36,30,0,0,0,0,0,0,0
35,3,41,30,32,0,0,0,0,0,0,0
36,3,206,31,34,0,0,0,0,0,0,0
37,3,205,27,31,0,0,0,0,0,0,0
38,3,39,40,41,0,0,0,0,0,0,0
39,4,42,43,44,38,0,0,0,0,0,0
40,4,45,46,34,38,0,0,0,0,0,0
41,3,47,35,38,0,0,0,0,0,0,0
42,3,351,254,39,0,0,0,0,0,0,0
43,4,338,344,224,39,0,0,0,0,0,0
44,4,246,254,247,39,0,0,0,0,0,0
45,3,223,224,40,0,0,0,0,0,0,0
46,3,206,221,40,0,0,0,0,0,0,0
47,3,354,351,41,0,0,0,0,0,0,0
48,4,49,50,4,5,0,0,0,0,0,0
49,4,51,57,58,48,0,0,0,0,0,0
50,4,57,13,14,48,0,0,0,0,0,0
51,4,52,53,54,49,0,0,0,0,0,0
52,3,55,56,51,0,0,0,0,0,0,0
53,3,59,60,51,0,0,0,0,0,0,0
54,3,61,62,51,0,0,0,0,0,0,0
55,4,63,66,60,52,0,0,0,0,0,0
56,3,66,61,52,0,0,0,0,0,0,0
57,3,281,49,50,0,0,0,0,0,0,0
58,3,62,113,49,0,0,0,0,0,0,0
59,3,131,132,53,0,0,0,0,0,0,0
60,4,132,133,53,55,0,0,0,0,0,0
61,3,282,54,56,0,0,0,0,0,0,0
62,4,283,282,54,58,0,0,0,0,0,0
63,3,64,65,55,0,0,0,0,0,0,0
64,4,67,68,69,63,0,0,0,0,0,0
65,5,70,71,72,73,63,0,0,0,0,0
66,3,305,55,56,0,0,0,0,0,0,0
67,3,139,149,64,0,0,0,0,0,0,0
68,3,307,151,64,0,0,0,0,0,0,0
69,3,305,306,64,0,0,0,0,0,0,0
70,3,133,78,65,0,0,0,0,0,0,0
71,3,139,73,65,0,0,0,0,0,0,0
72,3,74,75,65,0,0,0,0,0,0,0
73,3,140,65,71,0,0,0,0,0,0,0
74,3,76,77,72,0,0,0,0,0,0,0
75,3,78,79,72,0,0,0,0,0,0,0
76,4,80,81,82,74,0,0,0,0,0,0
77,3,85,140,74,0,0,0,0,0,0,0
78,4,296,70,75,133,0,0,0,0,0,0
79,3,296,84,75,0,0,0,0,0,0,0
80,3,83,84,76,0,0,0,0,0,0,0
81,3,85,86,76,0,0,0,0,0,0,0
82,7,87,83,90,87,89,90,76,0,0,0
83,3,89,80,82,0,0,0,0,0,0,0
84,4,144,422,79,80,0,0,0,0,0,0
85,3,153,77,81,0,0,0,0,0,0,0
86,3,88,336,81,0,0,0,0,0,0,0
87,5,88,205,27,82,82,0,0,0,0,0
88,3,335,86,87,0,0,0,0,0,0,0
89,5,142,414,83,82,143,0,0,0,0,0
90,5,222,411,82,82,222,0,0,0,0,0
91,4,234,235,24,26,0,0,0,0,0,0
92,3,236,21,24,0,0,0,0,0,0,0
93,3,220,25,28,0,0,0,0,0,0,0
94,3,214,212,25,0,0,0,0,0,0,0
95,3,235,213,26,0,0,0,0,0,0,0
96,4,99,100,10,11,0,0,0,0,0,0
97,4,101,100,102,10,0,0,0,0,0,0
98,3,102,103,10,0,0,0,0,0,0,0
99,3,276,278,96,0,0,0,0,0,0,0
100,4,116,115,96,97,0,0,0,0,0,0
101,3,115,106,97,0,0,0,0,0,0,0
102,3,9,97,98,0,0,0,0,0,0,0
103,1,98,0,0,0,0,0,0,0,0,0
104,2,105,106,0,0,0,0,0,0,0,0
105,4,107,108,109,104,0,0,0,0,0,0
106,3,110,101,104,0,0,0,0,0,0,0
107,3,259,110,105,0,0,0,0,0,0,0
108,2,260,105,0,0,0,0,0,0,0,0
109,3,261,262,105,0,0,0,0,0,0,0
110,2,106,107,0,0,0,0,0,0,0,0
111,3,190,297,3,0,0,0,0,0,0,0
112,3,289,297,3,0,0,0,0,0,0,0
113,4,283,284,4,58,0,0,0,0,0,0
114,1,12,0,0,0,0,0,0,0,0,0
115,3,119,100,101,0,0,0,0,0,0,0
116,3,117,118,100,0,0,0,0,0,0,0
117,3,120,121,116,0,0,0,0,0,0,0
118,3,122,123,116,0,0,0,0,0,0,0
119,3,179,123,115,0,0,0,0,0,0,0
120,3,124,125,117,0,0,0,0,0,0,0
121,3,125,308,117,0,0,0,0,0,0,0
122,3,134,135,118,0,0,0,0,0,0,0
123,3,135,118,119,0,0,0,0,0,0,0
124,3,126,127,120,0,0,0,0,0,0,0
125,3,128,120,121,0,0,0,0,0,0,0
126,4,129,127,130,124,0,0,0,0,0,0
127,4,131,132,124,126,0,0,0,0,0,0
128,3,130,298,125,0,0,0,0,0,0,0
129,3,133,132,126,0,0,0,0,0,0,0
130,3,296,126,128,0,0,0,0,0,0,0
131,4,281,280,59,127,0,0,0,0,0,0
132,4,59,60,127,129,0,0,0,0,0,0
133,4,78,60,70,129,0,0,0,0,0,0
134,3,136,137,122,0,0,0,0,0,0,0
135,3,138,122,123,0,0,0,0,0,0,0
136,5,141,313,416,134,141,0,0,0,0,0
137,3,308,299,134,0,0,0,0,0,0,0
138,3,316,315,135,0,0,0,0,0,0,0
139,3,146,67,71,0,0,0,0,0,0,0
140,3,148,73,77,0,0,0,0,0,0,0
141,5,142,145,136,143,136,0,0,0,0,0
142,4,143,144,89,141,0,0,0,0,0,0
143,4,319,89,142,141,0,0,0,0,0,0
144,3,298,84,142,0,0,0,0,0,0,0
145,3,313,314,141,0,0,0,0,0,0,0
146,4,147,148,149,139,0,0,0,0,0,0
147,3,150,151,146,0,0,0,0,0,0,0
148,4,152,153,140,146,0,0,0,0,0,0
149,3,151,67,146,0,0,0,0,0,0,0
150,4,157,307,310,147,0,0,0,0,0,0
151,3,68,147,149,0,0,0,0,0,0,0
152,3,321,331,148,0,0,0,0,0,0,0
153,3,336,85,148,0,0,0,0,0,0,0
154,3,155,156,157,0,0,0,0,0,0,0
155,4,158,159,160,154,0,0,0,0,0,0
156,3,161,157,154,0,0,0,0,0,0,0
157,4,162,150,154,156,0,0,0,0,0,0
158,3,163,166,155,0,0,0,0,0,0,0
159,3,164,326,155,0,0,0,0,0,0,0
160,3,166,312,155,0,0,0,0,0,0,0
161,3,322,326,156,0,0,0,0,0,0,0
162,3,294,304,157,0,0,0,0,0,0,0
163,3,164,165,158,0,0,0,0,0,0,0
164,3,167,159,163,0,0,0,0,0,0,0
165,4,168,169,170,163,0,0,0,0,0,0
166,3,186,158,160,0,0,0,0,0,0,0
167,3,339,328,164,0,0,0,0,0,0,0
168,4,182,183,184,165,0,0,0,0,0,0
169,3,185,186,165,0,0,0,0,0,0,0
170,3,187,188,165,0,0,0,0,0,0,0
171,3,172,173,174,0,0,0,0,0,0,0
172,4,175,176,177,171,0,0,0,0,0,0
173,4,178,179,180,171,0,0,0,0,0,0
174,3,181,175,171,0,0,0,0,0,0,0
175,3,194,172,174,0,0,0,0,0,0,0
176,3,195,196,172,0,0,0,0,0,0,0
177,3,178,197,172,0,0,0,0,0,0,0
178,3,215,173,177,0,0,0,0,0,0,0
179,2,119,173,0,0,0,0,0,0,0,0
180,3,215,216,173,0,0,0,0,0,0,0
181,3,316,320,174,0,0,0,0,0,0,0
182,3,193,198,168,0,0,0,0,0,0,0
183,3,198,333,168,0,0,0,0,0,0,0
184,4,190,309,420,168,0,0,0,0,0,0
185,4,303,309,292,169,0,0,0,0,0,0
186,3,311,166,169,0,0,0,0,0,0,0
187,3,188,232,170,0,0,0,0,0,0,0
188,4,339,337,170,187,0,0,0,0,0,0
189,2,190,191,0,0,0,0,0,0,0,0
190,3,111,184,189,0,0,0,0,0,0,0
191,3,192,193,189,0,0,0,0,0,0,0
192,2,207,191,0,0,0,0,0,0,0,0
193,3,199,182,191,0,0,0,0,0,0,0
194,3,320,332,175,0,0,0,0,0,0,0
195,3,208,209,176,0,0,0,0,0,0,0
196,3,201,202,176,0,0,0,0,0,0,0
197,4,215,213,217,177,0,0,0,0,0,0
198,3,200,182,183,0,0,0,0,0,0,0
199,3,334,334,193,0,0,0,0,0,0,0
200,3,417,227,198,0,0,0,0,0,0,0
201,4,203,324,332,196,0,0,0,0,0,0
202,3,203,204,196,0,0,0,0,0,0,0
203,4,325,218,201,202,0,0,0,0,0,0
204,4,218,209,219,202,0,0,0,0,0,0
205,3,206,37,87,0,0,0,0,0,0,0
206,3,36,46,205,0,0,0,0,0,0,0
207,1,192,0,0,0,0,0,0,0,0,0
208,3,210,211,195,0,0,0,0,0,0,0
209,4,212,211,195,204,0,0,0,0,0,0
210,3,213,214,208,0,0,0,0,0,0,0
211,3,214,208,209,0,0,0,0,0,0,0
212,3,220,94,209,0,0,0,0,0,0,0
213,4,345,95,197,210,0,0,0,0,0,0
214,3,94,210,211,0,0,0,0,0,0,0
215,3,178,180,197,0,0,0,0,0,0,0
216,3,348,349,180,0,0,0,0,0,0,0
217,4,346,352,356,197,0,0,0,0,0,0
218,3,413,203,204,0,0,0,0,0,0,0
219,3,412,410,204,0,0,0,0,0,0,0
220,3,222,93,212,0,0,0,0,0,0,0
221,4,223,335,46,330,0,0,0,0,0,0
222,4,90,410,90,220,0,0,0,0,0,0
223,4,322,224,45,221,0,0,0,0,0,0
224,5,327,329,43,45,223,0,0,0,0,0
225,3,226,227,228,0,0,0,0,0,0,0
226,3,229,230,225,0,0,0,0,0,0,0
227,3,231,200,225,0,0,0,0,0,0,0
228,3,232,233,225,0,0,0,0,0,0,0
229,3,240,233,226,0,0,0,0,0,0,0
230,1,226,0,0,0,0,0,0,0,0,0
231,3,417,333,227,0,0,0,0,0,0,0
232,3,340,187,228,0,0,0,0,0,0,0
233,3,247,228,229,0,0,0,0,0,0,0
234,3,245,237,91,0,0,0,0,0,0,0
235,3,345,91,95,0,0,0,0,0,0,0
236,3,237,238,92,0,0,0,0,0,0,0
237,3,241,234,236,0,0,0,0,0,0,0
238,3,239,242,236,0,0,0,0,0,0,0
239,3,368,21,238,0,0,0,0,0,0,0
240,4,246,419,421,229,0,0,0,0,0,0
241,3,243,244,237,0,0,0,0,0,0,0
242,3,368,250,238,0,0,0,0,0,0,0
243,3,248,244,241,0,0,0,0,0,0,0
244,3,245,241,243,0,0,0,0,0,0,0
245,3,347,234,244,0,0,0,0,0,0,0
246,3,254,44,240,0,0,0,0,0,0,0
247,3,344,44,233,0,0,0,0,0,0,0
248,3,249,250,243,0,0,0,0,0,0,0
249,3,251,252,248,0,0,0,0,0,0,0
250,3,253,242,248,0,0,0,0,0,0,0
251,3,255,252,249,0,0,0,0,0,0,0
252,3,256,249,251,0,0,0,0,0,0,0
253,3,255,368,250,0,0,0,0,0,0,0
254,3,42,44,246,0,0,0,0,0,0,0
255,3,365,251,253,0,0,0,0,0,0,0
256,3,257,258,252,0,0,0,0,0,0,0
257,3,376,353,256,0,0,0,0,0,0,0
258,3,377,378,256,0,0,0,0,0,0,0
259,1,107,0,0,0,0,0,0,0,0,0
260,4,262,383,384,108,0,0,0,0,0,0
261,3,263,264,109,0,0,0,0,0,0,0
262,3,265,109,260,0,0,0,0,0,0,0
263,3,374,375,261,0,0,0,0,0,0,0
264,4,375,265,372,261,0,0,0,0,0,0
265,4,384,381,262,264,0,0,0,0,0,0
266,3,267,268,269,0,0,0,0,0,0,0
267,3,270,271,266,0,0,0,0,0,0,0
268,3,272,273,266,0,0,0,0,0,0,0
269,2,274,266,0,0,0,0,0,0,0,0
270,3,402,271,267,0,0,0,0,0,0,0
271,3,402,267,270,0,0,0,0,0,0,0
272,3,405,386,268,0,0,0,0,0,0,0
273,3,385,404,268,0,0,0,0,0,0,0
274,2,409,269,0,0,0,0,0,0,0,0
275,3,276,277,14,0,0,0,0,0,0,0
276,3,278,99,275,0,0,0,0,0,0,0
277,3,279,280,275,0,0,0,0,0,0,0
278,3,418,99,276,0,0,0,0,0,0,0
279,3,280,281,277,0,0,0,0,0,0,0
280,3,131,277,279,0,0,0,0,0,0,0
281,3,57,131,279,0,0,0,0,0,0,0
282,3,291,61,62,0,0,0,0,0,0,0
283,3,288,62,113,0,0,0,0,0,0,0
284,3,285,286,113,0,0,0,0,0,0,0
285,3,287,288,284,0,0,0,0,0,0,0
286,3,289,290,284,0,0,0,0,0,0,0
287,4,291,292,293,285,0,0,0,0,0,0
288,3,291,283,285,0,0,0,0,0,0,0
289,3,292,112,286,0,0,0,0,0,0,0
290,1,286,0,0,0,0,0,0,0,0,0
291,3,282,287,288,0,0,0,0,0,0,0
292,4,297,185,287,289,0,0,0,0,0,0
293,3,294,295,287,0,0,0,0,0,0,0
294,4,300,301,162,293,0,0,0,0,0,0
295,3,302,301,293,0,0,0,0,0,0,0
296,3,78,79,130,0,0,0,0,0,0,0
297,4,309,111,112,292,0,0,0,0,0,0
298,3,299,128,144,0,0,0,0,0,0,0
299,3,308,137,298,0,0,0,0,0,0,0
300,3,303,304,294,0,0,0,0,0,0,0
301,4,305,306,294,295,0,0,0,0,0,0
302,1,295,0,0,0,0,0,0,0,0,0
303,3,311,185,300,0,0,0,0,0,0,0
304,3,312,162,300,0,0,0,0,0,0,0
305,3,66,69,301,0,0,0,0,0,0,0
306,3,307,69,301,0,0,0,0,0,0,0
307,3,68,150,306,0,0,0,0,0,0,0
308,3,121,137,299,0,0,0,0,0,0,0
309,3,184,185,297,0,0,0,0,0,0,0
310,3,321,322,150,0,0,0,0,0,0,0
311,3,312,186,303,0,0,0,0,0,0,0
312,3,160,304,311,0,0,0,0,0,0,0
313,3,315,136,145,0,0,0,0,0,0,0
314,3,315,316,145,0,0,0,0,0,0,0
315,3,138,313,314,0,0,0,0,0,0,0
316,4,317,138,181,314,0,0,0,0,0,0
317,3,318,319,316,0,0,0,0,0,0,0
318,3,320,415,317,0,0,0,0,0,0,0
319,3,323,143,317,0,0,0,0,0,0,0
320,3,181,194,318,0,0,0,0,0,0,0
321,3,330,152,310,0,0,0,0,0,0,0
322,4,327,161,223,310,0,0,0,0,0,0
323,3,324,325,319,0,0,0,0,0,0,0
324,3,415,201,323,0,0,0,0,0,0,0
325,3,414,203,323,0,0,0,0,0,0,0
326,3,328,159,161,0,0,0,0,0,0,0
327,3,329,224,322,0,0,0,0,0,0,0
328,3,341,167,326,0,0,0,0,0,0,0
329,4,337,338,224,327,0,0,0,0,0,0
330,3,221,331,321,0,0,0,0,0,0,0
331,3,336,152,330,0,0,0,0,0,0,0
332,3,415,194,201,0,0,0,0,0,0,0
333,3,417,183,231,0,0,0,0,0,0,0
334,2,199,199,0,0,0,0,0,0,0,0
335,3,336,88,221,0,0,0,0,0,0,0
336,4,86,153,331,335,0,0,0,0,0,0
337,6,341,342,340,188,329,339,0,0,0,0
338,3,342,43,329,0,0,0,0,0,0,0
339,4,337,341,167,188,0,0,0,0,0,0
340,3,343,232,337,0,0,0,0,0,0,0
341,3,328,337,339,0,0,0,0,0,0,0
342,3,343,337,338,0,0,0,0,0,0,0
343,3,344,340,342,0,0,0,0,0,0,0
344,3,43,247,343,0,0,0,0,0,0,0
345,3,347,213,235,0,0,0,0,0,0,0
346,3,348,359,217,0,0,0,0,0,0,0
347,3,352,245,345,0,0,0,0,0,0,0
348,3,360,216,346,0,0,0,0,0,0,0
349,3,361,362,216,0,0,0,0,0,0,0
350,3,366,20,33,0,0,0,0,0,0,0
351,3,364,42,47,0,0,0,0,0,0,0
352,3,353,217,347,0,0,0,0,0,0,0
353,3,357,257,352,0,0,0,0,0,0,0
354,3,355,32,47,0,0,0,0,0,0,0
355,4,366,364,33,354,0,0,0,0,0,0
356,3,357,358,217,0,0,0,0,0,0,0
357,3,367,353,356,0,0,0,0,0,0,0
358,3,367,359,356,0,0,0,0,0,0,0
359,3,360,346,358,0,0,0,0,0,0,0
360,3,363,348,359,0,0,0,0,0,0,0
361,1,349,0,0,0,0,0,0,0,0,0
362,3,369,370,349,0,0,0,0,0,0,0
363,3,367,370,360,0,0,0,0,0,0,0
364,3,365,351,355,0,0,0,0,0,0,0
365,3,366,255,364,0,0,0,0,0,0,0
366,3,350,355,365,0,0,0,0,0,0,0
367,3,357,358,363,0,0,0,0,0,0,0
368,3,239,242,253,0,0,0,0,0,0,0
369,1,362,0,0,0,0,0,0,0,0,0
370,3,371,362,363,0,0,0,0,0,0,0
371,3,372,373,370,0,0,0,0,0,0,0
372,4,381,264,371,376,0,0,0,0,0,0
373,3,374,380,371,0,0,0,0,0,0,0
374,3,380,263,373,0,0,0,0,0,0,0
375,3,380,263,264,0,0,0,0,0,0,0
376,3,372,379,257,0,0,0,0,0,0,0
377,3,379,387,258,0,0,0,0,0,0,0
378,4,387,398,399,258,0,0,0,0,0,0
379,3,382,376,377,0,0,0,0,0,0,0
380,3,373,374,375,0,0,0,0,0,0,0
381,4,385,386,265,372,0,0,0,0,0,0
382,3,387,388,379,0,0,0,0,0,0,0
383,3,389,390,260,0,0,0,0,0,0,0
384,4,389,394,260,265,0,0,0,0,0,0
385,3,394,273,381,0,0,0,0,0,0,0
386,3,388,272,381,0,0,0,0,0,0,0
387,4,395,377,378,382,0,0,0,0,0,0
388,3,396,382,386,0,0,0,0,0,0,0
389,3,391,383,384,0,0,0,0,0,0,0
390,4,392,391,393,383,0,0,0,0,0,0
391,4,397,394,389,390,0,0,0,0,0,0
392,3,393,397,390,0,0,0,0,0,0,0
393,3,403,390,392,0,0,0,0,0,0,0
394,4,404,384,385,391,0,0,0,0,0,0
395,4,398,408,396,387,0,0,0,0,0,0
396,3,405,388,395,0,0,0,0,0,0,0
397,3,404,391,392,0,0,0,0,0,0,0
398,4,400,401,378,395,0,0,0,0,0,0
399,3,402,401,378,0,0,0,0,0,0,0
400,3,407,401,398,0,0,0,0,0,0,0
401,3,398,399,400,0,0,0,0,0,0,0
402,3,270,271,399,0,0,0,0,0,0,0
403,1,393,0,0,0,0,0,0,0,0,0
404,3,273,394,397,0,0,0,0,0,0,0
405,3,406,272,396,0,0,0,0,0,0,0
406,3,407,408,405,0,0,0,0,0,0,0
407,3,408,400,406,0,0,0,0,0,0,0
408,3,395,406,407,0,0,0,0,0,0,0
409,1,274,0,0,0,0,0,0,0,0,0
410,3,411,219,222,0,0,0,0,0,0,0
411,3,412,90,410,0,0,0,0,0,0,0
412,3,413,219,411,0,0,0,0,0,0,0
413,3,414,218,412,0,0,0,0,0,0,0
414,3,89,325,413,0,0,0,0,0,0,0
415,3,318,324,332,0,0,0,0,0,0,0
416,1,136,0,0,0,0,0,0,0,0,0
417,3,200,231,333,0,0,0,0,0,0,0
418,1,278,0,0,0,0,0,0,0,0,0
419,1,419,0,0,0,0,0,0,0,0,0
420,1,420,0,0,0,0,0,0,0,0,0
421,1,421,0,0,0,0,0,0,0,0,0
422,1,422,0,0,0,0,0,0,0,0,0
