# Age,Gender,HHType,HHID,CloseNode
19,1,1,29,118
20,0,1,34,188
20,0,1,5,145
25,0,1,8,172
27,1,1,19,163
30,0,1,10,158
31,1,1,2,150
35,0,1,14,125
36,1,1,6,151
40,0,1,27,116
40,1,1,33,117
48,0,1,17,158
45,0,1,23,190
47,1,1,4,184
48,1,1,11,158
52,0,1,7,115
53,0,1,0,150
51,1,1,20,113
52,1,1,15,125
55,0,1,9,136
59,0,1,32,117
61,0,1,28,193
62,0,1,26,63
66,0,1,18,158
69,1,1,16,235
74,0,1,30,193
70,1,1,24,152
79,0,1,22,157
76,1,1,12,179
77,1,1,21,78
77,1,1,31,175
80,0,1,25,54
82,1,1,13,170
87,0,1,3,233
86,1,1,1,142
1,0,2,41,233
4,1,2,57,157
9,0,2,48,136
7,0,2,48,136
9,1,2,49,179
13,0,2,69,220
14,0,2,76,117
14,0,2,36,150
15,0,2,38,215
17,0,2,37,150
18,0,2,58,138
17,0,2,43,172
19,0,2,52,213
18,1,2,62,192
18,1,2,77,188
19,1,2,49,179
23,0,2,64,236
20,0,2,38,215
20,0,2,56,235
29,0,2,57,157
28,0,2,79,180
25,1,2,53,172
26,1,2,60,143
32,0,2,61,143
34,0,2,79,180
34,0,2,42,201
33,1,2,51,172
30,1,2,42,201
36,1,2,44,115
43,0,2,50,179
41,1,2,37,150
44,1,2,35,142
41,1,2,68,54
47,0,2,43,172
45,0,2,54,125
47,0,2,70,193
49,0,2,74,188
45,0,2,46,239
45,0,2,46,239
46,0,2,55,205
46,0,2,41,233
46,0,2,58,138
45,0,2,72,155
46,0,2,78,117
46,1,2,73,202
47,1,2,64,236
45,1,2,45,239
46,1,2,75,188
48,1,2,40,196
49,1,2,67,54
52,0,2,60,143
54,0,2,63,155
53,0,2,39,124
54,0,2,66,236
52,0,2,47,130
50,1,2,35,142
54,1,2,39,124
52,1,2,55,205
50,1,2,53,172
51,1,2,65,190
62,1,2,36,150
69,0,2,74,188
66,0,2,63,155
67,1,2,62,192
67,1,2,45,239
68,1,2,70,193
67,1,2,61,143
65,1,2,71,202
66,1,2,73,202
72,0,2,51,172
70,0,2,72,155
76,0,2,77,188
78,0,2,75,188
78,0,2,50,179
79,0,2,47,130
79,0,2,76,117
75,0,2,59,138
75,1,2,40,196
76,1,2,69,220
84,0,2,66,236
82,0,2,56,235
84,1,2,65,190
84,1,2,68,54
87,0,2,67,54
88,0,2,78,117
86,0,2,44,115
86,1,2,52,213
89,1,2,71,202
86,1,2,54,125
85,1,2,59,138
2,0,3,93,158
4,1,3,94,169
8,0,3,97,143
7,1,3,88,172
13,0,3,113,122
14,0,3,98,235
14,1,3,92,158
14,1,3,90,233
17,0,3,105,167
17,0,3,87,201
19,0,3,95,170
18,0,3,115,191
16,1,3,118,180
18,1,3,117,191
18,1,3,98,235
24,0,3,108,63
24,0,3,93,158
23,0,3,91,115
24,0,3,110,76
24,0,3,102,143
25,1,3,102,143
29,1,3,112,155
25,1,3,104,143
34,0,3,100,25
30,0,3,89,172
32,1,3,91,115
31,1,3,115,191
35,0,3,98,235
36,1,3,114,117
37,1,3,109,54
38,1,3,104,143
43,0,3,111,117
43,0,3,82,156
40,0,3,80,156
41,0,3,85,239
43,1,3,96,172
41,1,3,103,113
46,0,3,85,239
47,0,3,105,167
49,0,3,106,190
48,0,3,117,191
46,0,3,111,117
48,1,3,82,156
48,1,3,97,143
46,1,3,107,191
53,0,3,112,155
54,0,3,86,233
53,0,3,113,122
54,0,3,95,170
51,0,3,103,113
54,0,3,81,142
53,0,3,92,158
50,0,3,88,172
52,0,3,83,233
50,0,3,103,113
52,1,3,116,117
54,1,3,105,167
50,1,3,96,172
51,1,3,86,233
50,1,3,92,158
52,1,3,85,239
54,1,3,113,122
55,0,3,118,180
57,0,3,107,191
57,0,3,102,143
55,0,3,109,54
57,0,3,91,115
57,0,3,80,156
59,0,3,87,201
58,0,3,81,142
58,1,3,83,233
58,1,3,95,170
63,0,3,116,117
62,0,3,112,155
62,0,3,118,180
60,0,3,88,172
63,1,3,90,233
69,0,3,107,191
66,0,3,100,25
69,0,3,99,157
66,0,3,109,54
65,1,3,83,233
68,1,3,108,63
66,1,3,106,190
67,1,3,84,145
68,1,3,115,191
66,1,3,100,25
67,1,3,108,63
68,1,3,110,76
70,0,3,89,172
74,0,3,101,138
73,1,3,81,142
73,1,3,116,117
74,1,3,114,117
73,1,3,82,156
73,1,3,94,169
72,1,3,84,145
71,1,3,104,143
71,1,3,97,143
78,0,3,101,138
79,0,3,117,191
78,0,3,94,169
75,0,3,99,157
75,0,3,87,201
75,0,3,110,76
75,0,3,114,117
83,0,3,84,145
82,0,3,106,190
80,0,3,93,158
80,0,3,101,138
84,0,3,86,233
84,1,3,99,157
81,1,3,80,156
83,1,3,89,172
88,0,3,111,117
86,0,3,90,233
89,1,3,96,172
89,1,3,0,150
86,1,3,0,150
4,0,4,137,62
4,0,4,146,117
1,1,4,143,191
9,0,4,119,150
7,0,4,144,220
6,0,4,129,235
7,1,4,134,136
14,1,4,145,63
13,1,4,144,220
11,1,4,124,233
12,1,4,138,185
16,0,4,146,117
18,0,4,126,136
15,0,4,122,124
15,0,4,129,235
16,0,4,130,130
17,0,4,141,167
18,0,4,136,235
16,0,4,130,130
17,0,4,149,117
18,0,4,141,167
19,0,4,146,117
16,0,4,153,180
19,0,4,148,122
15,0,4,127,233
18,1,4,125,150
17,1,4,124,233
16,1,4,122,124
22,0,4,133,213
23,0,4,149,117
24,0,4,125,150
24,0,4,122,124
22,1,4,141,167
24,1,4,145,63
20,1,4,124,233
22,1,4,148,122
21,1,4,150,188
21,1,4,146,117
20,1,4,134,136
23,1,4,128,239
24,1,4,129,235
22,1,4,120,150
28,0,4,120,150
26,0,4,147,118
28,0,4,151,175
27,0,4,121,150
33,1,4,151,175
38,0,4,123,233
37,0,4,136,235
39,1,4,145,63
41,0,4,138,185
41,0,4,142,236
42,1,4,147,118
40,1,4,139,78
44,1,4,119,150
43,1,4,131,211
40,1,4,127,233
42,1,4,120,150
45,0,4,140,113
48,0,4,137,62
48,0,4,151,175
49,0,4,153,180
49,1,4,140,113
46,1,4,138,185
46,1,4,150,188
47,1,4,142,236
45,1,4,136,235
48,1,4,152,191
52,0,4,135,158
54,0,4,143,191
54,0,4,133,213
54,1,4,148,122
51,1,4,135,158
52,1,4,123,233
53,1,4,153,180
53,1,4,139,78
54,1,4,123,233
53,1,4,121,150
55,0,4,134,136
58,0,4,144,220
56,0,4,143,191
55,0,4,126,136
57,1,4,134,136
55,1,4,132,170
55,1,4,150,188
64,0,4,131,211
64,0,4,139,78
64,0,4,129,235
61,0,4,142,236
60,0,4,149,117
60,0,4,151,175
60,0,4,152,191
61,0,4,137,62
63,0,4,132,170
60,0,4,130,130
64,0,4,121,150
60,0,4,142,236
64,0,4,119,150
62,0,4,120,150
62,0,4,135,158
60,0,4,147,118
67,0,4,132,170
68,0,4,147,118
67,0,4,133,213
66,0,4,128,239
69,0,4,138,185
74,0,4,121,150
73,0,4,133,213
74,0,4,119,150
70,0,4,124,233
73,1,4,130,130
74,1,4,131,211
72,1,4,126,136
73,1,4,143,191
74,1,4,125,150
74,1,4,126,136
74,1,4,145,63
76,1,4,125,150
77,1,4,128,239
76,1,4,135,158
79,1,4,123,233
79,1,4,136,235
77,1,4,127,233
77,1,4,140,113
76,1,4,149,117
75,1,4,127,233
77,1,4,131,211
78,1,4,148,122
84,0,4,152,191
84,0,4,141,167
80,0,4,153,180
81,0,4,122,124
80,0,4,150,188
82,0,4,152,191
80,1,4,132,170
82,1,4,144,220
83,1,4,128,239
85,0,4,139,78
88,0,4,140,113
87,1,4,137,62
87,1,4,0,150
87,1,4,0,150
2,0,5,156,239
0,0,5,159,201
4,1,5,171,62
9,0,5,157,184
8,1,5,161,233
13,0,5,159,201
11,0,5,175,157
11,0,5,158,123
14,0,5,180,174
14,1,5,172,62
12,1,5,160,233
13,1,5,162,215
15,0,5,164,136
19,0,5,183,117
19,0,5,178,117
15,1,5,158,123
19,1,5,165,179
19,1,5,178,117
19,1,5,182,188
15,1,5,155,150
20,0,5,154,156
23,0,5,176,220
22,0,5,167,170
21,0,5,158,123
20,0,5,169,62
22,0,5,174,236
23,0,5,180,174
20,1,5,183,117
21,1,5,170,135
20,1,5,177,220
23,1,5,166,125
20,1,5,161,233
26,0,5,168,25
29,0,5,170,135
27,0,5,166,125
29,1,5,163,130
25,1,5,176,220
25,1,5,164,136
34,0,5,168,25
31,0,5,157,184
30,0,5,155,150
33,0,5,174,236
31,1,5,169,62
34,1,5,175,157
31,1,5,157,184
39,0,5,169,62
37,0,5,172,62
38,1,5,157,184
39,1,5,183,117
35,1,5,173,155
40,0,5,164,136
42,0,5,182,188
40,0,5,167,170
43,1,5,155,150
40,1,5,177,220
40,1,5,183,117
42,1,5,171,62
48,1,5,167,170
49,1,5,163,130
47,1,5,172,62
48,1,5,166,125
54,0,5,178,117
54,0,5,181,117
51,0,5,162,215
50,0,5,175,157
54,0,5,180,174
52,0,5,180,174
53,0,5,166,125
52,0,5,167,170
52,1,5,156,239
50,1,5,177,220
54,1,5,170,135
54,1,5,179,122
51,1,5,181,117
51,1,5,159,201
57,0,5,171,62
56,0,5,171,62
57,0,5,181,117
58,0,5,170,135
59,0,5,176,220
58,0,5,162,215
58,0,5,157,184
59,1,5,171,62
55,1,5,168,25
59,1,5,160,233
59,1,5,180,174
62,0,5,182,188
64,0,5,166,125
61,0,5,158,123
64,1,5,169,62
61,1,5,165,179
61,1,5,181,117
68,0,5,182,188
66,0,5,165,179
67,0,5,162,215
65,0,5,168,25
68,0,5,183,117
68,1,5,177,220
67,1,5,158,123
66,1,5,154,156
69,1,5,179,122
69,1,5,156,239
68,1,5,165,179
67,1,5,169,62
67,1,5,155,150
67,1,5,172,62
66,1,5,182,188
65,1,5,156,239
69,1,5,159,201
74,0,5,179,122
71,0,5,160,233
71,0,5,173,155
73,0,5,163,130
74,0,5,175,157
71,0,5,156,239
71,0,5,172,62
71,0,5,160,233
71,0,5,163,130
72,1,5,162,215
70,1,5,177,220
72,1,5,154,156
71,1,5,179,122
74,1,5,155,150
73,1,5,164,136
75,0,5,161,233
77,0,5,178,117
75,0,5,161,233
75,0,5,174,236
77,0,5,154,156
77,0,5,161,233
79,0,5,176,220
76,1,5,174,236
79,1,5,168,25
75,1,5,159,201
77,1,5,173,155
75,1,5,176,220
79,1,5,165,179
76,1,5,164,136
84,0,5,173,155
80,0,5,163,130
81,0,5,174,236
83,1,5,178,117
80,1,5,154,156
84,1,5,160,233
81,1,5,181,117
82,1,5,179,122
80,1,5,170,135
82,1,5,167,170
86,0,5,173,155
86,0,5,175,157
89,1,5,0,150
86,1,5,0,150
0,0,6,185,233
3,1,6,195,155
7,0,6,193,135
9,1,6,194,62
12,0,6,186,124
10,0,6,199,240
12,1,6,191,201
12,1,6,188,115
11,1,6,188,115
13,1,6,189,215
15,1,6,187,115
19,1,6,187,115
21,1,6,190,138
24,1,6,187,115
21,1,6,185,233
23,1,6,184,150
20,1,6,189,215
20,1,6,185,233
22,1,6,197,193
21,1,6,189,215
29,0,6,193,135
28,0,6,188,115
27,1,6,196,63
27,1,6,189,215
25,1,6,194,62
33,0,6,187,115
31,0,6,198,117
31,0,6,191,201
32,1,6,189,215
37,0,6,197,193
37,0,6,186,124
36,0,6,188,115
39,0,6,189,215
35,0,6,199,240
36,1,6,197,193
39,1,6,185,233
44,0,6,195,155
40,1,6,184,150
41,1,6,194,62
47,0,6,188,115
49,0,6,195,155
48,0,6,199,240
49,1,6,192,235
48,1,6,196,63
54,1,6,185,233
52,1,6,194,62
50,1,6,192,235
52,1,6,184,150
50,1,6,199,240
50,1,6,192,235
52,1,6,197,193
53,1,6,198,117
51,1,6,185,233
57,0,6,195,155
55,0,6,190,138
55,0,6,197,193
59,0,6,193,135
57,0,6,190,138
56,0,6,190,138
59,0,6,190,138
58,0,6,192,235
57,0,6,191,201
59,0,6,186,124
56,1,6,186,124
58,1,6,196,63
55,1,6,196,63
60,1,6,199,240
64,1,6,193,135
63,1,6,193,135
60,1,6,186,124
69,0,6,187,115
65,1,6,192,235
67,1,6,188,115
70,0,6,198,117
72,0,6,191,201
71,0,6,195,155
71,1,6,192,235
71,1,6,198,117
72,1,6,190,138
71,1,6,186,124
74,1,6,199,240
75,0,6,193,135
75,0,6,184,150
76,0,6,196,63
75,0,6,191,201
78,1,6,184,150
78,1,6,198,117
79,1,6,198,117
78,1,6,187,115
78,1,6,196,63
76,1,6,194,62
81,0,6,197,193
83,1,6,194,62
81,1,6,195,155
81,1,6,191,201
84,1,6,184,150
85,0,6,0,150
87,0,6,0,150
86,0,6,0,150
87,1,6,0,150
85,1,6,0,150
3,0,7,204,130
1,1,7,200,123
8,0,7,204,130
6,1,7,209,193
11,0,7,207,167
14,0,7,209,193
11,1,7,208,167
11,1,7,204,130
19,0,7,205,213
17,1,7,206,235
17,1,7,203,215
18,1,7,202,172
22,0,7,201,233
23,0,7,203,215
21,0,7,200,123
22,0,7,203,215
22,1,7,202,172
23,1,7,203,215
28,0,7,200,123
26,0,7,200,123
25,0,7,200,123
29,0,7,204,130
28,0,7,201,233
25,1,7,202,172
32,0,7,204,130
36,1,7,207,167
36,1,7,200,123
42,0,7,202,172
42,0,7,209,193
43,1,7,206,235
46,0,7,204,130
48,0,7,205,213
45,0,7,207,167
48,0,7,207,167
48,1,7,208,167
53,0,7,200,123
50,0,7,206,235
53,1,7,207,167
52,1,7,202,172
51,1,7,206,235
53,1,7,204,130
52,1,7,208,167
55,0,7,205,213
56,0,7,204,130
58,1,7,204,130
57,1,7,204,130
56,1,7,208,167
59,1,7,200,123
59,1,7,203,215
56,1,7,202,172
59,1,7,200,123
55,1,7,205,213
61,0,7,209,193
62,0,7,206,235
63,0,7,205,213
64,0,7,204,130
62,0,7,208,167
64,1,7,204,130
60,1,7,208,167
68,1,7,208,167
67,1,7,203,215
68,1,7,203,215
71,0,7,204,130
70,0,7,206,235
70,0,7,205,213
72,0,7,207,167
74,1,7,203,215
74,1,7,209,193
74,1,7,206,235
77,0,7,209,193
79,1,7,200,123
82,0,7,205,213
81,1,7,208,167
83,1,7,206,235
81,1,7,209,193
82,1,7,200,123
88,0,7,207,167
86,1,7,202,172
85,1,7,205,213
47,0,1,2,184
75,0,1,1,171
77,0,1,0,142
15,1,2,6,171
16,1,2,4,160
23,0,2,3,142
20,0,2,6,171
36,0,2,4,160
43,0,2,3,142
56,1,2,5,184
56,1,2,5,184
57,1,2,0,142
50,0,3,7,142
55,0,3,8,171
59,0,3,8,171
58,0,3,7,142
56,0,3,7,142
64,1,3,8,171
28,1,4,10,184
27,1,4,10,184
25,1,4,9,195
37,0,4,11,184
37,0,4,9,195
41,0,4,11,184
53,1,4,11,184
53,1,4,11,184
53,1,4,10,184
53,1,4,9,195
52,1,4,9,195
51,1,4,10,184
10,1,5,13,184
13,1,5,13,184
18,0,5,13,184
22,1,5,12,142
20,1,5,13,184
33,1,5,13,184
55,0,5,12,142
59,0,5,12,142
55,0,5,12,142
87,0,5,12,142
5,0,6,14,184
6,0,6,14,184
76,1,6,14,184
76,1,6,14,184
77,1,6,14,184
85,1,6,14,184
16,0,7,15,171
24,1,7,15,171
63,0,7,15,171
62,0,7,15,171
64,1,7,15,171
81,1,7,15,171
84,1,7,15,171
80,1,7,15,171
80,1,7,15,171
83,1,7,15,171
20,0,1,7,206
29,1,1,3,116
30,0,1,6,140
39,1,1,9,165
39,1,1,2,116
41,0,1,10,120
44,1,1,8,140
55,0,1,4,234
57,1,1,0,54
65,1,1,1,217
73,1,1,5,140
12,0,2,25,166
13,0,2,20,234
12,0,2,20,234
18,0,2,26,140
18,0,2,18,140
19,0,2,27,217
22,1,2,12,116
21,1,2,23,206
29,0,2,29,178
30,1,2,16,121
34,1,2,22,147
38,0,2,15,121
36,0,2,21,117
46,0,2,28,178
49,0,2,21,117
47,1,2,16,121
45,1,2,13,116
46,1,2,29,178
50,0,2,13,116
53,0,2,23,206
54,0,2,24,140
60,1,2,22,147
61,1,2,25,166
62,1,2,26,140
61,1,2,18,140
64,1,2,28,178
65,0,2,11,133
67,0,2,17,198
65,0,2,14,121
67,0,2,19,202
69,0,2,11,133
67,0,2,17,198
66,0,2,27,217
70,0,2,12,116
72,0,2,19,202
74,0,2,15,121
78,0,2,14,121
79,0,2,24,140
5,0,3,30,220
7,1,3,35,202
14,1,3,43,178
21,1,3,33,217
21,1,3,36,202
31,0,3,35,202
31,0,3,42,127
33,0,3,40,140
34,0,3,31,217
33,1,3,36,202
48,0,3,33,217
54,1,3,44,120
50,1,3,33,217
52,1,3,32,116
53,1,3,42,127
57,1,3,42,127
58,1,3,34,194
59,1,3,37,198
57,1,3,43,178
59,1,3,34,194
55,1,3,41,202
69,1,3,41,202
67,1,3,44,120
65,1,3,41,202
67,1,3,32,116
67,1,3,40,140
70,1,3,39,206
74,1,3,32,116
71,1,3,36,202
71,1,3,44,120
84,0,3,38,140
80,0,3,35,202
82,0,3,30,220
80,0,3,39,206
80,1,3,37,198
83,1,3,31,217
85,0,3,34,194
87,0,3,38,140
86,0,3,38,140
85,0,3,37,198
85,1,3,39,206
87,1,3,40,140
89,1,3,43,178
89,1,3,31,217
86,1,3,30,220
7,0,4,50,134
10,1,4,47,202
17,1,4,48,188
15,1,4,45,116
22,0,4,49,120
22,0,4,49,120
24,0,4,47,202
26,0,4,45,116
25,1,4,50,134
26,1,4,48,188
40,0,4,48,188
42,0,4,50,134
42,0,4,51,229
53,0,4,46,120
53,0,4,45,116
52,0,4,49,120
60,1,4,46,120
60,1,4,46,120
74,0,4,45,116
74,0,4,51,229
79,0,4,46,120
75,1,4,51,229
78,1,4,51,229
77,1,4,50,134
75,1,4,49,120
79,1,4,47,202
79,1,4,48,188
80,1,4,47,202
81,1,4,0,54
82,1,4,0,54
8,1,5,54,188
14,0,5,54,188
18,0,5,56,165
19,1,5,54,188
23,0,5,52,217
22,1,5,55,206
25,1,5,56,165
33,1,5,55,206
38,0,5,52,217
41,1,5,55,206
42,1,5,53,234
42,1,5,55,206
41,1,5,53,234
40,1,5,52,217
47,1,5,53,234
53,1,5,56,165
56,0,5,53,234
56,0,5,55,206
59,0,5,53,234
57,1,5,52,217
63,0,5,56,165
62,0,5,56,165
64,1,5,54,188
66,0,5,54,188
66,1,5,52,217
71,0,5,0,54
71,1,5,0,54
79,0,5,0,54
5,0,6,61,234
7,1,6,60,194
10,1,6,59,140
16,1,6,59,140
22,0,6,61,234
20,0,6,57,217
24,0,6,59,140
25,0,6,58,234
29,1,6,59,140
32,0,6,59,140
30,1,6,61,234
45,0,6,57,217
45,1,6,58,234
45,1,6,61,234
54,0,6,57,217
56,0,6,60,194
57,0,6,60,194
55,0,6,58,234
56,0,6,60,194
56,0,6,57,217
58,0,6,57,217
57,0,6,61,234
57,0,6,61,234
64,0,6,58,234
60,0,6,57,217
64,0,6,60,194
63,0,6,59,140
60,0,6,60,194
61,1,6,58,234
68,0,6,58,234
78,0,6,0,54
81,1,6,0,54
89,1,6,0,54
3,0,7,62,147
9,0,7,62,147
12,1,7,62,147
18,0,7,62,147
19,0,7,62,147
19,1,7,62,147
20,1,7,62,147
25,1,7,62,147
29,1,7,62,147
33,1,7,62,147
46,0,7,62,147
64,1,7,62,147
62,1,7,62,147
66,0,7,62,147
71,0,7,62,147
71,1,7,62,147
75,0,7,62,147
86,1,7,62,147
87,1,7,62,147
86,1,7,62,147
37,1,1,0,16
2,0,2,13,77
13,0,2,14,60
10,1,2,6,50
17,0,2,17,109
23,0,2,14,60
22,0,2,11,58
23,0,2,17,109
21,0,2,1,13
24,0,2,9,173
23,1,2,15,16
25,0,2,10,82
32,0,2,2,15
32,1,2,2,15
39,0,2,16,18
35,1,2,16,18
36,1,2,5,71
38,1,2,12,23
38,1,2,9,173
35,1,2,4,17
43,1,2,8,71
47,0,2,6,50
48,0,2,7,14
53,0,2,8,71
51,1,2,5,71
57,0,2,12,23
59,1,2,3,22
56,1,2,13,77
64,0,2,3,22
63,1,2,10,82
61,1,2,11,58
67,0,2,4,17
67,0,2,7,14
67,1,2,15,16
76,1,2,1,13
87,1,2,0,16
0,0,3,31,60
2,0,3,19,73
4,1,3,19,73
5,1,3,26,58
10,0,3,29,16
11,0,3,28,58
14,0,3,29,16
13,1,3,33,173
10,1,3,21,17
14,1,3,20,17
17,0,3,27,58
17,0,3,30,60
17,1,3,18,19
20,1,3,20,17
22,1,3,25,80
24,1,3,18,19
26,0,3,27,58
29,0,3,27,58
29,0,3,28,58
25,1,3,30,60
26,1,3,31,60
30,0,3,19,73
34,1,3,25,80
33,1,3,20,17
36,0,3,26,58
39,0,3,25,80
37,0,3,21,17
49,0,3,32,16
48,0,3,33,173
49,0,3,33,173
53,1,3,31,60
59,0,3,23,73
55,0,3,23,73
56,1,3,24,73
57,1,3,22,22
64,0,3,22,22
64,0,3,24,73
64,1,3,30,60
61,1,3,28,58
63,1,3,23,73
65,0,3,32,16
66,0,3,18,19
68,1,3,26,58
73,0,3,22,22
70,1,3,29,16
77,0,3,21,17
81,0,3,32,16
81,1,3,24,73
86,1,3,0,16
3,1,4,42,68
1,1,4,39,50
6,1,4,34,13
14,0,4,44,60
11,0,4,44,60
14,0,4,42,68
13,0,4,36,23
11,0,4,46,16
14,0,4,45,16
14,1,4,34,13
11,1,4,43,58
17,1,4,42,68
18,1,4,45,16
25,0,4,43,58
28,0,4,38,23
27,0,4,36,23
28,1,4,34,13
32,0,4,40,17
30,1,4,43,58
32,1,4,41,80
34,1,4,44,60
32,1,4,38,23
37,0,4,44,60
36,0,4,45,16
39,0,4,41,80
36,0,4,38,23
42,1,4,41,80
44,1,4,35,73
41,1,4,35,73
44,1,4,36,23
52,1,4,46,16
53,1,4,40,17
59,0,4,42,68
58,0,4,37,14
56,0,4,35,73
57,0,4,39,50
62,0,4,34,13
60,0,4,41,80
60,0,4,43,58
61,1,4,39,50
60,1,4,38,23
63,1,4,40,17
60,1,4,46,16
64,1,4,35,73
63,1,4,45,16
65,1,4,46,16
69,1,4,39,50
71,0,4,36,23
70,1,4,37,14
74,1,4,37,14
78,1,4,40,17
79,1,4,37,14
83,0,4,0,16
84,0,4,0,16
2,0,5,52,61
0,0,5,51,61
1,1,5,48,14
1,1,5,50,131
6,1,5,55,14
11,0,5,48,14
14,0,5,54,60
15,1,5,50,131
16,1,5,56,149
18,1,5,49,17
29,1,5,47,15
32,0,5,51,61
34,0,5,53,58
36,0,5,52,61
39,0,5,52,61
44,1,5,52,61
48,0,5,49,17
46,0,5,50,131
48,0,5,49,17
48,0,5,48,14
54,0,5,55,14
50,0,5,50,131
52,0,5,51,61
50,1,5,47,15
50,1,5,55,14
50,1,5,48,14
51,1,5,54,60
56,1,5,54,60
55,1,5,53,58
57,1,5,51,61
64,1,5,55,14
64,1,5,51,61
69,0,5,47,15
68,0,5,56,149
66,0,5,49,17
67,0,5,53,58
66,1,5,47,15
69,1,5,49,17
72,0,5,56,149
74,1,5,48,14
73,1,5,53,58
79,0,5,56,149
77,0,5,52,61
79,1,5,55,14
79,1,5,53,58
83,0,5,56,149
83,1,5,54,60
84,1,5,54,60
85,1,5,50,131
87,1,5,47,15
0,1,6,61,84
5,0,6,62,60
8,0,6,63,16
9,0,6,57,23
8,0,6,58,73
6,0,6,60,80
6,1,6,63,16
6,1,6,62,60
10,0,6,61,84
13,1,6,61,84
10,1,6,61,84
23,1,6,62,60
24,1,6,60,80
27,1,6,60,80
30,0,6,57,23
32,0,6,61,84
32,1,6,57,23
31,1,6,59,17
43,0,6,59,17
41,0,6,58,73
44,0,6,59,17
41,0,6,59,17
43,0,6,63,16
44,0,6,62,60
41,0,6,58,73
44,1,6,59,17
48,1,6,63,16
48,1,6,58,73
48,1,6,57,23
47,1,6,60,80
46,1,6,59,17
52,0,6,58,73
54,0,6,57,23
54,0,6,62,60
55,0,6,57,23
55,0,6,62,60
56,0,6,60,80
55,0,6,63,16
61,0,6,63,16
63,0,6,58,73
61,0,6,61,84
63,0,6,60,80
67,0,6,0,16
69,1,6,0,16
68,1,6,0,16
73,0,6,0,16
75,1,6,0,16
6,0,7,64,73
19,0,7,64,73
23,0,7,64,73
21,1,7,64,73
32,0,7,64,73
31,1,7,64,73
38,1,7,64,73
38,1,7,64,73
48,0,7,64,73
51,1,7,64,73
56,0,7,64,73
67,0,7,64,73
68,1,7,64,73
79,0,7,64,73
19,1,1,9,86
22,0,1,26,179
24,0,1,6,96
21,1,1,12,86
26,0,1,41,74
28,1,1,27,179
31,0,1,22,79
34,1,1,37,11
37,0,1,20,182
39,1,1,14,93
35,1,1,2,96
38,1,1,17,197
35,1,1,30,128
42,0,1,34,135
43,1,1,4,92
42,1,1,15,91
45,0,1,38,11
46,1,1,11,30
50,0,1,23,53
50,1,1,10,93
57,0,1,5,43
55,0,1,28,5
56,1,1,36,67
56,1,1,3,97
62,0,1,39,131
60,0,1,1,99
67,0,1,24,57
65,0,1,33,137
66,1,1,31,216
68,1,1,13,114
66,1,1,19,212
71,0,1,32,11
71,0,1,25,24
74,1,1,0,92
70,1,1,7,210
73,1,1,16,114
78,0,1,40,132
76,0,1,8,97
76,1,1,42,61
84,0,1,35,67
83,1,1,21,34
88,0,1,18,210
86,1,1,29,67
0,0,2,124,135
2,0,2,64,97
1,0,2,51,96
4,0,2,89,93
3,0,2,110,67
4,1,2,135,131
8,0,2,132,132
6,0,2,82,20
9,0,2,71,86
8,0,2,65,30
7,0,2,67,86
9,1,2,59,210
6,1,2,84,129
6,1,2,47,41
5,1,2,138,61
10,0,2,73,183
13,0,2,123,154
10,0,2,106,200
13,0,2,100,216
11,0,2,131,13
14,1,2,95,79
12,1,2,45,32
10,1,2,46,97
14,1,2,130,132
14,1,2,116,216
13,1,2,98,91
14,1,2,70,34
18,0,2,76,91
15,0,2,125,67
16,0,2,93,34
18,1,2,122,137
15,1,2,83,129
18,1,2,130,132
15,1,2,71,86
15,1,2,43,99
19,1,2,119,177
16,1,2,61,160
17,1,2,48,96
16,1,2,66,32
21,0,2,91,34
24,0,2,109,168
21,0,2,118,168
21,0,2,105,200
21,0,2,112,67
24,0,2,50,32
22,0,2,50,32
21,1,2,56,208
24,1,2,96,53
20,1,2,51,96
20,1,2,48,96
24,1,2,140,61
21,1,2,87,182
21,1,2,68,30
24,1,2,102,57
20,1,2,78,93
25,0,2,49,97
29,0,2,86,182
25,0,2,78,93
28,0,2,61,160
28,0,2,87,182
28,0,2,63,86
28,0,2,102,57
25,0,2,77,183
29,0,2,132,132
29,0,2,54,97
25,0,2,65,30
26,1,2,97,53
26,1,2,79,114
29,1,2,101,216
31,0,2,46,97
30,0,2,47,41
34,0,2,86,182
30,0,2,52,96
33,0,2,104,212
32,0,2,103,24
34,0,2,53,96
31,0,2,72,30
32,0,2,113,53
34,0,2,81,91
32,0,2,135,131
30,0,2,129,11
30,1,2,101,216
30,1,2,85,141
33,1,2,96,53
30,1,2,94,34
37,0,2,56,208
38,0,2,118,168
38,0,2,85,141
39,0,2,45,32
38,0,2,75,114
37,0,2,113,53
36,1,2,90,34
37,1,2,107,212
35,1,2,100,216
38,1,2,69,93
35,1,2,69,93
37,1,2,89,93
44,0,2,74,114
44,0,2,60,210
43,0,2,109,168
44,0,2,52,96
44,1,2,54,97
41,1,2,123,154
41,1,2,94,34
44,1,2,58,208
44,1,2,134,131
40,1,2,110,67
43,1,2,128,13
42,1,2,104,212
43,1,2,105,200
41,1,2,79,114
43,1,2,108,144
49,0,2,117,128
46,0,2,137,74
45,0,2,44,97
53,0,2,55,96
52,0,2,43,99
50,0,2,129,11
53,0,2,125,67
50,0,2,121,137
50,0,2,92,9
50,1,2,66,32
52,1,2,76,91
58,0,2,127,13
58,0,2,120,11
58,0,2,122,137
59,0,2,44,97
57,0,2,126,67
56,1,2,57,96
58,1,2,72,30
57,1,2,88,212
56,1,2,53,96
58,1,2,111,67
57,1,2,81,91
59,1,2,133,11
56,1,2,114,216
59,1,2,92,9
62,0,2,80,208
63,0,2,62,30
63,0,2,74,114
61,0,2,128,13
63,1,2,57,96
62,1,2,116,216
64,1,2,90,34
60,1,2,120,11
62,1,2,136,55
62,1,2,77,183
64,1,2,119,177
64,1,2,111,67
62,1,2,75,114
68,0,2,55,96
66,0,2,99,57
65,0,2,126,67
67,0,2,137,74
65,0,2,139,66
69,0,2,134,131
65,0,2,84,129
68,0,2,93,34
68,0,2,103,24
65,0,2,59,210
68,0,2,121,137
65,0,2,115,128
65,1,2,98,91
69,1,2,140,61
68,1,2,95,79
68,1,2,58,208
69,1,2,131,13
66,1,2,107,212
69,1,2,97,53
72,0,2,62,30
70,0,2,127,13
74,0,2,49,97
74,1,2,88,212
72,1,2,82,20
77,0,2,80,208
75,0,2,108,144
79,0,2,115,128
79,1,2,83,129
77,1,2,133,11
77,1,2,99,57
75,1,2,63,86
77,1,2,67,86
80,0,2,64,97
80,0,2,124,135
80,0,2,114,216
81,1,2,139,66
84,1,2,73,183
82,1,2,91,34
81,1,2,70,34
84,1,2,112,67
84,1,2,136,55
87,0,2,106,200
86,0,2,117,128
89,0,2,138,61
86,1,2,60,210
89,1,2,68,30
85,1,2,0,92
2,0,3,163,86
2,0,3,149,97
0,0,3,191,168
4,0,3,147,92
2,0,3,171,208
4,0,3,206,132
3,0,3,175,212
1,0,3,156,160
0,1,3,167,208
1,1,3,180,8
6,0,3,179,34
6,1,3,176,119
8,1,3,173,20
10,0,3,189,212
14,1,3,198,216
11,1,3,155,210
13,1,3,211,15
13,1,3,167,208
11,1,3,168,56
11,1,3,157,86
12,1,3,209,55
10,1,3,143,32
19,0,3,145,97
16,0,3,189,212
15,0,3,184,91
15,1,3,206,132
18,1,3,195,216
17,1,3,195,216
16,1,3,203,13
18,1,3,158,30
19,1,3,158,30
22,0,3,168,56
20,0,3,214,74
22,0,3,185,197
20,1,3,165,183
20,1,3,180,8
22,1,3,141,92
29,0,3,212,80
26,0,3,184,91
28,0,3,167,208
28,0,3,143,32
29,0,3,177,212
26,0,3,159,93
26,0,3,172,20
26,0,3,211,15
28,0,3,173,20
27,1,3,193,5
25,1,3,168,56
26,1,3,200,52
34,0,3,202,74
34,0,3,150,99
34,1,3,163,86
31,1,3,142,99
34,1,3,203,13
32,1,3,164,86
34,1,3,199,216
30,1,3,176,119
34,1,3,201,70
32,1,3,148,30
38,0,3,161,86
35,0,3,171,208
36,0,3,160,30
36,1,3,151,43
35,1,3,152,96
38,1,3,159,93
36,1,3,212,80
36,1,3,170,93
48,0,3,142,99
46,0,3,201,70
46,0,3,142,99
47,1,3,149,97
47,1,3,146,32
45,1,3,187,24
48,1,3,162,86
45,1,3,192,67
45,1,3,200,52
51,0,3,207,131
50,0,3,206,132
54,0,3,190,169
54,0,3,177,212
53,0,3,151,43
50,0,3,187,24
54,0,3,194,81
51,0,3,197,128
52,0,3,175,212
51,1,3,160,30
52,1,3,150,99
54,1,3,191,168
53,1,3,190,169
53,1,3,188,182
51,1,3,178,9
50,1,3,179,34
53,1,3,182,5
52,1,3,169,183
53,1,3,183,91
52,1,3,152,96
51,1,3,169,183
53,1,3,173,20
53,1,3,150,99
57,0,3,186,216
56,0,3,214,74
58,0,3,198,216
58,0,3,177,212
59,0,3,166,79
59,0,3,180,8
55,0,3,172,20
56,0,3,155,210
57,0,3,164,86
59,0,3,199,216
55,0,3,163,86
58,0,3,210,177
56,0,3,185,197
55,0,3,192,67
59,0,3,189,212
56,0,3,193,5
58,0,3,202,74
59,0,3,174,146
59,1,3,186,216
56,1,3,151,43
56,1,3,181,34
57,1,3,204,13
55,1,3,207,131
57,1,3,182,5
59,1,3,183,91
61,0,3,166,79
64,0,3,141,92
63,0,3,192,67
64,0,3,214,74
63,0,3,209,55
61,0,3,182,5
61,0,3,164,86
60,0,3,153,96
62,0,3,162,86
64,0,3,144,97
62,0,3,148,30
61,0,3,165,183
64,0,3,141,92
61,0,3,176,119
60,0,3,188,182
64,0,3,143,32
62,0,3,184,91
64,0,3,202,74
60,0,3,197,128
62,0,3,154,210
60,0,3,152,96
63,0,3,203,13
64,0,3,157,86
64,0,3,199,216
61,0,3,210,177
60,0,3,208,55
63,1,3,205,19
64,1,3,169,183
61,1,3,195,216
63,1,3,188,182
62,1,3,172,20
61,1,3,144,97
63,1,3,161,86
60,1,3,213,61
61,1,3,153,96
62,1,3,148,30
62,1,3,212,80
69,0,3,161,86
65,0,3,213,61
68,0,3,181,34
65,0,3,156,160
69,0,3,149,97
68,0,3,204,13
66,0,3,198,216
67,0,3,159,93
69,0,3,178,9
65,0,3,154,210
67,1,3,201,70
69,1,3,209,55
67,1,3,191,168
69,1,3,196,128
67,1,3,165,183
68,1,3,190,169
68,1,3,197,128
65,1,3,196,128
67,1,3,207,131
68,1,3,205,19
65,1,3,147,92
69,1,3,196,128
71,0,3,174,146
73,0,3,156,160
71,0,3,194,81
74,0,3,171,208
73,0,3,186,216
72,0,3,179,34
71,0,3,145,97
72,1,3,170,93
71,1,3,194,81
73,1,3,210,177
74,1,3,162,86
70,1,3,178,9
74,1,3,145,97
72,1,3,200,52
75,0,3,146,32
77,0,3,193,5
77,0,3,208,55
76,0,3,147,92
75,0,3,211,15
75,0,3,160,30
75,0,3,208,55
75,0,3,166,79
76,0,3,155,210
78,1,3,144,97
75,1,3,213,61
77,1,3,153,96
84,0,3,170,93
83,0,3,205,19
83,0,3,154,210
83,1,3,146,32
80,1,3,185,197
80,1,3,175,212
80,1,3,204,13
84,1,3,174,146
83,1,3,187,24
82,1,3,181,34
87,0,3,158,30
86,0,3,157,86
86,1,3,183,91
87,1,3,0,92
89,1,3,0,92
4,0,4,225,30
1,0,4,229,183
3,0,4,221,210
1,0,4,239,212
0,1,4,228,208
2,1,4,250,74
4,1,4,217,99
9,0,4,240,168
6,0,4,227,93
8,0,4,225,30
7,0,4,228,208
6,1,4,221,210
9,1,4,234,8
8,1,4,246,19
5,1,4,224,86
12,0,4,219,208
14,0,4,250,74
11,0,4,226,30
12,0,4,239,212
11,1,4,215,92
13,1,4,216,32
16,0,4,247,55
18,0,4,215,92
15,0,4,232,218
16,1,4,236,20
15,1,4,230,197
19,1,4,225,30
24,0,4,235,53
23,0,4,228,208
20,1,4,230,197
21,1,4,249,11
22,1,4,242,128
24,1,4,233,8
20,1,4,220,96
23,1,4,224,86
20,1,4,232,218
22,1,4,233,8
20,1,4,241,216
20,1,4,245,135
27,0,4,229,183
25,0,4,250,74
26,1,4,231,210
28,1,4,222,218
26,1,4,222,218
26,1,4,244,59
30,0,4,232,218
31,0,4,243,128
31,0,4,217,99
32,0,4,248,55
31,1,4,235,53
32,1,4,225,30
34,1,4,237,24
32,1,4,244,59
33,1,4,226,30
32,1,4,249,11
32,1,4,238,154
34,1,4,223,93
38,0,4,227,93
38,0,4,240,168
35,0,4,221,210
39,0,4,246,19
36,0,4,216,32
39,0,4,223,93
40,0,4,245,135
42,0,4,230,197
41,0,4,243,128
43,0,4,239,212
41,0,4,240,168
43,0,4,246,19
43,0,4,247,55
42,1,4,229,183
42,1,4,226,30
46,0,4,238,154
45,0,4,251,61
46,0,4,216,32
48,0,4,246,19
47,1,4,237,24
45,1,4,237,24
45,1,4,240,168
45,1,4,251,61
48,1,4,247,55
47,1,4,221,210
49,1,4,228,208
47,1,4,233,8
51,0,4,247,55
52,0,4,242,128
50,0,4,215,92
50,0,4,236,20
51,1,4,222,218
50,1,4,218,30
50,1,4,227,93
54,1,4,243,128
51,1,4,243,128
58,0,4,242,128
56,0,4,219,208
58,0,4,231,210
56,0,4,239,212
56,0,4,216,32
55,0,4,234,8
57,1,4,219,208
58,1,4,248,55
57,1,4,238,154
58,1,4,232,218
55,1,4,237,24
59,1,4,241,216
55,1,4,217,99
57,1,4,245,135
57,1,4,220,96
63,0,4,236,20
64,0,4,235,53
60,0,4,238,154
60,1,4,223,93
60,1,4,251,61
61,1,4,220,96
61,1,4,250,74
66,0,4,231,210
67,0,4,244,59
65,0,4,249,11
66,1,4,251,61
67,1,4,249,11
67,1,4,235,53
65,1,4,229,183
67,1,4,234,8
73,0,4,231,210
70,0,4,217,99
74,0,4,242,128
70,0,4,241,216
72,1,4,233,8
74,1,4,224,86
73,1,4,245,135
70,1,4,219,208
74,1,4,218,30
72,1,4,226,30
73,1,4,222,218
79,0,4,218,30
78,0,4,220,96
77,0,4,234,8
76,0,4,227,93
78,0,4,236,20
76,1,4,248,55
75,1,4,218,30
75,1,4,244,59
75,1,4,223,93
82,0,4,215,92
84,1,4,230,197
84,1,4,241,216
85,0,4,224,86
85,1,4,248,55
87,1,4,0,92
86,1,4,0,92
3,0,5,282,55
1,0,5,260,93
0,0,5,263,208
2,1,5,265,146
0,1,5,270,24
9,0,5,256,208
8,0,5,274,81
8,1,5,256,208
9,1,5,254,32
10,0,5,252,32
12,0,5,271,212
12,0,5,260,93
11,1,5,253,92
13,1,5,283,66
16,0,5,273,5
16,0,5,255,32
15,0,5,276,216
17,0,5,272,144
18,0,5,254,32
16,0,5,269,57
19,0,5,269,57
18,1,5,265,146
19,1,5,255,32
19,1,5,262,208
19,1,5,258,30
19,1,5,258,30
16,1,5,270,24
21,0,5,257,210
22,0,5,270,24
21,1,5,268,9
24,1,5,275,53
23,1,5,273,5
25,0,5,277,59
28,0,5,261,114
25,0,5,266,34
29,1,5,267,34
29,1,5,272,144
26,1,5,253,92
25,1,5,264,20
26,1,5,270,24
30,0,5,278,135
30,0,5,255,32
34,0,5,279,13
32,0,5,273,5
32,0,5,268,9
33,0,5,265,146
30,1,5,267,34
32,1,5,281,132
34,1,5,274,81
33,1,5,274,81
34,1,5,271,212
37,0,5,255,32
38,0,5,271,212
39,0,5,281,132
35,1,5,273,5
38,1,5,272,144
35,1,5,281,132
43,0,5,259,93
41,0,5,260,93
44,0,5,276,216
40,0,5,261,114
42,0,5,281,132
41,1,5,283,66
44,1,5,261,114
40,1,5,272,144
40,1,5,266,34
44,1,5,256,208
42,1,5,278,135
41,1,5,256,208
46,0,5,265,146
48,0,5,280,132
48,0,5,275,53
48,0,5,264,20
49,0,5,257,210
46,0,5,253,92
45,1,5,276,216
47,1,5,258,30
47,1,5,271,212
45,1,5,253,92
47,1,5,258,30
45,1,5,254,32
46,1,5,269,57
54,0,5,263,208
50,0,5,264,20
51,0,5,261,114
52,0,5,265,146
51,0,5,254,32
51,0,5,283,66
53,1,5,279,13
54,1,5,283,66
51,1,5,253,92
50,1,5,256,208
52,1,5,279,13
50,1,5,263,208
54,1,5,262,208
52,1,5,277,59
55,0,5,277,59
56,0,5,277,59
58,0,5,271,212
59,0,5,279,13
56,0,5,278,135
57,0,5,272,144
58,1,5,274,81
56,1,5,262,208
55,1,5,266,34
56,1,5,252,32
59,1,5,280,132
59,1,5,281,132
64,0,5,257,210
60,0,5,283,66
61,0,5,280,132
64,1,5,261,114
61,1,5,276,216
60,1,5,282,55
62,1,5,263,208
63,1,5,264,20
60,1,5,274,81
64,1,5,259,93
60,1,5,259,93
60,1,5,275,53
64,1,5,258,30
66,0,5,257,210
68,0,5,259,93
67,0,5,266,34
65,0,5,268,9
69,0,5,270,24
68,0,5,280,132
65,0,5,275,53
66,0,5,260,93
68,0,5,278,135
65,1,5,268,9
68,1,5,260,93
68,1,5,280,132
69,1,5,277,59
68,1,5,273,5
70,0,5,269,57
71,0,5,282,55
70,0,5,275,53
74,0,5,262,208
70,0,5,276,216
73,1,5,269,57
70,1,5,262,208
71,1,5,252,32
72,1,5,255,32
72,1,5,266,34
72,1,5,259,93
70,1,5,264,20
76,0,5,282,55
77,0,5,252,32
79,0,5,278,135
76,1,5,257,210
79,1,5,267,34
83,0,5,267,34
82,1,5,267,34
81,1,5,263,208
81,1,5,282,55
80,1,5,252,32
81,1,5,268,9
80,1,5,254,32
87,0,5,279,13
85,0,5,0,92
89,1,5,0,92
85,1,5,0,92
1,0,6,286,93
3,1,6,287,114
2,1,6,293,11
6,0,6,286,93
5,1,6,292,5
10,0,6,295,82
13,0,6,286,93
17,0,6,288,91
19,0,6,284,99
16,1,6,290,57
16,1,6,293,11
18,1,6,290,57
24,0,6,293,11
23,1,6,295,82
26,0,6,288,91
29,0,6,295,82
28,1,6,291,154
32,0,6,290,57
31,0,6,292,5
31,1,6,294,55
35,0,6,294,55
39,0,6,294,55
39,1,6,289,91
38,1,6,288,91
44,0,6,293,11
40,0,6,289,91
43,1,6,295,82
44,1,6,294,55
47,1,6,287,114
50,0,6,286,93
53,0,6,285,96
52,0,6,292,5
51,0,6,290,57
53,1,6,285,96
54,1,6,292,5
52,1,6,285,96
51,1,6,291,154
58,0,6,289,91
59,0,6,290,57
57,0,6,295,82
56,0,6,285,96
58,1,6,287,114
57,1,6,288,91
57,1,6,287,114
59,1,6,284,99
55,1,6,284,99
58,1,6,287,114
61,0,6,289,91
63,0,6,291,154
64,0,6,286,93
63,0,6,284,99
62,0,6,288,91
64,1,6,292,5
60,1,6,286,93
61,1,6,289,91
62,1,6,289,91
62,1,6,291,154
63,1,6,291,154
64,1,6,285,96
67,1,6,292,5
69,1,6,295,82
67,1,6,287,114
74,0,6,284,99
72,0,6,290,57
72,1,6,294,55
79,1,6,293,11
78,1,6,294,55
79,1,6,284,99
80,0,6,288,91
83,1,6,285,96
84,1,6,291,154
89,0,6,293,11
88,1,6,0,92
1,0,7,301,55
0,0,7,300,216
9,0,7,296,32
5,1,7,301,55
14,0,7,298,114
12,1,7,296,32
18,1,7,300,216
21,0,7,296,32
20,0,7,297,86
21,1,7,296,32
21,1,7,297,86
26,0,7,297,86
27,1,7,300,216
31,0,7,300,216
34,0,7,299,34
32,1,7,297,86
37,1,7,297,86
37,1,7,296,32
36,1,7,301,55
41,0,7,301,55
41,0,7,296,32
48,0,7,299,34
50,0,7,301,55
51,1,7,299,34
51,1,7,298,114
53,1,7,296,32
54,1,7,301,55
58,0,7,297,86
58,0,7,296,32
58,1,7,299,34
57,1,7,298,114
61,0,7,296,32
60,0,7,301,55
60,0,7,297,86
60,1,7,300,216
69,0,7,298,114
66,1,7,298,114
68,1,7,300,216
67,1,7,300,216
65,1,7,297,86
70,0,7,301,55
73,1,7,301,55
77,0,7,301,55
77,1,7,298,114
80,0,7,301,55
80,1,7,296,32
88,0,7,298,114
86,1,7,301,55
85,1,7,300,216
15,0,1,4,164
19,0,1,16,88
19,0,1,19,126
34,0,1,7,209
34,0,1,14,85
32,0,1,13,85
37,0,1,1,88
35,0,1,6,209
36,1,1,0,153
36,1,1,15,88
49,0,1,3,164
47,0,1,10,88
55,1,1,18,164
55,1,1,2,31
64,1,1,11,42
60,1,1,8,85
84,0,1,17,164
81,1,1,12,88
83,1,1,5,164
85,1,1,20,126
89,1,1,9,92
4,0,2,24,148
4,0,2,22,88
4,0,2,36,214
1,1,2,23,88
6,1,2,25,148
19,1,2,37,210
20,0,2,32,92
21,0,2,36,214
21,0,2,27,209
23,0,2,31,92
25,1,2,35,164
29,1,2,34,92
29,1,2,26,209
33,0,2,33,88
33,0,2,32,92
31,1,2,21,148
33,1,2,22,88
57,1,2,31,92
56,1,2,25,148
61,0,2,33,88
60,0,2,27,209
60,0,2,30,41
62,1,2,28,85
63,1,2,30,41
72,0,2,35,164
73,0,2,24,148
74,0,2,29,92
72,0,2,23,88
73,0,2,28,85
72,1,2,29,92
74,1,2,34,92
80,0,2,26,209
83,1,2,21,148
83,1,2,37,210
81,1,2,0,153
4,1,3,41,209
9,1,3,41,209
14,0,3,40,164
13,1,3,42,92
13,1,3,42,92
10,1,3,46,85
10,1,3,41,209
14,1,3,38,219
22,0,3,39,100
24,0,3,47,85
24,0,3,43,85
23,1,3,45,92
29,1,3,40,164
33,1,3,44,92
36,1,3,42,92
41,0,3,45,92
44,1,3,47,85
48,0,3,46,85
49,1,3,39,100
47,1,3,48,209
57,0,3,44,92
55,0,3,45,92
59,0,3,40,164
55,0,3,46,85
55,1,3,38,219
65,0,3,47,85
68,0,3,43,85
74,0,3,43,85
70,0,3,44,92
73,1,3,38,219
78,0,3,39,100
79,1,3,48,209
84,1,3,48,209
82,1,3,0,153
89,1,3,0,153
0,1,4,50,31
7,1,4,62,214
5,1,4,49,148
8,1,4,57,99
6,1,4,49,148
19,1,4,54,92
15,1,4,49,148
23,1,4,57,99
22,1,4,51,148
21,1,4,53,209
27,1,4,58,92
27,1,4,61,126
26,1,4,55,85
32,1,4,61,126
32,1,4,52,164
31,1,4,58,92
33,1,4,59,85
42,0,4,62,214
42,0,4,59,85
47,0,4,62,214
49,0,4,51,148
48,0,4,54,92
47,0,4,58,92
57,1,4,51,148
56,1,4,60,164
58,1,4,56,85
59,1,4,52,164
59,1,4,56,85
56,1,4,61,126
58,1,4,57,99
55,1,4,52,164
55,1,4,61,126
62,0,4,60,164
60,0,4,53,209
63,0,4,52,164
61,0,4,49,148
61,0,4,53,209
64,0,4,55,85
61,0,4,51,148
63,0,4,59,85
64,1,4,56,85
60,1,4,50,31
62,1,4,50,31
64,1,4,57,99
64,1,4,55,85
61,1,4,56,85
61,1,4,50,31
60,1,4,53,209
75,0,4,54,92
76,0,4,60,164
77,0,4,58,92
76,0,4,55,85
78,0,4,54,92
76,1,4,60,164
77,1,4,59,85
87,0,4,62,214
89,0,4,0,153
4,1,5,63,7
8,1,5,64,164
11,0,5,66,92
11,0,5,64,164
15,0,5,63,7
18,0,5,67,92
17,0,5,65,92
19,1,5,66,92
24,1,5,65,92
26,1,5,65,92
37,1,5,67,92
42,0,5,64,164
47,1,5,68,210
45,1,5,68,210
50,1,5,68,210
54,1,5,65,92
59,0,5,64,164
57,0,5,67,92
61,0,5,66,92
62,0,5,64,164
61,1,5,63,7
64,1,5,65,92
69,0,5,66,92
69,0,5,63,7
69,0,5,63,7
69,0,5,68,210
69,1,5,67,92
68,1,5,66,92
73,1,5,68,210
77,1,5,67,92
81,0,5,0,153
89,0,5,0,153
89,1,5,0,153
0,0,6,69,164
3,1,6,71,126
31,0,6,71,126
34,1,6,71,126
35,0,6,70,85
35,1,6,70,85
35,1,6,70,85
41,0,6,69,164
55,0,6,70,85
55,0,6,69,164
59,0,6,70,85
57,0,6,71,126
56,0,6,69,164
61,1,6,69,164
65,1,6,71,126
67,1,6,70,85
74,1,6,71,126
75,0,6,69,164
77,1,6,0,153
16,0,7,72,148
16,0,7,72,148
22,1,7,72,148
29,1,7,73,85
25,1,7,72,148
31,0,7,73,85
32,1,7,73,85
38,0,7,73,85
47,0,7,72,148
46,1,7,73,85
49,1,7,72,148
53,1,7,73,85
50,1,7,73,85
54,1,7,72,148
63,0,7,72,148
72,0,7,73,85
72,0,7,73,85
71,1,7,72,148
82,0,7,72,148
83,1,7,73,85
88,0,7,72,148
89,1,7,73,85
28,0,1,2,41
29,0,1,3,32
53,1,1,1,44
52,1,1,0,44
62,0,1,4,41
86,1,2,0,44
10,1,3,5,42
58,0,3,5,42
80,0,3,5,42
3,1,4,0,44
88,1,4,0,44
69,1,5,0,44
50,0,6,0,44
16,0,1,16,28
19,1,1,10,100
22,0,1,20,42
23,0,1,8,1
21,0,1,18,39
24,0,1,1,39
22,1,1,19,39
31,1,1,15,28
35,0,1,23,42
42,0,1,0,4
43,1,1,12,7
48,0,1,14,39
54,0,1,13,39
59,0,1,9,2
56,1,1,4,36
59,1,1,21,38
60,0,1,22,28
64,1,1,3,36
67,1,1,7,1
65,1,1,5,39
73,0,1,6,1
70,1,1,25,38
78,0,1,24,28
82,0,1,2,94
82,0,1,11,2
89,0,1,17,2
1,0,2,68,28
4,1,2,57,36
1,1,2,54,100
6,0,2,44,36
7,0,2,32,39
5,1,2,39,1
7,1,2,63,28
14,1,2,61,42
24,1,2,26,39
21,1,2,55,36
21,1,2,34,7
29,0,2,47,100
26,0,2,36,39
27,0,2,57,36
29,1,2,65,42
25,1,2,33,0
30,1,2,46,100
38,0,2,48,7
37,1,2,27,4
41,0,2,53,2
41,0,2,43,2
42,1,2,34,7
44,1,2,31,39
45,0,2,48,7
46,0,2,60,38
52,0,2,58,28
50,0,2,56,36
54,0,2,49,2
57,0,2,66,38
56,0,2,61,42
59,0,2,46,100
57,0,2,44,36
58,0,2,32,39
59,0,2,43,2
58,0,2,31,39
56,0,2,33,0
59,0,2,39,1
60,1,2,51,100
61,1,2,35,1
60,1,2,27,4
63,1,2,47,100
64,1,2,45,2
60,1,2,30,94
60,1,2,42,2
69,0,2,59,28
65,0,2,37,39
69,0,2,49,2
67,0,2,30,94
68,0,2,41,2
66,0,2,35,1
68,0,2,38,1
71,0,2,26,39
70,0,2,36,39
74,1,2,64,28
71,1,2,38,1
79,0,2,28,39
77,0,2,41,2
75,1,2,58,28
77,1,2,68,28
78,1,2,40,39
75,1,2,67,38
77,1,2,42,2
76,1,2,59,28
81,1,2,50,2
81,1,2,63,28
82,1,2,29,39
82,1,2,62,28
84,1,2,52,2
83,1,2,54,100
83,1,2,66,38
80,1,2,56,36
83,1,2,37,39
82,1,2,65,42
86,1,2,67,38
86,1,2,45,2
85,1,2,52,2
87,1,2,64,28
88,1,2,28,39
86,1,2,53,2
87,1,2,60,38
88,1,2,51,100
86,1,2,55,36
86,1,2,40,39
89,1,2,50,2
85,1,2,29,39
88,1,2,62,28
85,1,2,0,4
3,1,3,81,36
8,0,3,75,3
7,0,3,74,39
6,1,3,87,42
11,0,3,75,3
14,1,3,84,2
18,1,3,86,38
16,1,3,86,38
17,1,3,72,0
16,1,3,74,39
19,1,3,72,0
23,1,3,71,94
24,1,3,69,4
22,1,3,89,88
27,0,3,87,42
31,1,3,84,2
37,1,3,70,39
43,0,3,77,100
48,0,3,77,100
49,0,3,70,39
46,1,3,73,39
45,1,3,87,42
47,1,3,73,39
45,1,3,83,7
53,0,3,81,36
52,1,3,85,38
54,1,3,77,100
50,1,3,88,88
56,1,3,76,2
56,1,3,82,36
57,1,3,82,36
59,1,3,79,39
57,1,3,79,39
57,1,3,80,28
60,0,3,71,94
63,0,3,75,3
63,0,3,76,2
60,1,3,80,28
60,1,3,81,36
61,1,3,89,88
65,0,3,78,2
69,0,3,71,94
70,0,3,83,7
70,0,3,78,2
71,0,3,83,7
78,0,3,82,36
75,1,3,69,4
75,1,3,85,38
77,1,3,73,39
89,0,3,76,2
87,0,3,70,39
86,0,3,69,4
85,1,3,72,0
87,1,3,88,88
88,1,3,85,38
87,1,3,74,39
87,1,3,89,88
88,1,3,86,38
87,1,3,88,88
86,1,3,79,39
86,1,3,80,28
88,1,3,78,2
85,1,3,84,2
89,1,3,0,4
87,1,3,0,4
3,0,4,104,2
4,1,4,108,38
2,1,4,100,39
10,0,4,106,28
23,1,4,102,100
22,1,4,93,94
20,1,4,100,39
29,0,4,90,39
26,1,4,99,2
28,1,4,97,2
32,0,4,95,1
34,0,4,98,36
30,0,4,90,39
32,1,4,107,38
34,1,4,101,28
38,0,4,108,38
38,0,4,101,28
35,1,4,103,2
41,1,4,96,39
46,0,4,102,100
45,0,4,93,94
49,1,4,99,2
48,1,4,93,94
49,1,4,105,42
48,1,4,94,2
46,1,4,95,1
51,0,4,91,39
54,0,4,91,39
53,0,4,92,94
50,0,4,106,28
50,1,4,108,38
54,1,4,106,28
53,1,4,91,39
51,1,4,104,2
56,1,4,93,94
55,1,4,92,94
59,1,4,100,39
59,1,4,106,28
56,1,4,108,38
56,1,4,97,2
57,1,4,90,39
57,1,4,107,38
55,1,4,102,100
58,1,4,103,2
64,0,4,96,39
63,0,4,105,42
64,0,4,91,39
62,0,4,97,2
60,0,4,107,38
69,0,4,104,2
68,0,4,95,1
69,0,4,94,2
67,0,4,103,2
65,0,4,102,100
65,0,4,98,36
66,0,4,103,2
66,1,4,104,2
65,1,4,105,42
68,1,4,92,94
73,0,4,92,94
71,0,4,99,2
71,0,4,99,2
72,1,4,101,28
74,1,4,100,39
78,0,4,97,2
77,0,4,98,36
76,1,4,94,2
77,1,4,94,2
77,1,4,96,39
79,1,4,101,28
75,1,4,98,36
82,0,4,107,38
82,0,4,95,1
84,0,4,90,39
81,1,4,96,39
83,1,4,105,42
80,1,4,0,4
87,0,4,0,4
85,0,4,0,4
3,0,5,111,94
5,0,5,112,94
14,0,5,110,39
10,1,5,114,38
19,0,5,111,94
17,0,5,113,2
28,0,5,113,2
27,1,5,114,38
31,1,5,109,94
38,0,5,110,39
44,1,5,113,2
46,1,5,114,38
51,0,5,114,38
58,0,5,113,2
55,0,5,112,94
61,0,5,109,94
64,0,5,109,94
64,0,5,112,94
63,1,5,110,39
69,1,5,109,94
70,0,5,111,94
72,1,5,110,39
79,0,5,110,39
83,0,5,114,38
82,0,5,112,94
84,1,5,113,2
83,1,5,111,94
87,0,5,109,94
89,1,5,111,94
89,1,5,112,94
89,1,5,0,4
88,1,5,0,4
4,0,6,118,100
3,1,6,118,100
8,1,6,117,39
12,0,6,117,39
14,1,6,118,100
28,0,6,119,2
26,1,6,115,39
32,0,6,120,28
32,0,6,117,39
34,1,6,118,100
38,0,6,121,28
37,1,6,115,39
42,0,6,117,39
46,0,6,115,39
52,0,6,119,2
52,1,6,116,0
50,1,6,115,39
50,1,6,116,0
59,0,6,120,28
59,0,6,121,28
56,0,6,121,28
57,0,6,116,0
63,0,6,117,39
62,0,6,120,28
62,0,6,121,28
69,1,6,116,0
67,1,6,118,100
66,1,6,116,0
65,1,6,116,0
73,0,6,115,39
84,0,6,118,100
82,0,6,120,28
84,0,6,121,28
84,0,6,119,2
80,1,6,120,28
81,1,6,120,28
87,0,6,121,28
86,1,6,119,2
87,1,6,119,2
87,1,6,119,2
86,1,6,117,39
86,1,6,115,39
88,1,6,0,4
87,1,6,0,4
1,1,7,122,39
8,1,7,123,100
10,0,7,122,39
12,1,7,123,100
16,0,7,123,100
17,1,7,123,100
20,0,7,123,100
22,0,7,122,39
22,0,7,123,100
26,0,7,123,100
31,0,7,123,100
30,1,7,122,39
41,1,7,122,39
47,1,7,123,100
51,0,7,122,39
54,1,7,123,100
58,0,7,123,100
56,0,7,122,39
56,1,7,122,39
63,0,7,123,100
64,0,7,123,100
67,1,7,123,100
74,1,7,123,100
77,0,7,123,100
79,1,7,123,100
80,0,7,122,39
85,0,7,123,100
