run,seed,agents,safe_at_1800s,evacuated,last_evacuee_s
0,1835504127,12288,6883,12288,5760
1,1731038949,12288,6892,12288,5491
2,1320224556,12288,7060,12288,5952
3,2330041505,12288,6906,12288,5521
4,321059914,12288,7038,12288,5389
5,1226144109,12288,6985,12288,5750
6,2879408573,12288,6957,12288,5650
7,3503041500,12288,7022,12288,5869
8,1849724536,12288,6874,12288,5939
9,3123006989,12288,6949,12288,6369
10,2842938094,12288,6962,12288,6279
11,2068039075,12288,6891,12288,5501
12,2656117593,12288,6917,12288,5419
13,2513445512,12288,7025,12288,5819
14,4036741510,12288,7048,12288,5699
15,628688073,12288,7086,12288,5500
16,349926915,12288,7072,12288,5394
17,2425742749,12288,7138,12288,5719
18,3946533542,12288,7003,12288,5500
19,422250923,12288,6995,12288,5540
20,3986377523,12288,6949,12288,5843
21,1284039472,12288,6925,12288,5629
22,3158641496,12288,6980,12288,5779
23,93810887,12288,6881,12288,6550
24,940573288,12288,6962,12288,5384
25,1466597378,12288,6956,12288,5530
26,2217312436,12288,6920,12288,5628
27,2312295666,12288,7015,12288,5491
28,2774622761,12288,6996,12288,5611
29,2114234268,12288,6812,12288,5920
