# node,people
0,3.220388
1,10.021934
2,1.391569
3,10.021934
4,10.021934
5,1.391569
6,3.077591
7,3.077591
8,23.941054
9,23.941054
10,3.077591
11,3.077591
12,23.941054
13,23.941054
14,23.333211
15,13.916766
16,23.333211
17,3.077591
18,0.000000
19,3.077591
20,4.538462
21,3.077591
22,0.000000
23,4.538462
24,3.077591
25,23.333211
26,23.333211
27,4.538462
28,4.538462
29,4.538462
30,23.333211
31,4.538462
32,4.538462
33,4.538462
34,11.500000
35,23.333211
36,5.481481
37,8.418696
38,8.418696
39,5.481481
40,5.481481
41,8.418696
42,5.481481
43,8.418696
44,8.418696
45,5.481481
46,5.481481
47,8.418696
48,5.481481
49,5.481481
50,5.481481
51,5.481481
52,5.481481
53,5.481481
54,5.481481
55,5.481481
56,8.418696
57,8.418696
58,8.418696
59,8.418696
60,8.418696
61,8.418696
62,8.418696
63,1.608492
64,8.418696
65,8.418696
66,1.608492
67,1.608492
68,4.750000
69,3.192704
70,4.750000
71,3.192704
72,4.750000
73,3.192704
74,4.750000
75,3.944800
76,8.418696
77,3.944800
78,5.353065
79,8.418696
80,4.048561
81,5.353065
82,3.944800
83,5.353065
84,5.481481
85,10.021934
86,10.021934
87,1.391569
88,1.391569
89,10.021934
90,23.333211
91,23.333211
92,4.538462
93,27.538462
94,11.500000
95,4.538462
96,11.500000
97,4.538462
98,4.538462
99,4.538462
100,11.500000
101,11.500000
102,11.500000
103,4.538462
104,4.538462
105,4.538462
106,4.538462
107,11.500000
108,11.500000
109,11.500000
110,4.538462
111,4.538462
112,11.500000
113,11.500000
114,11.500000
115,11.500000
116,2.541667
117,11.500000
118,11.500000
119,11.500000
120,11.500000
121,4.538462
122,11.500000
123,11.500000
124,4.538462
125,11.500000
126,4.538462
127,11.500000
128,2.541667
129,2.541667
130,2.541667
131,2.541667
132,4.538462
133,0.000000
134,0.000000
135,0.000000
136,4.538462
137,2.541667
138,2.541667
139,2.541667
140,2.541667
141,2.541667
142,11.500000
143,2.541667
144,3.192704
145,2.541667
146,2.541667
147,2.541667
148,2.541667
149,3.192704
150,3.192704
151,3.192704
152,3.192704
153,3.192704
154,3.192704
155,10.039511
156,3.077591
157,3.077591
158,3.077591
159,3.077591
160,5.481481
161,3.077591
162,3.077591
163,2.541667
164,2.541667
165,3.192704
166,2.541667
167,2.541667
168,2.541667
169,2.541667
170,2.541667
171,0.000000
172,5.598078
173,10.039511
174,1.824943
175,3.077591
176,3.192704
177,0.000000
178,2.541667
179,0.000000
180,0.000000
181,8.418696
182,0.000000
183,8.418696
184,5.481481
185,10.039511
186,1.824943
187,1.824943
188,2.541667
189,1.608492
190,1.608492
191,1.608492
192,10.039511
193,3.192704
194,1.824943
195,3.077591
196,3.077591
197,0.000000
198,5.481481
199,3.077591
200,1.608492
201,5.481481
202,1.608492
203,1.608492
204,10.039511
205,10.039511
206,10.039511
207,8.418696
208,5.481481
209,1.608492
210,1.608492
211,1.824943
212,1.824943
213,1.608492
214,5.481481
215,8.418696
216,1.824943
217,1.824943
218,1.608492
219,1.608492
220,1.608492
221,1.608492
222,1.608492
223,10.039511
224,5.481481
225,1.824943
226,1.608492
227,10.039511
228,10.039511
229,10.039511
230,10.039511
231,10.039511
232,10.039511
233,5.481481
234,5.481481
235,5.481481
236,1.608492
237,5.481481
238,8.418696
239,1.608492
240,1.608492
241,8.418696
242,10.039511
243,5.123203
244,2.233279
245,2.233279
246,2.233279
247,3.247731
248,2.233279
249,1.608492
250,5.353065
251,5.353065
252,1.608492
253,5.481481
254,2.233279
255,5.353065
256,2.233279
257,2.233279
258,5.353065
259,2.233279
260,2.233279
261,5.123203
262,3.247731
263,3.247731
264,3.247731
265,3.247731
266,5.353065
267,2.233279
268,10.039511
269,5.353065
270,3.247731
271,3.247731
272,3.247731
273,3.247731
274,2.233279
275,5.353065
276,5.353065
277,5.353065
278,2.267311
279,3.247731
280,31.812032
281,4.538462
282,1.391569
283,1.391569
284,1.391569
285,1.391569
286,1.391569
287,1.391569
288,1.391569
289,1.391569
290,8.418696
291,1.824943
292,3.192704
293,0.000000
294,0.000000
295,0.000000
296,0.000000
