time_s,mean,p5,p95
0,0.00,0.0,0.0
10,176.00,176.0,176.0
20,176.00,176.0,176.0
30,176.00,176.0,176.0
40,176.00,176.0,176.0
50,176.15,176.0,177.0
60,176.45,176.0,178.0
70,177.15,176.0,179.0
80,178.15,176.0,180.1
90,179.30,176.9,182.1
100,181.05,178.9,184.0
110,183.00,179.9,186.0
120,185.25,181.9,189.1
130,188.60,185.0,193.2
140,191.65,187.0,198.0
150,196.00,191.0,202.1
160,201.45,196.9,206.1
170,207.55,202.8,213.1
180,214.45,207.9,220.0
190,222.90,213.9,229.1
200,231.00,222.0,241.0
210,241.60,232.9,250.2
220,254.20,243.8,263.2
230,266.75,255.8,278.1
240,281.95,271.4,292.4
250,297.35,283.6,314.1
260,313.95,299.9,331.4
270,333.50,318.9,349.4
280,353.25,335.9,363.2
290,374.05,355.9,386.3
300,398.30,385.9,412.4
310,425.45,414.8,445.1
320,453.20,441.9,466.3
330,482.60,466.9,502.6
340,516.70,495.9,535.1
350,552.35,536.8,569.2
360,587.35,569.0,604.7
370,628.20,611.0,641.1
380,670.90,645.0,687.8
390,712.30,690.0,737.4
400,752.70,726.7,775.0
410,798.50,774.1,820.8
420,846.35,817.8,878.0
430,892.25,863.5,924.8
440,937.95,902.0,973.5
450,986.35,951.5,1022.8
460,1034.85,999.3,1076.5
470,1087.50,1046.7,1125.8
480,1141.35,1094.0,1185.2
490,1197.80,1155.2,1241.8
500,1253.45,1200.5,1315.5
510,1308.75,1260.8,1364.4
520,1366.40,1314.0,1426.3
530,1425.05,1372.0,1480.7
540,1486.45,1440.3,1547.0
550,1546.20,1496.5,1597.5
560,1606.45,1563.7,1655.5
570,1664.80,1614.8,1712.4
580,1732.60,1686.2,1788.6
590,1799.35,1750.8,1861.0
600,1865.55,1817.9,1953.1
610,1924.85,1872.5,2014.2
620,1986.00,1935.8,2062.3
630,2051.65,1997.9,2126.1
640,2114.75,2063.3,2184.2
650,2176.65,2116.9,2256.1
660,2243.40,2184.8,2330.7
670,2305.90,2246.8,2393.3
680,2370.00,2316.6,2463.0
690,2432.20,2380.1,2523.0
700,2496.50,2449.5,2591.3
710,2561.55,2513.9,2655.2
720,2620.15,2569.8,2711.3
730,2683.65,2631.8,2769.3
740,2748.00,2695.5,2827.3
750,2811.35,2769.5,2892.4
760,2871.95,2816.8,2966.1
770,2934.45,2883.1,3016.4
780,2996.55,2934.8,3086.6
790,3054.30,2984.8,3137.8
800,3114.30,3047.8,3181.9
810,3175.10,3109.9,3244.9
820,3231.50,3152.6,3302.2
830,3291.65,3206.7,3373.4
840,3352.90,3271.4,3428.2
850,3409.10,3338.7,3481.3
860,3463.60,3401.6,3552.1
870,3516.35,3463.8,3584.9
880,3571.80,3509.9,3629.8
890,3624.15,3546.9,3687.3
900,3672.15,3604.7,3724.5
910,3718.75,3662.0,3773.7
920,3771.75,3718.6,3830.3
930,3819.85,3759.7,3885.2
940,3864.20,3791.9,3930.2
950,3902.95,3840.7,3967.1
960,3944.90,3881.3,4020.1
970,3989.25,3922.7,4067.3
980,4031.05,3962.1,4102.6
990,4073.50,3989.2,4148.2
1000,4118.35,4061.6,4200.2
1010,4159.25,4102.6,4250.5
1020,4198.80,4131.1,4291.9
1030,4242.85,4171.6,4339.3
1040,4280.65,4198.0,4373.5
1050,4323.15,4261.8,4407.2
1060,4361.85,4303.0,4435.7
1070,4401.80,4340.8,4478.6
1080,4439.15,4373.6,4513.4
1090,4473.90,4401.8,4562.1
1100,4509.30,4445.0,4601.9
1110,4544.45,4485.4,4630.6
1120,4578.45,4511.6,4667.6
1130,4612.35,4534.5,4704.1
1140,4649.95,4568.2,4734.4
1150,4686.15,4600.6,4765.6
1160,4716.95,4640.1,4804.6
1170,4743.35,4660.8,4834.1
1180,4774.90,4683.9,4858.4
1190,4807.90,4701.5,4891.4
1200,4837.90,4732.9,4918.1
1210,4874.60,4777.6,4951.1
1220,4916.60,4804.9,4989.6
1230,4954.30,4833.7,5034.2
1240,4984.45,4865.1,5060.1
1250,5015.70,4912.6,5081.1
1260,5043.00,4951.6,5107.9
1270,5069.85,4981.8,5147.4
1280,5097.40,5018.0,5170.1
1290,5123.60,5039.5,5197.5
1300,5150.00,5066.9,5231.6
1310,5176.90,5087.5,5260.4
1320,5201.75,5111.6,5285.6
1330,5228.00,5138.9,5315.9
1340,5253.15,5150.9,5360.1
1350,5283.85,5199.3,5395.8
1360,5305.60,5232.2,5419.9
1370,5329.05,5243.1,5437.2
1380,5349.15,5263.9,5456.1
1390,5371.45,5284.1,5477.8
1400,5399.95,5303.4,5501.1
1410,5423.05,5332.9,5524.9
1420,5443.95,5355.1,5542.1
1430,5465.65,5367.8,5561.7
1440,5485.55,5392.9,5579.5
1450,5509.00,5417.4,5597.6
1460,5532.70,5431.4,5625.6
1470,5555.40,5443.5,5636.9
1480,5578.15,5456.6,5655.9
1490,5600.05,5485.1,5675.6
1500,5624.20,5504.9,5690.3
1510,5642.25,5515.9,5716.6
1520,5661.70,5527.2,5739.9
1530,5679.25,5539.5,5758.5
1540,5700.60,5552.6,5778.8
1550,5723.60,5571.4,5796.6
1560,5745.55,5597.2,5814.4
1570,5767.85,5616.1,5847.7
1580,5788.65,5636.5,5875.2
1590,5807.10,5653.2,5889.5
1600,5827.55,5658.7,5905.2
1610,5848.00,5679.8,5946.3
1620,5866.80,5707.2,5970.8
1630,5888.05,5729.2,5997.0
1640,5910.25,5741.6,6011.4
1650,5929.80,5763.4,6044.4
1660,5946.95,5783.2,6065.9
1670,5966.25,5794.0,6092.9
1680,5984.00,5807.1,6108.7
1690,6006.30,5825.8,6129.9
1700,6027.30,5840.8,6142.7
1710,6048.80,5872.2,6159.6
1720,6072.95,5890.8,6191.8
1730,6095.05,5911.1,6226.1
1740,6112.40,5928.8,6234.1
1750,6132.25,5942.1,6255.7
1760,6150.55,5960.7,6270.1
1770,6170.50,5975.8,6300.2
1780,6189.85,5999.7,6322.4
1790,6206.10,6009.9,6348.1
1800,6224.05,6020.6,6363.8
1810,6244.20,6038.9,6381.3
1820,6263.05,6082.9,6396.5
1830,6289.90,6138.2,6417.1
1840,6309.50,6160.6,6437.8
1850,6326.10,6176.0,6467.6
1860,6343.75,6191.6,6480.6
1870,6361.45,6208.4,6491.8
1880,6375.95,6222.6,6509.6
1890,6391.80,6238.6,6527.5
1900,6409.80,6275.2,6535.4
1910,6429.85,6296.9,6555.8
1920,6448.30,6311.9,6603.0
1930,6468.35,6329.9,6646.8
1940,6486.95,6345.6,6655.9
1950,6505.10,6364.1,6687.9
1960,6523.80,6377.5,6708.3
1970,6543.25,6396.3,6719.8
1980,6564.40,6415.6,6748.9
1990,6583.60,6430.7,6767.6
2000,6599.70,6438.9,6783.4
2010,6617.35,6453.4,6800.7
2020,6639.35,6471.1,6834.1
2030,6661.30,6492.5,6844.2
2040,6676.85,6508.4,6854.1
2050,6691.40,6523.9,6863.6
2060,6709.70,6539.1,6874.7
2070,6731.15,6574.6,6889.5
2080,6754.70,6615.2,6908.2
2090,6775.55,6622.4,6933.9
2100,6794.70,6642.8,6952.8
2110,6814.95,6653.9,6971.6
2120,6830.55,6669.1,6977.6
2130,6852.25,6684.6,7022.3
2140,6876.55,6750.9,7043.5
2150,6899.50,6768.6,7062.9
2160,6923.80,6792.4,7089.9
2170,6941.85,6797.8,7114.4
2180,6961.45,6811.6,7133.1
2190,6979.30,6822.7,7145.1
2200,6998.20,6864.6,7157.9
2210,7020.45,6891.0,7178.4
2220,7038.50,6903.7,7205.4
2230,7060.60,6918.2,7217.6
2240,7077.35,6931.4,7243.1
2250,7100.40,6942.2,7256.6
2260,7122.85,6960.6,7270.3
2270,7144.80,6981.2,7299.6
2280,7164.20,6992.1,7337.4
2290,7185.15,7007.9,7381.1
2300,7205.60,7040.9,7397.6
2310,7224.45,7053.1,7416.2
2320,7242.75,7076.2,7426.7
2330,7262.75,7093.4,7440.4
2340,7287.85,7107.9,7464.4
2350,7308.50,7129.8,7490.1
2360,7330.50,7166.9,7514.1
2370,7348.70,7188.9,7531.9
2380,7369.55,7216.9,7546.9
2390,7390.30,7223.5,7561.6
2400,7411.40,7232.0,7579.7
2410,7431.35,7241.7,7592.0
2420,7454.05,7264.2,7645.3
2430,7470.45,7285.1,7685.1
2440,7486.80,7308.8,7699.1
2450,7503.85,7327.6,7708.7
2460,7521.10,7342.2,7739.2
2470,7541.30,7373.2,7759.8
2480,7556.55,7386.6,7773.9
2490,7578.80,7399.8,7793.9
2500,7600.65,7415.5,7827.2
2510,7615.90,7420.6,7845.1
2520,7632.95,7435.1,7857.2
2530,7650.20,7443.5,7873.1
2540,7669.85,7467.9,7887.8
2550,7689.75,7494.8,7901.2
2560,7707.00,7507.1,7929.5
2570,7726.40,7522.2,7945.6
2580,7742.10,7527.3,7957.5
2590,7758.35,7540.0,7974.1
2600,7776.50,7567.3,7997.7
2610,7793.75,7586.9,8010.8
2620,7814.80,7637.4,8026.9
2630,7835.00,7654.1,8057.2
2640,7851.85,7664.1,8075.9
2650,7871.90,7700.6,8081.2
2660,7890.60,7727.4,8109.1
2670,7904.55,7738.5,8118.9
2680,7920.60,7755.7,8135.9
2690,7939.80,7767.2,8166.7
2700,7956.40,7787.1,8179.2
2710,7973.70,7805.5,8189.0
2720,7990.60,7828.5,8221.5
2730,8008.15,7846.7,8287.9
2740,8026.50,7865.3,8305.6
2750,8041.95,7872.2,8319.9
2760,8058.95,7878.5,8328.1
2770,8072.40,7887.3,8336.0
2780,8083.65,7898.9,8359.6
2790,8097.75,7925.0,8379.9
2800,8114.30,7935.9,8394.6
2810,8131.65,7943.1,8405.4
2820,8150.65,7969.2,8420.7
2830,8165.45,8000.8,8431.7
2840,8180.20,8020.1,8446.8
2850,8194.35,8031.9,8458.7
2860,8209.15,8034.4,8477.2
2870,8224.55,8043.4,8493.2
2880,8242.55,8053.4,8505.9
2890,8259.75,8065.9,8512.4
2900,8278.20,8076.6,8523.8
2910,8293.55,8079.6,8538.4
2920,8306.25,8083.9,8548.0
2930,8321.55,8096.1,8566.8
2940,8333.25,8106.9,8572.0
2950,8348.05,8129.1,8585.8
2960,8362.80,8145.8,8598.5
2970,8378.45,8167.6,8606.2
2980,8398.15,8174.9,8614.7
2990,8412.15,8198.8,8625.4
3000,8425.25,8215.5,8641.0
3010,8437.25,8234.9,8655.6
3020,8450.25,8242.0,8663.0
3030,8463.10,8247.0,8670.9
3040,8475.95,8260.7,8692.0
3050,8490.30,8269.9,8693.5
3060,8507.05,8278.5,8712.2
3070,8520.20,8287.5,8718.2
3080,8542.25,8300.6,8789.4
3090,8556.60,8321.0,8799.6
3100,8570.90,8351.0,8810.8
3110,8583.95,8365.7,8821.9
3120,8598.90,8376.7,8830.4
3130,8613.15,8383.1,8857.4
3140,8626.60,8402.5,8868.1
3150,8642.30,8425.1,8886.8
3160,8657.65,8449.1,8893.3
3170,8675.00,8464.4,8914.6
3180,8690.25,8480.7,8941.2
3190,8705.05,8487.5,8956.4
3200,8720.35,8502.2,8959.9
3210,8733.50,8516.1,8966.1
3220,8749.45,8536.6,8973.1
3230,8764.35,8545.2,8982.0
3240,8778.80,8568.5,8992.4
3250,8796.55,8574.5,8998.9
3260,8814.25,8579.1,9030.0
3270,8830.95,8587.1,9051.3
3280,8847.20,8593.3,9069.6
3290,8864.95,8607.9,9075.4
3300,8875.55,8619.3,9088.2
3310,8892.55,8627.2,9098.5
3320,8909.15,8652.0,9113.0
3330,8929.20,8704.9,9138.4
3340,8947.20,8715.5,9148.1
3350,8964.65,8733.0,9158.5
3360,8979.95,8761.9,9172.9
3370,8996.50,8773.6,9188.4
3380,9014.75,8783.6,9196.0
3390,9028.00,8790.2,9206.1
3400,9038.65,8802.2,9210.0
3410,9049.40,8811.5,9213.9
3420,9061.35,8820.3,9217.0
3430,9072.55,8839.2,9228.5
3440,9082.00,8852.0,9237.5
3450,9095.60,8863.1,9242.7
3460,9110.65,8881.7,9257.4
3470,9120.55,8891.6,9266.6
3480,9133.50,8902.8,9276.5
3490,9148.60,8934.8,9281.9
3500,9160.35,8960.9,9307.9
3510,9170.90,8982.5,9317.4
3520,9185.45,8996.5,9330.3
3530,9198.60,8999.5,9366.5
3540,9207.85,9001.5,9383.1
3550,9219.25,9008.6,9397.8
3560,9231.35,9015.5,9407.2
3570,9241.50,9022.2,9414.8
3580,9249.60,9032.0,9425.9
3590,9259.45,9038.6,9426.3
3600,9273.35,9085.2,9431.4
3610,9284.30,9092.9,9437.6
3620,9294.90,9106.5,9445.8
3630,9305.25,9115.0,9448.4
3640,9315.90,9121.2,9461.1
3650,9325.55,9127.9,9467.0
3660,9335.95,9133.3,9477.0
3670,9347.65,9147.0,9492.7
3680,9359.20,9164.4,9499.9
3690,9367.15,9170.9,9523.6
3700,9375.25,9180.8,9524.8
3710,9388.50,9196.1,9534.5
3720,9402.00,9204.8,9546.2
3730,9414.00,9220.5,9550.6
3740,9425.35,9228.5,9558.8
3750,9438.15,9237.6,9572.5
3760,9449.95,9255.0,9597.0
3770,9461.95,9278.0,9618.8
3780,9472.25,9284.1,9637.3
3790,9489.55,9297.6,9649.9
3800,9499.60,9323.0,9653.3
3810,9511.10,9327.9,9668.7
3820,9520.15,9337.6,9676.5
3830,9528.65,9356.9,9678.8
3840,9537.15,9366.0,9684.8
3850,9547.95,9372.2,9742.5
3860,9556.90,9377.6,9759.2
3870,9568.35,9387.5,9765.5
3880,9574.70,9394.5,9766.6
3890,9581.75,9402.5,9767.6
3900,9591.60,9408.5,9769.9
3910,9606.45,9411.5,9780.2
3920,9623.95,9469.5,9810.1
3930,9635.30,9490.6,9825.4
3940,9645.15,9490.7,9883.6
3950,9656.10,9491.0,9916.2
3960,9664.95,9499.9,9936.2
3970,9671.65,9501.9,9941.0
3980,9679.70,9504.8,9945.4
3990,9689.30,9509.8,9957.1
4000,9700.15,9512.1,9967.5
4010,9711.45,9522.1,9977.5
4020,9720.35,9528.2,9991.4
4030,9736.55,9536.4,9997.1
4040,9749.80,9541.2,10027.9
4050,9758.90,9548.2,10060.1
4060,9769.45,9559.4,10077.0
4070,9779.60,9563.9,10080.9
4080,9788.45,9566.5,10095.8
4090,9802.05,9568.0,10099.2
4100,9812.10,9569.1,10119.2
4110,9822.60,9573.8,10129.5
4120,9830.55,9579.6,10138.5
4130,9841.30,9581.9,10144.6
4140,9851.80,9586.0,10145.5
4150,9866.60,9588.2,10158.0
4160,9875.65,9591.2,10160.1
4170,9888.95,9593.1,10165.2
4180,9897.00,9616.3,10168.5
4190,9912.15,9647.1,10177.5
4200,9924.05,9675.5,10185.0
4210,9935.60,9709.0,10195.8
4220,9952.05,9715.2,10200.9
4230,9968.05,9717.6,10211.1
4240,9983.35,9724.0,10214.3
4250,10000.90,9738.7,10222.1
4260,10012.20,9745.6,10223.1
4270,10027.00,9771.7,10228.2
4280,10043.75,9786.1,10294.0
4290,10064.50,9806.8,10307.3
4300,10092.30,9853.3,10389.9
4310,10104.85,9881.8,10409.4
4320,10114.50,9885.8,10421.9
4330,10125.45,9891.2,10441.2
4340,10134.75,9894.2,10443.5
4350,10149.55,9894.2,10452.4
4360,10163.65,9898.7,10462.4
4370,10174.45,9915.9,10472.2
4380,10188.70,9944.9,10475.5
4390,10201.65,9964.0,10489.2
4400,10219.80,9983.1,10494.4
4410,10237.05,9996.7,10509.0
4420,10255.30,10013.2,10523.0
4430,10269.40,10032.2,10543.0
4440,10283.75,10049.6,10564.4
4450,10298.55,10055.4,10575.3
4460,10310.35,10064.2,10580.4
4470,10321.40,10075.3,10625.1
4480,10332.70,10081.2,10637.6
4490,10344.50,10086.2,10648.2
4500,10355.60,10101.8,10653.4
4510,10371.55,10126.2,10664.1
4520,10390.00,10134.5,10674.4
4530,10405.65,10144.3,10678.0
4540,10415.60,10149.1,10691.9
4550,10430.00,10168.4,10717.0
4560,10439.10,10193.9,10724.2
4570,10451.85,10206.6,10735.6
4580,10463.40,10214.4,10747.4
4590,10482.45,10225.0,10755.4
4600,10498.95,10235.4,10765.1
4610,10514.55,10255.2,10771.4
4620,10539.25,10260.2,10788.0
4630,10564.85,10263.1,10812.7
4640,10577.10,10268.0,10857.0
4650,10604.45,10283.9,10877.4
4660,10643.25,10290.0,10956.0
4670,10677.65,10301.7,11044.8
4680,10705.50,10335.5,11061.2
4690,10725.50,10339.4,11078.0
4700,10735.55,10340.5,11089.5
4710,10752.70,10349.3,11164.6
4720,10774.10,10351.2,11243.8
4730,10788.35,10359.1,11256.5
4740,10807.15,10368.0,11265.4
4750,10822.90,10370.0,11269.0
4760,10836.40,10373.0,11333.5
4770,10848.45,10374.2,11357.0
4780,10872.50,10397.0,11358.8
4790,10890.05,10420.9,11362.5
4800,10916.15,10460.8,11408.8
4810,10963.50,10522.1,11438.4
4820,11026.15,10570.8,11558.8
4830,11084.65,10670.7,11649.5
4840,11117.45,10715.5,11692.1
4850,11134.85,10720.4,11701.8
4860,11152.85,10727.1,11707.6
4870,11174.35,10753.8,11714.6
4880,11202.50,10780.5,11740.2
4890,11229.00,10789.1,11773.1
4900,11261.60,10817.9,11825.8
4910,11301.40,10860.6,11841.0
4920,11339.35,10917.8,11849.7
4930,11369.60,10970.4,11869.9
4940,11402.00,10980.0,11875.1
4950,11439.80,10995.4,11894.2
4960,11464.90,11013.0,11905.0
4970,11499.15,11035.4,11911.9
4980,11532.00,11070.5,11944.2
4990,11560.05,11127.8,12009.1
5000,11583.70,11179.5,12018.0
5010,11611.00,11223.7,12030.0
5020,11648.00,11240.9,12048.3
5030,11666.00,11308.5,12051.6
5040,11676.95,11320.5,12058.4
5050,11685.95,11324.5,12065.2
5060,11701.95,11332.3,12079.1
5070,11719.60,11345.9,12089.7
5080,11749.25,11410.5,12163.3
5090,11772.30,11445.8,12211.8
5100,11794.15,11473.0,12221.0
5110,11809.95,11493.2,12231.5
5120,11838.65,11506.8,12292.8
5130,11873.25,11519.1,12311.9
5140,11905.55,11534.8,12323.5
5150,11919.70,11540.7,12323.6
5160,11935.05,11549.0,12326.9
5170,11949.75,11584.4,12327.2
5180,11972.05,11592.3,12333.1
5190,11985.45,11604.9,12336.0
5200,12007.80,11620.8,12343.0
5210,12036.05,11626.0,12344.8
5220,12071.30,11814.6,12346.4
5230,12103.80,11853.2,12347.8
5240,12143.05,11921.5,12412.5
5250,12175.65,11935.2,12416.6
5260,12191.25,11971.5,12427.2
5270,12207.30,11974.4,12431.2
5280,12226.45,11983.9,12431.3
5290,12249.25,11987.8,12433.4
5300,12278.80,12007.4,12474.2
5310,12294.55,12037.9,12487.8
5320,12302.70,12042.8,12489.9
5330,12310.00,12044.8,12495.7
5340,12318.65,12062.3,12502.5
5350,12336.85,12107.5,12522.2
5360,12349.65,12113.6,12536.6
5370,12358.60,12139.4,12540.6
5380,12367.25,12147.0,12554.2
5390,12380.80,12147.1,12569.8
5400,12391.45,12147.1,12575.0
5410,12400.40,12149.1,12579.6
5420,12411.80,12192.9,12584.5
5430,12424.70,12197.6,12585.6
5440,12432.60,12197.6,12587.6
5450,12435.80,12197.6,12587.6
5460,12437.75,12197.6,12587.8
5470,12444.50,12248.9,12595.4
5480,12453.00,12290.7,12609.8
5490,12466.55,12292.6,12611.8
5500,12476.80,12292.6,12721.4
5510,12483.90,12293.5,12729.1
5520,12486.40,12293.6,12733.5
5530,12487.75,12296.5,12734.5
5540,12489.65,12297.4,12737.5
5550,12493.65,12298.4,12738.6
5560,12497.05,12298.4,12744.4
5570,12501.35,12298.5,12746.3
5580,12504.30,12301.3,12750.3
5590,12506.60,12302.2,12753.2
5600,12510.85,12303.2,12754.1
5610,12513.70,12304.1,12757.0
5620,12516.40,12304.2,12759.1
5630,12518.70,12305.1,12761.0
5640,12520.20,12306.1,12763.9
5650,12525.05,12308.0,12763.9
5660,12527.30,12308.1,12764.9
5670,12531.15,12309.3,12765.9
5680,12534.55,12309.6,12767.8
5690,12537.55,12310.5,12772.5
5700,12539.70,12310.5,12783.0
5710,12541.75,12311.5,12785.0
5720,12546.65,12311.6,12787.8
5730,12559.20,12313.6,12789.7
5740,12565.55,12314.5,12799.2
5750,12571.05,12315.7,12800.2
5760,12577.75,12317.0,12812.6
5770,12579.65,12320.8,12816.5
5780,12582.60,12322.8,12817.5
5790,12585.40,12325.6,12824.1
5800,12587.75,12326.5,12825.1
5810,12589.95,12330.4,12826.0
5820,12591.55,12332.3,12836.5
5830,12593.35,12338.1,12838.4
5840,12595.15,12340.0,12839.4
5850,12597.40,12342.0,12840.3
5860,12600.60,12375.2,12841.2
5870,12602.20,12375.2,12843.1
5880,12605.25,12375.3,12845.0
5890,12607.10,12376.2,12845.1
5900,12608.20,12377.2,12846.1
5910,12609.35,12377.2,12847.0
5920,12612.45,12378.2,12851.8
5930,12615.45,12381.0,12853.7
5940,12618.95,12381.0,12854.6
5950,12623.10,12402.0,12854.6
5960,12631.55,12402.0,12854.8
5970,12636.85,12402.0,12855.8
5980,12644.10,12402.0,12857.6
5990,12648.15,12403.9,12857.6
6000,12651.05,12404.0,12858.6
6010,12656.05,12405.0,12884.3
6020,12659.40,12406.0,12898.6
6030,12664.60,12406.0,12898.6
6040,12672.75,12407.9,12917.6
6050,12679.50,12410.7,12933.5
6060,12683.15,12410.7,12936.2
6070,12685.10,12412.6,12936.9
6080,12686.30,12415.5,12936.9
6090,12692.05,12435.4,12936.9
6100,12698.25,12435.4,12938.9
6110,12705.20,12437.4,12939.9
6120,12712.10,12437.4,12939.9
6130,12713.35,12442.1,12940.0
6140,12714.30,12444.0,12940.0
6150,12715.75,12444.0,12940.0
6160,12717.00,12445.9,12954.2
6170,12719.90,12446.9,12955.4
6180,12720.85,12446.9,12955.4
6190,12721.95,12446.9,12955.4
6200,12724.15,12446.9,12956.4
6210,12725.00,12446.9,12956.4
6220,12727.80,12447.9,12956.5
6230,12728.55,12448.8,12956.5
6240,12729.30,12449.8,12956.6
6250,12730.05,12449.8,12956.8
6260,12730.70,12450.8,12956.8
6270,12731.90,12454.5,12957.8
6280,12732.75,12456.5,12961.6
6290,12733.65,12457.4,12966.5
6300,12736.85,12458.4,12992.3
6310,12741.50,12460.2,12997.1
6320,12747.90,12465.0,12999.0
6330,12756.05,12466.9,13001.9
6340,12760.30,12469.8,13001.9
6350,12762.20,12471.6,13001.9
6360,12763.55,12473.5,13002.9
6370,12767.10,12475.5,13023.9
6380,12768.60,12476.4,13028.6
6390,12771.50,12479.2,13029.6
6400,12775.25,12482.1,13030.5
6410,12781.45,12483.0,13039.1
6420,12783.65,12483.1,13052.5
6430,12788.10,12484.0,13058.2
6440,12789.65,12484.0,13067.7
6450,12790.75,12485.0,13068.6
6460,12791.65,12487.0,13069.6
6470,12792.25,12488.9,13069.6
6480,12793.35,12489.9,13069.7
6490,12794.15,12489.9,13071.6
6500,12797.25,12491.8,13072.9
6510,12803.50,12492.8,13073.2
6520,12812.30,12496.6,13074.2
6530,12818.85,12498.5,13074.2
6540,12823.10,12499.5,13092.3
6550,12826.10,12501.4,13135.0
6560,12831.15,12504.0,13137.8
6570,12838.00,12507.5,13141.2
6580,12847.70,12517.5,13157.5
6590,12861.40,12577.5,13164.2
6600,12868.75,12577.8,13192.7
6610,12876.35,12577.9,13240.2
6620,12882.90,12578.0,13244.0
6630,12887.40,12578.1,13244.0
6640,12889.30,12579.2,13244.0
6650,12894.25,12579.3,13244.0
6660,12902.40,12617.0,13244.0
6670,12911.55,12634.1,13244.0
6680,12915.65,12634.2,13244.0
6690,12917.10,12635.2,13244.0
6700,12917.45,12635.2,13244.0
6710,12917.85,12636.2,13244.0
6720,12920.00,12637.3,13244.0
6730,12927.00,12637.4,13244.0
6740,12938.60,12640.0,13244.0
6750,12957.25,12660.0,13244.0
6760,12979.80,12660.0,13244.0
6770,12998.70,12678.1,13244.0
6780,13004.85,12680.5,13244.0
6790,13007.15,12713.9,13244.0
6800,13012.60,12717.6,13244.0
6810,13017.40,12717.6,13244.0
6820,13020.45,12717.6,13244.0
6830,13022.70,12717.7,13244.0
6840,13024.95,12717.7,13244.0
6850,13026.15,12718.6,13244.0
6860,13029.15,12721.0,13244.0
6870,13036.80,12761.9,13244.0
6880,13045.30,12761.9,13244.0
6890,13050.10,12761.9,13244.0
6900,13050.25,12761.9,13244.0
6910,13052.20,12782.9,13244.0
6920,13057.90,12782.9,13244.0
6930,13067.50,12782.9,13244.0
6940,13082.60,12782.9,13244.0
6950,13096.30,12783.0,13244.0
6960,13106.30,12783.9,13244.0
6970,13111.10,12783.9,13244.0
6980,13115.15,12783.9,13244.0
6990,13121.25,12783.9,13244.0
7000,13138.95,12783.9,13244.0
7010,13148.90,12784.9,13244.0
7020,13151.65,12784.9,13244.0
7030,13155.25,12784.9,13244.0
7040,13159.20,12785.0,13244.0
7050,13166.90,12785.9,13244.0
7060,13169.80,12785.9,13244.0
7070,13169.95,12785.9,13244.0
7080,13170.05,12786.9,13244.0
7090,13170.10,12786.9,13244.0
7100,13170.40,12789.7,13244.0
7110,13170.55,12790.7,13244.0
7120,13170.70,12791.6,13244.0
7130,13171.20,12792.1,13244.0
7140,13171.60,12792.5,13244.0
7150,13171.65,12793.5,13244.0
7160,13172.50,12808.6,13244.0
7170,13172.65,12810.5,13244.0
7180,13172.75,12810.5,13244.0
7190,13172.80,12810.5,13244.0
7200,13173.65,12811.5,13244.0
7210,13174.00,12811.5,13244.0
7220,13177.65,12811.5,13244.0
7230,13183.35,12811.5,13244.0
7240,13186.00,12812.5,13244.0
7250,13186.85,12823.9,13244.0
7260,13188.75,12860.0,13244.0
7270,13197.20,13007.2,13244.0
7280,13206.40,13020.1,13244.0
7290,13212.10,13033.9,13244.0
7300,13218.70,13068.4,13244.0
7310,13232.90,13151.0,13244.0
7320,13242.60,13241.7,13244.0
7330,13244.00,13244.0,13244.0
7340,13244.00,13244.0,13244.0
7350,13244.00,13244.0,13244.0
7360,13244.00,13244.0,13244.0
7370,13244.00,13244.0,13244.0
7380,13244.00,13244.0,13244.0
7390,13244.00,13244.0,13244.0
7400,13244.00,13244.0,13244.0
7410,13244.00,13244.0,13244.0
7420,13244.00,13244.0,13244.0
7430,13244.00,13244.0,13244.0
7440,13244.00,13244.0,13244.0
7450,13244.00,13244.0,13244.0
7460,13244.00,13244.0,13244.0
7470,13244.00,13244.0,13244.0
7480,13244.00,13244.0,13244.0
7490,13244.00,13244.0,13244.0
7500,13244.00,13244.0,13244.0
7510,13244.00,13244.0,13244.0
7520,13244.00,13244.0,13244.0
7530,13244.00,13244.0,13244.0
7540,13244.00,13244.0,13244.0
7550,13244.00,13244.0,13244.0
7560,13244.00,13244.0,13244.0
7570,13244.00,13244.0,13244.0
7580,13244.00,13244.0,13244.0
7590,13244.00,13244.0,13244.0
7600,13244.00,13244.0,13244.0
7610,13244.00,13244.0,13244.0
7620,13244.00,13244.0,13244.0
7630,13244.00,13244.0,13244.0
7640,13244.00,13244.0,13244.0
7650,13244.00,13244.0,13244.0
7660,13244.00,13244.0,13244.0
7670,13244.00,13244.0,13244.0
7680,13244.00,13244.0,13244.0
7690,13244.00,13244.0,13244.0
7700,13244.00,13244.0,13244.0
7710,13244.00,13244.0,13244.0
7720,13244.00,13244.0,13244.0
7730,13244.00,13244.0,13244.0
7740,13244.00,13244.0,13244.0
7750,13244.00,13244.0,13244.0
7760,13244.00,13244.0,13244.0
7770,13244.00,13244.0,13244.0
7780,13244.00,13244.0,13244.0
7790,13244.00,13244.0,13244.0
7800,13244.00,13244.0,13244.0
7810,13244.00,13244.0,13244.0
7820,13244.00,13244.0,13244.0
7830,13244.00,13244.0,13244.0
7840,13244.00,13244.0,13244.0
7850,13244.00,13244.0,13244.0
7860,13244.00,13244.0,13244.0
7870,13244.00,13244.0,13244.0
7880,13244.00,13244.0,13244.0
7890,13244.00,13244.0,13244.0
7900,13244.00,13244.0,13244.0
7910,13244.00,13244.0,13244.0
7920,13244.00,13244.0,13244.0
7930,13244.00,13244.0,13244.0
7940,13244.00,13244.0,13244.0
7950,13244.00,13244.0,13244.0
7960,13244.00,13244.0,13244.0
7970,13244.00,13244.0,13244.0
7980,13244.00,13244.0,13244.0
7990,13244.00,13244.0,13244.0
8000,13244.00,13244.0,13244.0
8010,13244.00,13244.0,13244.0
8020,13244.00,13244.0,13244.0
8030,13244.00,13244.0,13244.0
8040,13244.00,13244.0,13244.0
8050,13244.00,13244.0,13244.0
8060,13244.00,13244.0,13244.0
8070,13244.00,13244.0,13244.0
8080,13244.00,13244.0,13244.0
8090,13244.00,13244.0,13244.0
8100,13244.00,13244.0,13244.0
8110,13244.00,13244.0,13244.0
8120,13244.00,13244.0,13244.0
8130,13244.00,13244.0,13244.0
8140,13244.00,13244.0,13244.0
8150,13244.00,13244.0,13244.0
8160,13244.00,13244.0,13244.0
8170,13244.00,13244.0,13244.0
8180,13244.00,13244.0,13244.0
8190,13244.00,13244.0,13244.0
8200,13244.00,13244.0,13244.0
8210,13244.00,13244.0,13244.0
8220,13244.00,13244.0,13244.0
8230,13244.00,13244.0,13244.0
8240,13244.00,13244.0,13244.0
8250,13244.00,13244.0,13244.0
8260,13244.00,13244.0,13244.0
8270,13244.00,13244.0,13244.0
8280,13244.00,13244.0,13244.0
8290,13244.00,13244.0,13244.0
8300,13244.00,13244.0,13244.0
8310,13244.00,13244.0,13244.0
8320,13244.00,13244.0,13244.0
8330,13244.00,13244.0,13244.0
8340,13244.00,13244.0,13244.0
8350,13244.00,13244.0,13244.0
8360,13244.00,13244.0,13244.0
8370,13244.00,13244.0,13244.0
8380,13244.00,13244.0,13244.0
8390,13244.00,13244.0,13244.0
8400,13244.00,13244.0,13244.0
8410,13244.00,13244.0,13244.0
8420,13244.00,13244.0,13244.0
8430,13244.00,13244.0,13244.0
8440,13244.00,13244.0,13244.0
8450,13244.00,13244.0,13244.0
8460,13244.00,13244.0,13244.0
8470,13244.00,13244.0,13244.0
8480,13244.00,13244.0,13244.0
8490,13244.00,13244.0,13244.0
8500,13244.00,13244.0,13244.0
8510,13244.00,13244.0,13244.0
8520,13244.00,13244.0,13244.0
8530,13244.00,13244.0,13244.0
8540,13244.00,13244.0,13244.0
8550,13244.00,13244.0,13244.0
8560,13244.00,13244.0,13244.0
8570,13244.00,13244.0,13244.0
8580,13244.00,13244.0,13244.0
8590,13244.00,13244.0,13244.0
8600,13244.00,13244.0,13244.0
8610,13244.00,13244.0,13244.0
8620,13244.00,13244.0,13244.0
8630,13244.00,13244.0,13244.0
8640,13244.00,13244.0,13244.0
8650,13244.00,13244.0,13244.0
8660,13244.00,13244.0,13244.0
8670,13244.00,13244.0,13244.0
8680,13244.00,13244.0,13244.0
8690,13244.00,13244.0,13244.0
8700,13244.00,13244.0,13244.0
8710,13244.00,13244.0,13244.0
8720,13244.00,13244.0,13244.0
8730,13244.00,13244.0,13244.0
8740,13244.00,13244.0,13244.0
8750,13244.00,13244.0,13244.0
8760,13244.00,13244.0,13244.0
8770,13244.00,13244.0,13244.0
8780,13244.00,13244.0,13244.0
8790,13244.00,13244.0,13244.0
8800,13244.00,13244.0,13244.0
8810,13244.00,13244.0,13244.0
8820,13244.00,13244.0,13244.0
8830,13244.00,13244.0,13244.0
8840,13244.00,13244.0,13244.0
8850,13244.00,13244.0,13244.0
8860,13244.00,13244.0,13244.0
8870,13244.00,13244.0,13244.0
8880,13244.00,13244.0,13244.0
8890,13244.00,13244.0,13244.0
8900,13244.00,13244.0,13244.0
8910,13244.00,13244.0,13244.0
8920,13244.00,13244.0,13244.0
8930,13244.00,13244.0,13244.0
8940,13244.00,13244.0,13244.0
8950,13244.00,13244.0,13244.0
8960,13244.00,13244.0,13244.0
8970,13244.00,13244.0,13244.0
8980,13244.00,13244.0,13244.0
8990,13244.00,13244.0,13244.0
9000,13244.00,13244.0,13244.0
9010,13244.00,13244.0,13244.0
9020,13244.00,13244.0,13244.0
9030,13244.00,13244.0,13244.0
9040,13244.00,13244.0,13244.0
9050,13244.00,13244.0,13244.0
9060,13244.00,13244.0,13244.0
9070,13244.00,13244.0,13244.0
9080,13244.00,13244.0,13244.0
9090,13244.00,13244.0,13244.0
9100,13244.00,13244.0,13244.0
9110,13244.00,13244.0,13244.0
9120,13244.00,13244.0,13244.0
9130,13244.00,13244.0,13244.0
9140,13244.00,13244.0,13244.0
9150,13244.00,13244.0,13244.0
9160,13244.00,13244.0,13244.0
9170,13244.00,13244.0,13244.0
9180,13244.00,13244.0,13244.0
9190,13244.00,13244.0,13244.0
9200,13244.00,13244.0,13244.0
9210,13244.00,13244.0,13244.0
9220,13244.00,13244.0,13244.0
9230,13244.00,13244.0,13244.0
9240,13244.00,13244.0,13244.0
9250,13244.00,13244.0,13244.0
9260,13244.00,13244.0,13244.0
9270,13244.00,13244.0,13244.0
9280,13244.00,13244.0,13244.0
9290,13244.00,13244.0,13244.0
9300,13244.00,13244.0,13244.0
9310,13244.00,13244.0,13244.0
9320,13244.00,13244.0,13244.0
9330,13244.00,13244.0,13244.0
9340,13244.00,13244.0,13244.0
9350,13244.00,13244.0,13244.0
9360,13244.00,13244.0,13244.0
9370,13244.00,13244.0,13244.0
9380,13244.00,13244.0,13244.0
9390,13244.00,13244.0,13244.0
9400,13244.00,13244.0,13244.0
9410,13244.00,13244.0,13244.0
9420,13244.00,13244.0,13244.0
9430,13244.00,13244.0,13244.0
9440,13244.00,13244.0,13244.0
9450,13244.00,13244.0,13244.0
9460,13244.00,13244.0,13244.0
9470,13244.00,13244.0,13244.0
9480,13244.00,13244.0,13244.0
9490,13244.00,13244.0,13244.0
9500,13244.00,13244.0,13244.0
9510,13244.00,13244.0,13244.0
9520,13244.00,13244.0,13244.0
9530,13244.00,13244.0,13244.0
9540,13244.00,13244.0,13244.0
9550,13244.00,13244.0,13244.0
9560,13244.00,13244.0,13244.0
9570,13244.00,13244.0,13244.0
9580,13244.00,13244.0,13244.0
9590,13244.00,13244.0,13244.0
9600,13244.00,13244.0,13244.0
9610,13244.00,13244.0,13244.0
9620,13244.00,13244.0,13244.0
9630,13244.00,13244.0,13244.0
9640,13244.00,13244.0,13244.0
9650,13244.00,13244.0,13244.0
9660,13244.00,13244.0,13244.0
9670,13244.00,13244.0,13244.0
9680,13244.00,13244.0,13244.0
9690,13244.00,13244.0,13244.0
9700,13244.00,13244.0,13244.0
9710,13244.00,13244.0,13244.0
9720,13244.00,13244.0,13244.0
9730,13244.00,13244.0,13244.0
9740,13244.00,13244.0,13244.0
9750,13244.00,13244.0,13244.0
9760,13244.00,13244.0,13244.0
9770,13244.00,13244.0,13244.0
9780,13244.00,13244.0,13244.0
9790,13244.00,13244.0,13244.0
9800,13244.00,13244.0,13244.0
9810,13244.00,13244.0,13244.0
9820,13244.00,13244.0,13244.0
9830,13244.00,13244.0,13244.0
9840,13244.00,13244.0,13244.0
9850,13244.00,13244.0,13244.0
9860,13244.00,13244.0,13244.0
9870,13244.00,13244.0,13244.0
9880,13244.00,13244.0,13244.0
9890,13244.00,13244.0,13244.0
9900,13244.00,13244.0,13244.0
9910,13244.00,13244.0,13244.0
9920,13244.00,13244.0,13244.0
9930,13244.00,13244.0,13244.0
9940,13244.00,13244.0,13244.0
9950,13244.00,13244.0,13244.0
9960,13244.00,13244.0,13244.0
9970,13244.00,13244.0,13244.0
9980,13244.00,13244.0,13244.0
9990,13244.00,13244.0,13244.0
10000,13244.00,13244.0,13244.0
10010,13244.00,13244.0,13244.0
10020,13244.00,13244.0,13244.0
10030,13244.00,13244.0,13244.0
10040,13244.00,13244.0,13244.0
10050,13244.00,13244.0,13244.0
10060,13244.00,13244.0,13244.0
10070,13244.00,13244.0,13244.0
10080,13244.00,13244.0,13244.0
10090,13244.00,13244.0,13244.0
10100,13244.00,13244.0,13244.0
10110,13244.00,13244.0,13244.0
10120,13244.00,13244.0,13244.0
10130,13244.00,13244.0,13244.0
10140,13244.00,13244.0,13244.0
10150,13244.00,13244.0,13244.0
10160,13244.00,13244.0,13244.0
10170,13244.00,13244.0,13244.0
10180,13244.00,13244.0,13244.0
10190,13244.00,13244.0,13244.0
10200,13244.00,13244.0,13244.0
10210,13244.00,13244.0,13244.0
10220,13244.00,13244.0,13244.0
10230,13244.00,13244.0,13244.0
10240,13244.00,13244.0,13244.0
10250,13244.00,13244.0,13244.0
10260,13244.00,13244.0,13244.0
10270,13244.00,13244.0,13244.0
10280,13244.00,13244.0,13244.0
10290,13244.00,13244.0,13244.0
10300,13244.00,13244.0,13244.0
10310,13244.00,13244.0,13244.0
10320,13244.00,13244.0,13244.0
10330,13244.00,13244.0,13244.0
10340,13244.00,13244.0,13244.0
10350,13244.00,13244.0,13244.0
10360,13244.00,13244.0,13244.0
10370,13244.00,13244.0,13244.0
10380,13244.00,13244.0,13244.0
10390,13244.00,13244.0,13244.0
10400,13244.00,13244.0,13244.0
10410,13244.00,13244.0,13244.0
10420,13244.00,13244.0,13244.0
10430,13244.00,13244.0,13244.0
10440,13244.00,13244.0,13244.0
10450,13244.00,13244.0,13244.0
10460,13244.00,13244.0,13244.0
10470,13244.00,13244.0,13244.0
10480,13244.00,13244.0,13244.0
10490,13244.00,13244.0,13244.0
10500,13244.00,13244.0,13244.0
10510,13244.00,13244.0,13244.0
10520,13244.00,13244.0,13244.0
10530,13244.00,13244.0,13244.0
10540,13244.00,13244.0,13244.0
10550,13244.00,13244.0,13244.0
10560,13244.00,13244.0,13244.0
10570,13244.00,13244.0,13244.0
10580,13244.00,13244.0,13244.0
10590,13244.00,13244.0,13244.0
10600,13244.00,13244.0,13244.0
10610,13244.00,13244.0,13244.0
10620,13244.00,13244.0,13244.0
10630,13244.00,13244.0,13244.0
10640,13244.00,13244.0,13244.0
10650,13244.00,13244.0,13244.0
10660,13244.00,13244.0,13244.0
10670,13244.00,13244.0,13244.0
10680,13244.00,13244.0,13244.0
10690,13244.00,13244.0,13244.0
10700,13244.00,13244.0,13244.0
10710,13244.00,13244.0,13244.0
10720,13244.00,13244.0,13244.0
10730,13244.00,13244.0,13244.0
10740,13244.00,13244.0,13244.0
10750,13244.00,13244.0,13244.0
10760,13244.00,13244.0,13244.0
10770,13244.00,13244.0,13244.0
10780,13244.00,13244.0,13244.0
10790,13244.00,13244.0,13244.0
