0,0,0,0,0,0,0,0,0,0,0,-58.427468,-82.699417,-43.039725,0.000000,0.000000,0.000000,0.000000,0.000000,0.000000,0.000000,1490794,1495639,1496004,0,0,0,0,0,0,0
1,0,0,0,0,0,0,0,0,0,0,-90.016905,-128.650671,-241.295483,-181.485220,0.000000,0.000000,0.000000,0.000000,0.000000,0.000000,905805,904876,903800,905685,0,0,0,0,0,0
2,0,0,0,0,0,0,0,0,0,0,-36.534915,-59.424138,-49.447949,-87.238049,0.000000,0.000000,0.000000,0.000000,0.000000,0.000000,1532759,1528294,1527900,1529162,0,0,0,0,0,0
3,0,0,0,0,0,0,0,0,0,0,-45.954972,-90.176258,-90.826958,0.000000,0.000000,0.000000,0.000000,0.000000,0.000000,0.000000,1140993,1138499,1140842,0,0,0,0,0,0,0
4,0,0,0,0,0,0,0,0,0,0,-76.367601,-59.979413,-45.943983,0.000000,0.000000,0.000000,0.000000,0.000000,0.000000,0.000000,1433646,1430915,1430840,0,0,0,0,0,0,0
5,0,0,0,0,0,0,0,0,0,0,-36.625961,-96.424808,-85.956458,0.000000,0.000000,0.000000,0.000000,0.000000,0.000000,0.000000,1409231,1408204,1408165,0,0,0,0,0,0,0
6,0,0,0,0,0,0,0,0,0,0,100000.000000,0.000000,0.000000,0.000000,0.000000,0.000000,0.000000,0.000000,0.000000,0.000000,1336040,0,0,0,0,0,0,0,0,0
7,0,0,0,0,0,0,0,0,0,0,-79.699613,-106.473212,-39.194675,0.000000,0.000000,0.000000,0.000000,0.000000,0.000000,0.000000,1548731,1548702,1549616,0,0,0,0,0,0,0
8,0,0,0,0,0,0,0,0,0,0,-78.805431,-183.850499,-251.234208,-185.551120,0.000000,0.000000,0.000000,0.000000,0.000000,0.000000,964541,961154,961198,961368,0,0,0,0,0,0
9,0,0,0,0,0,0,0,0,0,0,-36.434907,-107.747594,-36.913632,-44.258154,0.000000,0.000000,0.000000,0.000000,0.000000,0.000000,1384833,1380846,1384271,1384096,0,0,0,0,0,0
10,0,0,0,0,0,0,0,0,0,0,-255.866234,-114.884552,-143.499213,-56.411823,0.000000,0.000000,0.000000,0.000000,0.000000,0.000000,429637,430290,429512,431103,0,0,0,0,0,0
11,0,0,0,0,0,0,0,0,0,0,-58.829216,-89.370591,-63.587588,-34.363665,0.000000,0.000000,0.000000,0.000000,0.000000,0.000000,1410870,1409942,1409643,1410748,0,0,0,0,0,0
12,0,0,0,0,0,0,0,0,0,0,-89.059691,-79.035836,-34.897787,-287.477217,0.000000,0.000000,0.000000,0.000000,0.000000,0.000000,599554,599436,601517,600853,0,0,0,0,0,0
13,0,0,0,0,0,0,0,0,0,0,-66.538817,-48.998861,-68.263211,-81.291831,0.000000,0.000000,0.000000,0.000000,0.000000,0.000000,1256005,1256592,1257662,1256388,0,0,0,0,0,0
14,0,0,0,0,0,0,0,0,0,0,-37.407816,-75.096997,-71.527598,-35.014044,0.000000,0.000000,0.000000,0.000000,0.000000,0.000000,1108217,1105461,1106618,1106932,0,0,0,0,0,0
15,0,0,0,0,0,0,0,0,0,0,-37.369765,-102.363801,-44.136391,-32.028176,0.000000,0.000000,0.000000,0.000000,0.000000,0.000000,1310844,1309560,1309766,1312182,0,0,0,0,0,0
16,0,0,0,0,0,0,0,0,0,0,-41.162899,-93.681455,-75.534961,0.000000,0.000000,0.000000,0.000000,0.000000,0.000000,0.000000,707811,707967,706481,0,0,0,0,0,0,0
17,0,0,0,0,0,0,0,0,0,0,-48.178679,-101.196961,-37.290693,0.000000,0.000000,0.000000,0.000000,0.000000,0.000000,0.000000,1268041,1268461,1267905,0,0,0,0,0,0,0
18,0,0,0,0,0,0,0,0,0,0,-27.157457,-26.034419,-48.870218,0.000000,0.000000,0.000000,0.000000,0.000000,0.000000,0.000000,1003474,1004672,1003465,0,0,0,0,0,0,0
19,0,0,0,0,0,0,0,0,0,0,-169.065796,-269.917182,-243.325066,-89.116550,0.000000,0.000000,0.000000,0.000000,0.000000,0.000000,953515,953107,952705,954747,0,0,0,0,0,0
20,0,0,0,0,0,0,0,0,0,0,-120.673854,-83.242934,-36.138008,0.000000,0.000000,0.000000,0.000000,0.000000,0.000000,0.000000,1446171,1445478,1448850,0,0,0,0,0,0,0
21,0,0,0,0,0,0,0,0,0,0,-73.924423,-102.920519,-28.315692,0.000000,0.000000,0.000000,0.000000,0.000000,0.000000,0.000000,1293018,1294107,1293967,0,0,0,0,0,0,0
22,0,0,0,0,0,0,0,0,0,0,-30.840823,-220.494209,-33.750816,0.000000,0.000000,0.000000,0.000000,0.000000,0.000000,0.000000,1166887,1167531,1168440,0,0,0,0,0,0,0
23,0,0,0,0,0,0,0,0,0,0,-36.684871,-27.954798,-113.731195,0.000000,0.000000,0.000000,0.000000,0.000000,0.000000,0.000000,957982,958416,958931,0,0,0,0,0,0,0
24,0,0,0,0,0,0,0,0,0,0,-61.648512,-51.228345,-81.557131,0.000000,0.000000,0.000000,0.000000,0.000000,0.000000,0.000000,1477285,1476904,1475868,0,0,0,0,0,0,0
25,0,0,0,0,0,0,0,0,0,0,-110.502268,-75.196743,-24.078489,0.000000,0.000000,0.000000,0.000000,0.000000,0.000000,0.000000,1972162,1972492,1972922,0,0,0,0,0,0,0
26,0,0,0,0,0,0,0,0,0,0,-237.105910,-25.413341,-106.393657,0.000000,0.000000,0.000000,0.000000,0.000000,0.000000,0.000000,562802,563639,561715,0,0,0,0,0,0,0
27,0,0,0,0,0,0,0,0,0,0,-181.498530,-260.965944,-235.381284,0.000000,0.000000,0.000000,0.000000,0.000000,0.000000,0.000000,638835,637834,639108,0,0,0,0,0,0,0
28,0,0,0,0,0,0,0,0,0,0,-39.444331,-66.085599,-36.764889,0.000000,0.000000,0.000000,0.000000,0.000000,0.000000,0.000000,1742295,1741719,1745510,0,0,0,0,0,0,0
29,0,0,0,0,0,0,0,0,0,0,-146.911826,-94.543263,0.000000,0.000000,0.000000,0.000000,0.000000,0.000000,0.000000,0.000000,1126482,1126194,0,0,0,0,0,0,0,0
30,0,0,0,0,0,0,0,0,0,0,-54.464424,-106.368072,-32.358964,0.000000,0.000000,0.000000,0.000000,0.000000,0.000000,0.000000,1753116,1753640,1756412,0,0,0,0,0,0,0
31,0,0,0,0,0,0,0,0,0,0,-116.116909,-54.349076,-81.230052,0.000000,0.000000,0.000000,0.000000,0.000000,0.000000,0.000000,1607720,1609694,1606741,0,0,0,0,0,0,0
32,0,0,0,0,0,0,0,0,0,0,-60.751961,-102.904335,-96.931315,-79.568113,0.000000,0.000000,0.000000,0.000000,0.000000,0.000000,1586750,1585905,1586864,1587134,0,0,0,0,0,0
33,0,0,0,0,0,0,0,0,0,0,-255.420635,-237.778464,-220.486515,0.000000,0.000000,0.000000,0.000000,0.000000,0.000000,0.000000,504527,505018,506175,0,0,0,0,0,0,0
34,0,0,0,0,0,0,0,0,0,0,-32.791077,-36.429447,-131.737941,0.000000,0.000000,0.000000,0.000000,0.000000,0.000000,0.000000,1679072,1679431,1679819,0,0,0,0,0,0,0
35,0,0,0,0,0,0,0,0,0,0,-27.047739,-37.201886,-102.207943,0.000000,0.000000,0.000000,0.000000,0.000000,0.000000,0.000000,1428136,1429345,1429346,0,0,0,0,0,0,0
36,0,0,0,0,0,0,0,0,0,0,-46.419701,-71.900454,-59.504248,-39.452696,0.000000,0.000000,0.000000,0.000000,0.000000,0.000000,1620748,1620768,1620516,1621454,0,0,0,0,0,0
37,0,0,0,0,0,0,0,0,0,0,-53.944116,-193.300469,0.000000,0.000000,0.000000,0.000000,0.000000,0.000000,0.000000,0.000000,1182693,1180319,0,0,0,0,0,0,0,0
38,0,0,0,0,0,0,0,0,0,0,-36.454587,-70.753613,-39.048326,0.000000,0.000000,0.000000,0.000000,0.000000,0.000000,0.000000,1801645,1794735,1801937,0,0,0,0,0,0,0
39,0,0,0,0,0,0,0,0,0,0,-55.410063,-54.407689,-39.009724,0.000000,0.000000,0.000000,0.000000,0.000000,0.000000,0.000000,1625422,1626271,1630146,0,0,0,0,0,0,0
40,0,0,0,0,0,0,0,0,0,0,-27.369317,-75.310645,0.000000,0.000000,0.000000,0.000000,0.000000,0.000000,0.000000,0.000000,1293278,1294033,0,0,0,0,0,0,0,0
41,0,0,0,0,0,0,0,0,0,0,-38.156424,-79.821379,-39.591487,0.000000,0.000000,0.000000,0.000000,0.000000,0.000000,0.000000,1754401,1748480,1751958,0,0,0,0,0,0,0
42,0,0,0,0,0,0,0,0,0,0,-74.582633,-36.452937,-80.775344,0.000000,0.000000,0.000000,0.000000,0.000000,0.000000,0.000000,1817410,1816702,1819161,0,0,0,0,0,0,0
43,0,0,0,0,0,0,0,0,0,0,-112.832241,-35.209564,-120.679248,0.000000,0.000000,0.000000,0.000000,0.000000,0.000000,0.000000,1568859,1572739,1568990,0,0,0,0,0,0,0
44,0,0,0,0,0,0,0,0,0,0,-221.426106,-198.626808,-105.074358,-231.296215,0.000000,0.000000,0.000000,0.000000,0.000000,0.000000,966939,964874,967198,964873,0,0,0,0,0,0
45,0,0,0,0,0,0,0,0,0,0,-112.457897,-142.920555,-94.997338,0.000000,0.000000,0.000000,0.000000,0.000000,0.000000,0.000000,281125,281262,281274,0,0,0,0,0,0,0
46,0,0,0,0,0,0,0,0,0,0,-101.790679,-94.479284,-56.359521,0.000000,0.000000,0.000000,0.000000,0.000000,0.000000,0.000000,77669,76690,77295,0,0,0,0,0,0,0
47,0,0,0,0,0,0,0,0,0,0,-70.867455,-123.383292,-144.370998,0.000000,0.000000,0.000000,0.000000,0.000000,0.000000,0.000000,169550,169490,168120,0,0,0,0,0,0,0
48,0,0,0,0,0,0,0,0,0,0,100000.000000,0.000000,0.000000,0.000000,0.000000,0.000000,0.000000,0.000000,0.000000,0.000000,47665,0,0,0,0,0,0,0,0,0
49,0,0,0,0,0,0,0,0,0,0,-98.789904,-118.661819,-78.983208,0.000000,0.000000,0.000000,0.000000,0.000000,0.000000,0.000000,32058,32208,31618,0,0,0,0,0,0,0
50,0,0,0,0,0,0,0,0,0,0,-100.517757,-77.024457,-101.976174,0.000000,0.000000,0.000000,0.000000,0.000000,0.000000,0.000000,881213,881332,880031,0,0,0,0,0,0,0
51,0,0,0,0,0,0,0,0,0,0,-31.564138,-130.861025,-24.432885,-32.301475,0.000000,0.000000,0.000000,0.000000,0.000000,0.000000,1740081,1740281,1739514,1742504,0,0,0,0,0,0
52,0,0,0,0,0,0,0,0,0,0,-63.338129,-37.286977,-44.826433,0.000000,0.000000,0.000000,0.000000,0.000000,0.000000,0.000000,1339437,1341899,1338491,0,0,0,0,0,0,0
53,0,0,0,0,0,0,0,0,0,0,-100.243281,-111.635999,-93.689726,0.000000,0.000000,0.000000,0.000000,0.000000,0.000000,0.000000,1445677,1447061,1446385,0,0,0,0,0,0,0
54,0,0,0,0,0,0,0,0,0,0,-30.391339,-22.524742,0.000000,0.000000,0.000000,0.000000,0.000000,0.000000,0.000000,0.000000,1270418,1272682,0,0,0,0,0,0,0,0
55,0,0,0,0,0,0,0,0,0,0,-31.869413,-153.148434,-39.304337,-82.615589,0.000000,0.000000,0.000000,0.000000,0.000000,0.000000,1400178,1399171,1400243,1399486,0,0,0,0,0,0
56,0,0,0,0,0,0,0,0,0,0,-112.013191,-73.217462,-106.590746,0.000000,0.000000,0.000000,0.000000,0.000000,0.000000,0.000000,1425034,1428308,1425663,0,0,0,0,0,0,0
57,0,0,0,0,0,0,0,0,0,0,-66.323806,-155.879736,-85.465708,0.000000,0.000000,0.000000,0.000000,0.000000,0.000000,0.000000,1389345,1385704,1388656,0,0,0,0,0,0,0
58,0,0,0,0,0,0,0,0,0,0,-72.083780,-82.957558,-22.077205,0.000000,0.000000,0.000000,0.000000,0.000000,0.000000,0.000000,1078763,1079911,1081582,0,0,0,0,0,0,0
59,0,0,0,0,0,0,0,0,0,0,-79.494708,-115.172028,-66.583655,0.000000,0.000000,0.000000,0.000000,0.000000,0.000000,0.000000,1334984,1332576,1333565,0,0,0,0,0,0,0
60,0,0,0,0,0,0,0,0,0,0,-60.576696,-33.586459,0.000000,0.000000,0.000000,0.000000,0.000000,0.000000,0.000000,0.000000,1078540,1079149,0,0,0,0,0,0,0,0
61,0,0,0,0,0,0,0,0,0,0,-201.477502,-53.535826,-40.483547,0.000000,0.000000,0.000000,0.000000,0.000000,0.000000,0.000000,1235142,1236666,1237805,0,0,0,0,0,0,0
62,0,0,0,0,0,0,0,0,0,0,-36.848453,-121.216359,-130.910589,-91.210617,0.000000,0.000000,0.000000,0.000000,0.000000,0.000000,1913075,1912155,1912715,1912185,0,0,0,0,0,0
63,0,0,0,0,0,0,0,0,0,0,-76.867723,-89.459807,-84.304127,-21.382992,-191.767122,0.000000,0.000000,0.000000,0.000000,0.000000,1283859,1284611,1284468,1286198,1285075,0,0,0,0,0
64,0,0,0,0,0,0,0,0,0,0,-16.824339,275.935253,-105.243001,0.000000,0.000000,0.000000,0.000000,0.000000,0.000000,0.000000,441669,441500,443018,0,0,0,0,0,0,0
65,0,0,0,0,0,0,0,0,0,0,-18.466632,-42.628410,0.000000,0.000000,0.000000,0.000000,0.000000,0.000000,0.000000,0.000000,1096489,1095151,0,0,0,0,0,0,0,0
66,0,0,0,0,0,0,0,0,0,0,-118.795181,-63.331209,-43.959050,0.000000,0.000000,0.000000,0.000000,0.000000,0.000000,0.000000,1326343,1323766,1325375,0,0,0,0,0,0,0
67,0,0,0,0,0,0,0,0,0,0,-77.874216,-62.373987,-80.079439,0.000000,0.000000,0.000000,0.000000,0.000000,0.000000,0.000000,1363844,1362072,1360997,0,0,0,0,0,0,0
68,0,0,0,0,0,0,0,0,0,0,-24.935975,-53.368377,0.000000,0.000000,0.000000,0.000000,0.000000,0.000000,0.000000,0.000000,1118885,1118471,0,0,0,0,0,0,0,0
69,0,0,0,0,0,0,0,0,0,0,-29.831072,-142.129801,-81.851294,0.000000,0.000000,0.000000,0.000000,0.000000,0.000000,0.000000,285498,285302,284678,0,0,0,0,0,0,0
70,0,0,0,0,0,0,0,0,0,0,-203.476066,-32.522492,-31.083089,0.000000,0.000000,0.000000,0.000000,0.000000,0.000000,0.000000,1294131,1294519,1293686,0,0,0,0,0,0,0
71,0,0,0,0,0,0,0,0,0,0,-29.375233,-18.412027,0.000000,0.000000,0.000000,0.000000,0.000000,0.000000,0.000000,0.000000,1032323,1034359,0,0,0,0,0,0,0,0
72,0,0,0,0,0,0,0,0,0,0,-21.554275,10.431176,0.000000,0.000000,0.000000,0.000000,0.000000,0.000000,0.000000,0.000000,630029,629500,0,0,0,0,0,0,0,0
73,0,0,0,0,0,0,0,0,0,0,-37.535787,-40.920834,-39.511979,0.000000,0.000000,0.000000,0.000000,0.000000,0.000000,0.000000,1367932,1368728,1368957,0,0,0,0,0,0,0
74,0,0,0,0,0,0,0,0,0,0,-28.653369,-41.921270,0.000000,0.000000,0.000000,0.000000,0.000000,0.000000,0.000000,0.000000,1285965,1284902,0,0,0,0,0,0,0,0
75,0,0,0,0,0,0,0,0,0,0,-29.533482,-22.597301,0.000000,0.000000,0.000000,0.000000,0.000000,0.000000,0.000000,0.000000,1190223,1191112,0,0,0,0,0,0,0,0
76,0,0,0,0,0,0,0,0,0,0,-39.980867,-91.410867,-45.331047,0.000000,0.000000,0.000000,0.000000,0.000000,0.000000,0.000000,1346101,1346264,1347438,0,0,0,0,0,0,0
77,0,0,0,0,0,0,0,0,0,0,-49.811170,-39.843281,0.000000,0.000000,0.000000,0.000000,0.000000,0.000000,0.000000,0.000000,445248,444514,0,0,0,0,0,0,0,0
78,0,0,0,0,0,0,0,0,0,0,-58.301904,-46.509729,-57.460972,-39.725336,0.000000,0.000000,0.000000,0.000000,0.000000,0.000000,1447532,1446282,1448995,1446591,0,0,0,0,0,0
79,0,0,0,0,0,0,0,0,0,0,-38.681571,-148.918339,-36.225653,-45.284895,0.000000,0.000000,0.000000,0.000000,0.000000,0.000000,1506120,1501144,1503911,1504352,0,0,0,0,0,0
80,0,0,0,0,0,0,0,0,0,0,-42.000111,-34.524814,0.000000,0.000000,0.000000,0.000000,0.000000,0.000000,0.000000,0.000000,1343725,1345770,0,0,0,0,0,0,0,0
81,0,0,0,0,0,0,0,0,0,0,-97.092354,-53.026021,-95.510774,0.000000,0.000000,0.000000,0.000000,0.000000,0.000000,0.000000,1390613,1393294,1389758,0,0,0,0,0,0,0
82,0,0,0,0,0,0,0,0,0,0,-157.517507,-74.558810,-20.184447,0.000000,0.000000,0.000000,0.000000,0.000000,0.000000,0.000000,1118472,1117284,1120027,0,0,0,0,0,0,0
83,0,0,0,0,0,0,0,0,0,0,-81.745282,-250.550772,-134.870432,0.000000,0.000000,0.000000,0.000000,0.000000,0.000000,0.000000,230274,229993,228949,0,0,0,0,0,0,0
84,0,0,0,0,0,0,0,0,0,0,-124.277641,-15.166968,0.000000,0.000000,0.000000,0.000000,0.000000,0.000000,0.000000,0.000000,823205,822718,0,0,0,0,0,0,0,0
85,0,0,0,0,0,0,0,0,0,0,-45.529380,-37.492331,-105.981604,0.000000,0.000000,0.000000,0.000000,0.000000,0.000000,0.000000,1868386,1868396,1867582,0,0,0,0,0,0,0
86,0,0,0,0,0,0,0,0,0,0,-37.957235,-38.939881,-60.494900,0.000000,0.000000,0.000000,0.000000,0.000000,0.000000,0.000000,1972815,1970174,1967270,0,0,0,0,0,0,0
87,0,0,0,0,0,0,0,0,0,0,-208.656868,0.000000,0.000000,0.000000,0.000000,0.000000,0.000000,0.000000,0.000000,0.000000,36133,0,0,0,0,0,0,0,0,0
88,0,0,0,0,0,0,0,0,0,0,-37.240853,-69.456635,-78.363344,-36.521873,0.000000,0.000000,0.000000,0.000000,0.000000,0.000000,1763695,1762720,1761980,1762749,0,0,0,0,0,0
89,0,0,0,0,0,0,0,0,0,0,-43.043526,-202.061492,0.000000,0.000000,0.000000,0.000000,0.000000,0.000000,0.000000,0.000000,790237,789471,0,0,0,0,0,0,0,0
90,0,0,0,0,0,0,0,0,0,0,-48.736484,-42.241282,0.000000,0.000000,0.000000,0.000000,0.000000,0.000000,0.000000,0.000000,672997,674231,0,0,0,0,0,0,0,0
91,0,0,0,0,0,0,0,0,0,0,-36.258140,-70.434587,-34.239622,0.000000,0.000000,0.000000,0.000000,0.000000,0.000000,0.000000,1811203,1812079,1814398,0,0,0,0,0,0,0
92,0,0,0,0,0,0,0,0,0,0,-69.210626,-84.880082,-37.672726,0.000000,0.000000,0.000000,0.000000,0.000000,0.000000,0.000000,1873433,1872524,1874428,0,0,0,0,0,0,0
93,0,0,0,0,0,0,0,0,0,0,-70.910350,-41.347875,-42.194277,0.000000,0.000000,0.000000,0.000000,0.000000,0.000000,0.000000,1938092,1941750,1939491,0,0,0,0,0,0,0
94,0,0,0,0,0,0,0,0,0,0,-43.382663,-46.477549,-58.176894,0.000000,0.000000,0.000000,0.000000,0.000000,0.000000,0.000000,1612320,1609970,1611313,0,0,0,0,0,0,0
95,0,0,0,0,0,0,0,0,0,0,-111.824938,0.000000,0.000000,0.000000,0.000000,0.000000,0.000000,0.000000,0.000000,0.000000,164641,0,0,0,0,0,0,0,0,0
96,0,0,0,0,0,0,0,0,0,0,-67.725396,-35.657504,-38.051921,0.000000,0.000000,0.000000,0.000000,0.000000,0.000000,0.000000,1895954,1899836,1897501,0,0,0,0,0,0,0
97,0,0,0,0,0,0,0,0,0,0,-33.998136,-80.695672,-63.564032,0.000000,0.000000,0.000000,0.000000,0.000000,0.000000,0.000000,1892937,1891171,1893026,0,0,0,0,0,0,0
98,0,0,0,0,0,0,0,0,0,0,-138.243979,0.000000,0.000000,0.000000,0.000000,0.000000,0.000000,0.000000,0.000000,0.000000,38017,0,0,0,0,0,0,0,0,0
99,0,0,0,0,0,0,0,0,0,0,-100.569232,-36.173775,-37.465377,-36.090948,0.000000,0.000000,0.000000,0.000000,0.000000,0.000000,1742800,1745413,1744461,1745469,0,0,0,0,0,0
100,0,0,0,0,0,0,0,0,0,0,-65.026275,-42.998139,-37.480340,0.000000,0.000000,0.000000,0.000000,0.000000,0.000000,0.000000,1758283,1760049,1761495,0,0,0,0,0,0,0
101,0,0,0,0,0,0,0,0,0,0,-159.424261,0.000000,0.000000,0.000000,0.000000,0.000000,0.000000,0.000000,0.000000,0.000000,21852,0,0,0,0,0,0,0,0,0
102,0,0,0,0,0,0,0,0,0,0,-142.712052,0.000000,0.000000,0.000000,0.000000,0.000000,0.000000,0.000000,0.000000,0.000000,272175,0,0,0,0,0,0,0,0,0
103,0,0,0,0,0,0,0,0,0,0,-219.295125,0.000000,0.000000,0.000000,0.000000,0.000000,0.000000,0.000000,0.000000,0.000000,18451,0,0,0,0,0,0,0,0,0
104,0,0,0,0,0,0,0,0,0,0,-39.477271,-176.116127,-158.110391,0.000000,0.000000,0.000000,0.000000,0.000000,0.000000,0.000000,23382,23192,23615,0,0,0,0,0,0,0
105,0,0,0,0,0,0,0,0,0,0,-353.846783,-68.134678,-202.634738,-81.200281,0.000000,0.000000,0.000000,0.000000,0.000000,0.000000,40177,40136,40039,39831,0,0,0,0,0,0
106,0,0,0,0,0,0,0,0,0,0,-155.051488,-138.657717,0.000000,0.000000,0.000000,0.000000,0.000000,0.000000,0.000000,0.000000,278920,279728,0,0,0,0,0,0,0,0
107,0,0,0,0,0,0,0,0,0,0,-217.267223,-41.561696,0.000000,0.000000,0.000000,0.000000,0.000000,0.000000,0.000000,0.000000,20169,19742,0,0,0,0,0,0,0,0
108,0,0,0,0,0,0,0,0,0,0,-177.180415,0.000000,0.000000,0.000000,0.000000,0.000000,0.000000,0.000000,0.000000,0.000000,329822,0,0,0,0,0,0,0,0,0
109,0,0,0,0,0,0,0,0,0,0,-79.803388,-128.554434,-125.139646,0.000000,0.000000,0.000000,0.000000,0.000000,0.000000,0.000000,341602,340780,340967,0,0,0,0,0,0,0
110,0,0,0,0,0,0,0,0,0,0,0.000000,0.000000,0.000000,0.000000,0.000000,0.000000,0.000000,0.000000,0.000000,0.000000,0,0,0,0,0,0,0,0,0,0
111,0,0,0,0,0,0,0,0,0,0,109.212772,-216.439200,0.000000,0.000000,0.000000,0.000000,0.000000,0.000000,0.000000,0.000000,18223,18246,0,0,0,0,0,0,0,0
112,0,0,0,0,0,0,0,0,0,0,-130.908188,-39.029456,-36.144512,0.000000,0.000000,0.000000,0.000000,0.000000,0.000000,0.000000,1306269,1309010,1308850,0,0,0,0,0,0,0
113,0,0,0,0,0,0,0,0,0,0,-29.381568,-147.575281,-49.329824,0.000000,0.000000,0.000000,0.000000,0.000000,0.000000,0.000000,1858872,1858622,1857615,0,0,0,0,0,0,0
114,0,0,0,0,0,0,0,0,0,0,-100.620508,-38.052949,-75.774789,0.000000,0.000000,0.000000,0.000000,0.000000,0.000000,0.000000,1909693,1907407,1906078,0,0,0,0,0,0,0
115,0,0,0,0,0,0,0,0,0,0,-165.676342,-21.780048,-35.887353,0.000000,0.000000,0.000000,0.000000,0.000000,0.000000,0.000000,2277847,2279718,2278025,0,0,0,0,0,0,0
116,0,0,0,0,0,0,0,0,0,0,-81.284330,0.000000,0.000000,0.000000,0.000000,0.000000,0.000000,0.000000,0.000000,0.000000,1405800,0,0,0,0,0,0,0,0,0
117,0,0,0,0,0,0,0,0,0,0,-40.973771,-64.009928,0.000000,0.000000,0.000000,0.000000,0.000000,0.000000,0.000000,0.000000,2415262,2410646,0,0,0,0,0,0,0,0
118,0,0,0,0,0,0,0,0,0,0,-86.428006,-30.129273,-35.634276,0.000000,0.000000,0.000000,0.000000,0.000000,0.000000,0.000000,1936742,1938005,1935327,0,0,0,0,0,0,0
119,0,0,0,0,0,0,0,0,0,0,-23.728022,-105.423602,0.000000,0.000000,0.000000,0.000000,0.000000,0.000000,0.000000,0.000000,1425301,1427503,0,0,0,0,0,0,0,0
120,0,0,0,0,0,0,0,0,0,0,-90.137281,0.000000,0.000000,0.000000,0.000000,0.000000,0.000000,0.000000,0.000000,0.000000,1322317,0,0,0,0,0,0,0,0,0
121,0,0,0,0,0,0,0,0,0,0,-37.782936,-74.573281,-223.461314,0.000000,0.000000,0.000000,0.000000,0.000000,0.000000,0.000000,1300563,1300416,1300210,0,0,0,0,0,0,0
122,0,0,0,0,0,0,0,0,0,0,-42.871223,-27.503009,-155.780918,-74.151687,0.000000,0.000000,0.000000,0.000000,0.000000,0.000000,2049792,2048138,2047440,2047924,0,0,0,0,0,0
123,0,0,0,0,0,0,0,0,0,0,-68.465764,-98.245511,-27.440316,0.000000,0.000000,0.000000,0.000000,0.000000,0.000000,0.000000,2317495,2316371,2322587,0,0,0,0,0,0,0
124,0,0,0,0,0,0,0,0,0,0,-49.485404,-19.753654,0.000000,0.000000,0.000000,0.000000,0.000000,0.000000,0.000000,0.000000,2443141,2446039,0,0,0,0,0,0,0,0
125,0,0,0,0,0,0,0,0,0,0,-78.308665,-106.543027,-71.215068,0.000000,0.000000,0.000000,0.000000,0.000000,0.000000,0.000000,2006185,2004596,2005725,0,0,0,0,0,0,0
126,0,0,0,0,0,0,0,0,0,0,-62.569746,0.000000,0.000000,0.000000,0.000000,0.000000,0.000000,0.000000,0.000000,0.000000,1414664,0,0,0,0,0,0,0,0,0
127,0,0,0,0,0,0,0,0,0,0,-38.776359,-33.106388,0.000000,0.000000,0.000000,0.000000,0.000000,0.000000,0.000000,0.000000,1133993,1137086,0,0,0,0,0,0,0,0
128,0,0,0,0,0,0,0,0,0,0,-43.179609,-110.860488,-62.153471,0.000000,0.000000,0.000000,0.000000,0.000000,0.000000,0.000000,1430636,1428025,1429839,0,0,0,0,0,0,0
129,0,0,0,0,0,0,0,0,0,0,-28.470630,-72.682507,0.000000,0.000000,0.000000,0.000000,0.000000,0.000000,0.000000,0.000000,1361956,1359816,0,0,0,0,0,0,0,0
130,0,0,0,0,0,0,0,0,0,0,-79.090378,-77.577662,-61.450835,0.000000,0.000000,0.000000,0.000000,0.000000,0.000000,0.000000,2329682,2328770,2326610,0,0,0,0,0,0,0
131,0,0,0,0,0,0,0,0,0,0,-70.915269,-80.216836,-130.373022,0.000000,0.000000,0.000000,0.000000,0.000000,0.000000,0.000000,1399393,1403330,1403242,0,0,0,0,0,0,0
132,0,0,0,0,0,0,0,0,0,0,-58.565594,-84.097502,0.000000,0.000000,0.000000,0.000000,0.000000,0.000000,0.000000,0.000000,1349217,1345548,0,0,0,0,0,0,0,0
133,0,0,0,0,0,0,0,0,0,0,-139.263095,-64.062476,0.000000,0.000000,0.000000,0.000000,0.000000,0.000000,0.000000,0.000000,1111236,1111620,0,0,0,0,0,0,0,0
134,0,0,0,0,0,0,0,0,0,0,-242.710598,-291.089738,0.000000,0.000000,0.000000,0.000000,0.000000,0.000000,0.000000,0.000000,152023,153014,0,0,0,0,0,0,0,0
135,0,0,0,0,0,0,0,0,0,0,-133.042627,-44.168700,-172.125129,0.000000,0.000000,0.000000,0.000000,0.000000,0.000000,0.000000,1297800,1298937,1296867,0,0,0,0,0,0,0
136,0,0,0,0,0,0,0,0,0,0,-29.658903,-32.142685,0.000000,0.000000,0.000000,0.000000,0.000000,0.000000,0.000000,0.000000,2257076,2257142,0,0,0,0,0,0,0,0
137,0,0,0,0,0,0,0,0,0,0,-61.224114,-24.960634,-89.006092,0.000000,0.000000,0.000000,0.000000,0.000000,0.000000,0.000000,1298987,1301118,1298823,0,0,0,0,0,0,0
138,0,0,0,0,0,0,0,0,0,0,-148.139318,-38.059206,-76.887169,0.000000,0.000000,0.000000,0.000000,0.000000,0.000000,0.000000,1296819,1304354,1299442,0,0,0,0,0,0,0
139,0,0,0,0,0,0,0,0,0,0,-30.449302,-62.118089,-81.839971,0.000000,0.000000,0.000000,0.000000,0.000000,0.000000,0.000000,1356311,1352192,1352927,0,0,0,0,0,0,0
140,0,0,0,0,0,0,0,0,0,0,-85.711178,-36.224401,0.000000,0.000000,0.000000,0.000000,0.000000,0.000000,0.000000,0.000000,2531681,2529009,0,0,0,0,0,0,0,0
141,0,0,0,0,0,0,0,0,0,0,-20.721003,-33.194896,0.000000,0.000000,0.000000,0.000000,0.000000,0.000000,0.000000,0.000000,1168167,1170294,0,0,0,0,0,0,0,0
142,0,0,0,0,0,0,0,0,0,0,-80.520175,-43.800986,0.000000,0.000000,0.000000,0.000000,0.000000,0.000000,0.000000,0.000000,2350235,2355168,0,0,0,0,0,0,0,0
143,0,0,0,0,0,0,0,0,0,0,-29.359642,-37.619159,0.000000,0.000000,0.000000,0.000000,0.000000,0.000000,0.000000,0.000000,1889721,1887230,0,0,0,0,0,0,0,0
144,0,0,0,0,0,0,0,0,0,0,-78.380773,-24.069534,0.000000,0.000000,0.000000,0.000000,0.000000,0.000000,0.000000,0.000000,1299132,1300885,0,0,0,0,0,0,0,0
145,0,0,0,0,0,0,0,0,0,0,-31.753069,-41.680066,-40.742216,0.000000,0.000000,0.000000,0.000000,0.000000,0.000000,0.000000,2534021,2530031,2532710,0,0,0,0,0,0,0
146,0,0,0,0,0,0,0,0,0,0,-31.456368,-31.801892,0.000000,0.000000,0.000000,0.000000,0.000000,0.000000,0.000000,0.000000,1404609,1402842,0,0,0,0,0,0,0,0
147,0,0,0,0,0,0,0,0,0,0,-44.549705,0.000000,0.000000,0.000000,0.000000,0.000000,0.000000,0.000000,0.000000,0.000000,2670054,0,0,0,0,0,0,0,0,0
148,0,0,0,0,0,0,0,0,0,0,-42.284184,-75.320295,0.000000,0.000000,0.000000,0.000000,0.000000,0.000000,0.000000,0.000000,1460940,1462395,0,0,0,0,0,0,0,0
149,0,0,0,0,0,0,0,0,0,0,100000.000000,0.000000,0.000000,0.000000,0.000000,0.000000,0.000000,0.000000,0.000000,0.000000,458794,0,0,0,0,0,0,0,0,0
150,0,0,0,0,0,0,0,0,0,0,-44.124983,-76.071860,0.000000,0.000000,0.000000,0.000000,0.000000,0.000000,0.000000,0.000000,2327731,2326363,0,0,0,0,0,0,0,0
151,0,0,0,0,0,0,0,0,0,0,-37.491133,-18.557919,-76.119582,0.000000,0.000000,0.000000,0.000000,0.000000,0.000000,0.000000,1234256,1233479,1235109,0,0,0,0,0,0,0
152,0,0,0,0,0,0,0,0,0,0,-32.591239,-27.781277,0.000000,0.000000,0.000000,0.000000,0.000000,0.000000,0.000000,0.000000,2073175,2076472,0,0,0,0,0,0,0,0
153,0,0,0,0,0,0,0,0,0,0,-35.536018,0.000000,0.000000,0.000000,0.000000,0.000000,0.000000,0.000000,0.000000,0.000000,1491014,0,0,0,0,0,0,0,0,0
154,0,0,0,0,0,0,0,0,0,0,-24.837597,-97.935693,-122.932648,0.000000,0.000000,0.000000,0.000000,0.000000,0.000000,0.000000,1297112,1297018,1293434,0,0,0,0,0,0,0
155,0,0,0,0,0,0,0,0,0,0,-78.881979,-30.874138,-44.642373,-37.286491,0.000000,0.000000,0.000000,0.000000,0.000000,0.000000,1956986,1959531,1960572,1960359,0,0,0,0,0,0
156,0,0,0,0,0,0,0,0,0,0,-178.785013,-105.298436,-88.732855,0.000000,0.000000,0.000000,0.000000,0.000000,0.000000,0.000000,2181462,2177102,2184845,0,0,0,0,0,0,0
157,0,0,0,0,0,0,0,0,0,0,-104.583639,-138.079833,-28.814899,0.000000,0.000000,0.000000,0.000000,0.000000,0.000000,0.000000,1968608,1965201,1965461,0,0,0,0,0,0,0
158,0,0,0,0,0,0,0,0,0,0,-27.262754,-63.082741,0.000000,0.000000,0.000000,0.000000,0.000000,0.000000,0.000000,0.000000,2219913,2220401,0,0,0,0,0,0,0,0
159,0,0,0,0,0,0,0,0,0,0,-33.561468,-40.872596,-26.983933,0.000000,0.000000,0.000000,0.000000,0.000000,0.000000,0.000000,1324247,1323849,1325912,0,0,0,0,0,0,0
160,0,0,0,0,0,0,0,0,0,0,-147.710019,-195.293978,0.000000,0.000000,0.000000,0.000000,0.000000,0.000000,0.000000,0.000000,2181841,2179951,0,0,0,0,0,0,0,0
161,0,0,0,0,0,0,0,0,0,0,-74.829558,-71.183667,-366.337338,0.000000,0.000000,0.000000,0.000000,0.000000,0.000000,0.000000,200951,200745,201158,0,0,0,0,0,0,0
162,0,0,0,0,0,0,0,0,0,0,-37.497851,-57.333212,0.000000,0.000000,0.000000,0.000000,0.000000,0.000000,0.000000,0.000000,2204167,2205451,0,0,0,0,0,0,0,0
163,0,0,0,0,0,0,0,0,0,0,-83.838238,-70.954242,-69.236969,0.000000,0.000000,0.000000,0.000000,0.000000,0.000000,0.000000,1276430,1276566,1272961,0,0,0,0,0,0,0
164,0,0,0,0,0,0,0,0,0,0,-131.530983,-206.040479,-74.834394,0.000000,0.000000,0.000000,0.000000,0.000000,0.000000,0.000000,1352589,1353326,1356492,0,0,0,0,0,0,0
165,0,0,0,0,0,0,0,0,0,0,-26.127225,-44.986910,0.000000,0.000000,0.000000,0.000000,0.000000,0.000000,0.000000,0.000000,1192480,1192634,0,0,0,0,0,0,0,0
166,0,0,0,0,0,0,0,0,0,0,-30.407689,-47.830626,-59.422847,0.000000,0.000000,0.000000,0.000000,0.000000,0.000000,0.000000,2547754,2546713,2546454,0,0,0,0,0,0,0
167,0,0,0,0,0,0,0,0,0,0,-80.596041,-85.338501,-39.112810,0.000000,0.000000,0.000000,0.000000,0.000000,0.000000,0.000000,1880739,1879767,1879331,0,0,0,0,0,0,0
168,0,0,0,0,0,0,0,0,0,0,-93.850301,-36.984536,-61.504607,0.000000,0.000000,0.000000,0.000000,0.000000,0.000000,0.000000,1400438,1399567,1399994,0,0,0,0,0,0,0
169,0,0,0,0,0,0,0,0,0,0,-31.134954,-26.082459,0.000000,0.000000,0.000000,0.000000,0.000000,0.000000,0.000000,0.000000,1301447,1305497,0,0,0,0,0,0,0,0
170,0,0,0,0,0,0,0,0,0,0,-35.058163,-27.976914,-35.176493,-130.691532,0.000000,0.000000,0.000000,0.000000,0.000000,0.000000,2064078,2063971,2061370,2064483,0,0,0,0,0,0
171,0,0,0,0,0,0,0,0,0,0,-69.746736,-74.111714,-80.244819,0.000000,0.000000,0.000000,0.000000,0.000000,0.000000,0.000000,2387004,2385111,2386122,0,0,0,0,0,0,0
172,0,0,0,0,0,0,0,0,0,0,-82.455032,-24.982663,-81.954486,0.000000,0.000000,0.000000,0.000000,0.000000,0.000000,0.000000,2235312,2239085,2234660,0,0,0,0,0,0,0
173,0,0,0,0,0,0,0,0,0,0,-106.209076,-88.445812,0.000000,0.000000,0.000000,0.000000,0.000000,0.000000,0.000000,0.000000,1071364,1073239,0,0,0,0,0,0,0,0
174,0,0,0,0,0,0,0,0,0,0,-28.651330,-40.515719,-140.125299,0.000000,0.000000,0.000000,0.000000,0.000000,0.000000,0.000000,1903983,1901289,1902545,0,0,0,0,0,0,0
175,0,0,0,0,0,0,0,0,0,0,-25.775393,-35.244828,0.000000,0.000000,0.000000,0.000000,0.000000,0.000000,0.000000,0.000000,2432797,2434589,0,0,0,0,0,0,0,0
176,0,0,0,0,0,0,0,0,0,0,-135.989911,-89.707296,-78.543881,-72.423827,-82.628888,0.000000,0.000000,0.000000,0.000000,0.000000,1320203,1319998,1322872,1322519,1320555,0,0,0,0,0
177,0,0,0,0,0,0,0,0,0,0,-175.679534,-31.862790,-90.034471,0.000000,0.000000,0.000000,0.000000,0.000000,0.000000,0.000000,1382221,1385305,1382829,0,0,0,0,0,0,0
178,0,0,0,0,0,0,0,0,0,0,-26.327300,0.000000,0.000000,0.000000,0.000000,0.000000,0.000000,0.000000,0.000000,0.000000,1217010,0,0,0,0,0,0,0,0,0
179,0,0,0,0,0,0,0,0,0,0,-125.581342,-74.269150,-22.858388,0.000000,0.000000,0.000000,0.000000,0.000000,0.000000,0.000000,1287623,1289236,1288678,0,0,0,0,0,0,0
180,0,0,0,0,0,0,0,0,0,0,-65.311928,0.000000,0.000000,0.000000,0.000000,0.000000,0.000000,0.000000,0.000000,0.000000,2581299,0,0,0,0,0,0,0,0,0
181,0,0,0,0,0,0,0,0,0,0,-40.733572,0.000000,0.000000,0.000000,0.000000,0.000000,0.000000,0.000000,0.000000,0.000000,84280,0,0,0,0,0,0,0,0,0
182,0,0,0,0,0,0,0,0,0,0,-76.607535,-39.603614,-125.022277,0.000000,0.000000,0.000000,0.000000,0.000000,0.000000,0.000000,1296494,1294169,1296321,0,0,0,0,0,0,0
183,0,0,0,0,0,0,0,0,0,0,-36.326131,-64.999383,-37.991496,0.000000,0.000000,0.000000,0.000000,0.000000,0.000000,0.000000,1747979,1748723,1749296,0,0,0,0,0,0,0
184,0,0,0,0,0,0,0,0,0,0,-47.054633,-55.017368,0.000000,0.000000,0.000000,0.000000,0.000000,0.000000,0.000000,0.000000,2412656,2413340,0,0,0,0,0,0,0,0
185,0,0,0,0,0,0,0,0,0,0,-50.452474,-71.322892,0.000000,0.000000,0.000000,0.000000,0.000000,0.000000,0.000000,0.000000,1376262,1376452,0,0,0,0,0,0,0,0
186,0,0,0,0,0,0,0,0,0,0,-21.255301,-24.102408,0.000000,0.000000,0.000000,0.000000,0.000000,0.000000,0.000000,0.000000,1195526,1195231,0,0,0,0,0,0,0,0
187,0,0,0,0,0,0,0,0,0,0,-30.929389,-54.354009,0.000000,0.000000,0.000000,0.000000,0.000000,0.000000,0.000000,0.000000,1295711,1294151,0,0,0,0,0,0,0,0
188,0,0,0,0,0,0,0,0,0,0,-46.733526,-34.802816,0.000000,0.000000,0.000000,0.000000,0.000000,0.000000,0.000000,0.000000,2524942,2521979,0,0,0,0,0,0,0,0
189,0,0,0,0,0,0,0,0,0,0,-122.527609,-27.502556,-44.478007,-28.044840,0.000000,0.000000,0.000000,0.000000,0.000000,0.000000,1155193,1157179,1158472,1156431,0,0,0,0,0,0
190,0,0,0,0,0,0,0,0,0,0,-92.376687,-55.223742,-74.252431,-32.269613,0.000000,0.000000,0.000000,0.000000,0.000000,0.000000,1894497,1897140,1894798,1897669,0,0,0,0,0,0
191,0,0,0,0,0,0,0,0,0,0,-40.297701,-62.858177,-57.824015,0.000000,0.000000,0.000000,0.000000,0.000000,0.000000,0.000000,2362344,2363816,2364697,0,0,0,0,0,0,0
192,0,0,0,0,0,0,0,0,0,0,-32.716784,-32.196923,-159.506442,0.000000,0.000000,0.000000,0.000000,0.000000,0.000000,0.000000,1806877,1807606,1806338,0,0,0,0,0,0,0
193,0,0,0,0,0,0,0,0,0,0,-51.323333,-48.406430,-32.621299,0.000000,0.000000,0.000000,0.000000,0.000000,0.000000,0.000000,2299106,2300610,2302616,0,0,0,0,0,0,0
194,0,0,0,0,0,0,0,0,0,0,-25.659408,-71.349318,0.000000,0.000000,0.000000,0.000000,0.000000,0.000000,0.000000,0.000000,1238322,1238855,0,0,0,0,0,0,0,0
195,0,0,0,0,0,0,0,0,0,0,-71.084264,-28.850799,-159.480838,0.000000,0.000000,0.000000,0.000000,0.000000,0.000000,0.000000,2244685,2250069,2243708,0,0,0,0,0,0,0
196,0,0,0,0,0,0,0,0,0,0,-23.783198,-43.214866,0.000000,0.000000,0.000000,0.000000,0.000000,0.000000,0.000000,0.000000,2482655,2482581,0,0,0,0,0,0,0,0
197,0,0,0,0,0,0,0,0,0,0,-172.213931,-105.902809,-79.485911,0.000000,0.000000,0.000000,0.000000,0.000000,0.000000,0.000000,1347339,1350345,1349032,0,0,0,0,0,0,0
198,0,0,0,0,0,0,0,0,0,0,-152.452781,-35.336952,0.000000,0.000000,0.000000,0.000000,0.000000,0.000000,0.000000,0.000000,1907069,1911784,0,0,0,0,0,0,0,0
199,0,0,0,0,0,0,0,0,0,0,-26.705470,-20.662079,-59.050929,0.000000,0.000000,0.000000,0.000000,0.000000,0.000000,0.000000,85366,85199,85769,0,0,0,0,0,0,0
200,0,0,0,0,0,0,0,0,0,0,-20.616878,-32.693397,0.000000,0.000000,0.000000,0.000000,0.000000,0.000000,0.000000,0.000000,1374248,1377183,0,0,0,0,0,0,0,0
201,0,0,0,0,0,0,0,0,0,0,-77.904676,-113.836637,-109.202385,0.000000,0.000000,0.000000,0.000000,0.000000,0.000000,0.000000,2120468,2118665,2117315,0,0,0,0,0,0,0
202,0,0,0,0,0,0,0,0,0,0,-119.473216,-78.205582,0.000000,0.000000,0.000000,0.000000,0.000000,0.000000,0.000000,0.000000,2431445,2433772,0,0,0,0,0,0,0,0
203,0,0,0,0,0,0,0,0,0,0,-81.746106,0.000000,0.000000,0.000000,0.000000,0.000000,0.000000,0.000000,0.000000,0.000000,61954,0,0,0,0,0,0,0,0,0
204,0,0,0,0,0,0,0,0,0,0,-41.183134,-96.132464,0.000000,0.000000,0.000000,0.000000,0.000000,0.000000,0.000000,0.000000,2286458,2284388,0,0,0,0,0,0,0,0
205,0,0,0,0,0,0,0,0,0,0,-39.424255,-27.310097,0.000000,0.000000,0.000000,0.000000,0.000000,0.000000,0.000000,0.000000,2092401,2093198,0,0,0,0,0,0,0,0
206,0,0,0,0,0,0,0,0,0,0,-37.165963,-25.397809,-97.516166,0.000000,0.000000,0.000000,0.000000,0.000000,0.000000,0.000000,2577966,2578901,2577548,0,0,0,0,0,0,0
207,0,0,0,0,0,0,0,0,0,0,-112.204513,-23.341277,0.000000,0.000000,0.000000,0.000000,0.000000,0.000000,0.000000,0.000000,1093532,1096955,0,0,0,0,0,0,0,0
208,0,0,0,0,0,0,0,0,0,0,-60.354898,-38.377030,-35.469194,0.000000,0.000000,0.000000,0.000000,0.000000,0.000000,0.000000,1962131,1962423,1962745,0,0,0,0,0,0,0
209,0,0,0,0,0,0,0,0,0,0,-91.592592,-245.351394,-187.076221,0.000000,0.000000,0.000000,0.000000,0.000000,0.000000,0.000000,1197929,1199925,1197353,0,0,0,0,0,0,0
210,0,0,0,0,0,0,0,0,0,0,-87.727474,-155.254140,-228.758980,0.000000,0.000000,0.000000,0.000000,0.000000,0.000000,0.000000,1382116,1383223,1381263,0,0,0,0,0,0,0
211,0,0,0,0,0,0,0,0,0,0,-145.112428,-146.728901,-43.676333,0.000000,0.000000,0.000000,0.000000,0.000000,0.000000,0.000000,1258128,1254926,1259564,0,0,0,0,0,0,0
212,0,0,0,0,0,0,0,0,0,0,-26.278958,-20.557641,0.000000,0.000000,0.000000,0.000000,0.000000,0.000000,0.000000,0.000000,1450867,1451029,0,0,0,0,0,0,0,0
213,0,0,0,0,0,0,0,0,0,0,-28.928307,-50.422457,0.000000,0.000000,0.000000,0.000000,0.000000,0.000000,0.000000,0.000000,2179158,2181440,0,0,0,0,0,0,0,0
214,0,0,0,0,0,0,0,0,0,0,-124.003139,-82.469968,0.000000,0.000000,0.000000,0.000000,0.000000,0.000000,0.000000,0.000000,1151575,1153046,0,0,0,0,0,0,0,0
215,0,0,0,0,0,0,0,0,0,0,-33.933295,-119.882992,0.000000,0.000000,0.000000,0.000000,0.000000,0.000000,0.000000,0.000000,2457103,2455983,0,0,0,0,0,0,0,0
216,0,0,0,0,0,0,0,0,0,0,-56.550997,-127.278071,-84.896113,0.000000,0.000000,0.000000,0.000000,0.000000,0.000000,0.000000,1451219,1452893,1449819,0,0,0,0,0,0,0
217,0,0,0,0,0,0,0,0,0,0,-98.871847,-27.959178,0.000000,0.000000,0.000000,0.000000,0.000000,0.000000,0.000000,0.000000,1298900,1301686,0,0,0,0,0,0,0,0
218,0,0,0,0,0,0,0,0,0,0,-31.445008,-122.728304,0.000000,0.000000,0.000000,0.000000,0.000000,0.000000,0.000000,0.000000,1151056,1152728,0,0,0,0,0,0,0,0
219,0,0,0,0,0,0,0,0,0,0,-242.938544,0.000000,0.000000,0.000000,0.000000,0.000000,0.000000,0.000000,0.000000,0.000000,1152619,0,0,0,0,0,0,0,0,0
220,0,0,0,0,0,0,0,0,0,0,-60.650657,-35.006799,-36.758827,0.000000,0.000000,0.000000,0.000000,0.000000,0.000000,0.000000,1353394,1351989,1351615,0,0,0,0,0,0,0
221,0,0,0,0,0,0,0,0,0,0,-302.391159,-71.671052,-114.749276,0.000000,0.000000,0.000000,0.000000,0.000000,0.000000,0.000000,193978,193940,193067,0,0,0,0,0,0,0
222,0,0,0,0,0,0,0,0,0,0,-34.422829,-78.534105,-289.672112,-78.212353,0.000000,0.000000,0.000000,0.000000,0.000000,0.000000,78533,78998,78804,78390,0,0,0,0,0,0
223,0,0,0,0,0,0,0,0,0,0,-173.572433,-49.724758,0.000000,0.000000,0.000000,0.000000,0.000000,0.000000,0.000000,0.000000,58075,58128,0,0,0,0,0,0,0,0
224,0,0,0,0,0,0,0,0,0,0,-24.734336,-31.934955,-121.237947,0.000000,0.000000,0.000000,0.000000,0.000000,0.000000,0.000000,78195,77785,77833,0,0,0,0,0,0,0
225,0,0,0,0,0,0,0,0,0,0,-115.885678,0.000000,0.000000,0.000000,0.000000,0.000000,0.000000,0.000000,0.000000,0.000000,55270,0,0,0,0,0,0,0,0,0
226,0,0,0,0,0,0,0,0,0,0,-89.009888,-50.612170,-76.221198,0.000000,0.000000,0.000000,0.000000,0.000000,0.000000,0.000000,72530,72367,72501,0,0,0,0,0,0,0
227,0,0,0,0,0,0,0,0,0,0,-268.499012,-52.119389,0.000000,0.000000,0.000000,0.000000,0.000000,0.000000,0.000000,0.000000,63797,64413,0,0,0,0,0,0,0,0
228,0,0,0,0,0,0,0,0,0,0,-144.805122,-220.562445,0.000000,0.000000,0.000000,0.000000,0.000000,0.000000,0.000000,0.000000,242659,243208,0,0,0,0,0,0,0,0
229,0,0,0,0,0,0,0,0,0,0,-33.999998,-227.646503,-34.674817,0.000000,0.000000,0.000000,0.000000,0.000000,0.000000,0.000000,111080,111564,111284,0,0,0,0,0,0,0
230,0,0,0,0,0,0,0,0,0,0,-207.565752,0.000000,0.000000,0.000000,0.000000,0.000000,0.000000,0.000000,0.000000,0.000000,178217,0,0,0,0,0,0,0,0,0
231,0,0,0,0,0,0,0,0,0,0,-63.841910,-71.138806,-98.355525,0.000000,0.000000,0.000000,0.000000,0.000000,0.000000,0.000000,63870,64266,63778,0,0,0,0,0,0,0
232,0,0,0,0,0,0,0,0,0,0,-20.677206,-39.433017,0.000000,0.000000,0.000000,0.000000,0.000000,0.000000,0.000000,0.000000,97182,97152,0,0,0,0,0,0,0,0
233,0,0,0,0,0,0,0,0,0,0,-73.186997,0.000000,0.000000,0.000000,0.000000,0.000000,0.000000,0.000000,0.000000,0.000000,2703908,0,0,0,0,0,0,0,0,0
234,0,0,0,0,0,0,0,0,0,0,-149.495387,0.000000,0.000000,0.000000,0.000000,0.000000,0.000000,0.000000,0.000000,0.000000,1940014,0,0,0,0,0,0,0,0,0
235,0,0,0,0,0,0,0,0,0,0,-44.581125,0.000000,0.000000,0.000000,0.000000,0.000000,0.000000,0.000000,0.000000,0.000000,2182311,0,0,0,0,0,0,0,0,0
236,0,0,0,0,0,0,0,0,0,0,-102.449011,0.000000,0.000000,0.000000,0.000000,0.000000,0.000000,0.000000,0.000000,0.000000,1997364,0,0,0,0,0,0,0,0,0
237,0,0,0,0,0,0,0,0,0,0,-38.789170,0.000000,0.000000,0.000000,0.000000,0.000000,0.000000,0.000000,0.000000,0.000000,62682,0,0,0,0,0,0,0,0,0
238,0,0,0,0,0,0,0,0,0,0,0.000000,0.000000,0.000000,0.000000,0.000000,0.000000,0.000000,0.000000,0.000000,0.000000,0,0,0,0,0,0,0,0,0,0
239,0,0,0,0,0,0,0,0,0,0,-43.164346,0.000000,0.000000,0.000000,0.000000,0.000000,0.000000,0.000000,0.000000,0.000000,2388822,0,0,0,0,0,0,0,0,0
240,0,0,0,0,0,0,0,0,0,0,-107.389171,0.000000,0.000000,0.000000,0.000000,0.000000,0.000000,0.000000,0.000000,0.000000,2040247,0,0,0,0,0,0,0,0,0
175,1,0,0,0,0,0,0,0,0,0,-27.867158,-35.120332,0.000000,0.000000,0.000000,0.000000,0.000000,0.000000,0.000000,0.000000,19978,19824,0,0,0,0,0,0,0,0
25,0,0,1,0,0,0,0,0,0,0,-156.754097,-72.945275,-27.768201,0.000000,0.000000,0.000000,0.000000,0.000000,0.000000,0.000000,350,358,395,0,0,0,0,0,0,0
205,1,0,0,0,0,0,0,0,0,0,-38.687402,-73.022736,0.000000,0.000000,0.000000,0.000000,0.000000,0.000000,0.000000,0.000000,476,454,0,0,0,0,0,0,0,0
188,0,1,0,0,0,0,0,0,0,0,-47.440758,-25.190159,0.000000,0.000000,0.000000,0.000000,0.000000,0.000000,0.000000,0.000000,20798,20744,0,0,0,0,0,0,0,0
51,0,0,1,0,0,0,0,0,0,0,-79.302090,-118.675217,-28.665059,-40.315213,0.000000,0.000000,0.000000,0.000000,0.000000,0.000000,6167,6231,6097,6231,0,0,0,0,0,0
143,1,0,0,0,0,0,0,0,0,0,-43.607535,-37.936587,0.000000,0.000000,0.000000,0.000000,0.000000,0.000000,0.000000,0.000000,6725,6633,0,0,0,0,0,0,0,0
187,0,1,0,0,0,0,0,0,0,0,-14.527438,-22.284852,0.000000,0.000000,0.000000,0.000000,0.000000,0.000000,0.000000,0.000000,19,20,0,0,0,0,0,0,0,0
130,0,1,0,0,0,0,0,0,0,0,-74.478804,-51.793978,-96.290770,0.000000,0.000000,0.000000,0.000000,0.000000,0.000000,0.000000,599,532,548,0,0,0,0,0,0,0
215,1,0,0,0,0,0,0,0,0,0,-120.383073,-62.765470,0.000000,0.000000,0.000000,0.000000,0.000000,0.000000,0.000000,0.000000,599,661,0,0,0,0,0,0,0,0
169,1,0,0,0,0,0,0,0,0,0,-50.467758,-28.551376,0.000000,0.000000,0.000000,0.000000,0.000000,0.000000,0.000000,0.000000,845,793,0,0,0,0,0,0,0,0
179,0,0,1,0,0,0,0,0,0,0,-82.245592,-53.328430,-89.259391,0.000000,0.000000,0.000000,0.000000,0.000000,0.000000,0.000000,775,808,773,0,0,0,0,0,0,0
196,1,0,0,0,0,0,0,0,0,0,-22.741175,-39.459124,0.000000,0.000000,0.000000,0.000000,0.000000,0.000000,0.000000,0.000000,24,26,0,0,0,0,0,0,0,0
124,0,1,0,0,0,0,0,0,0,0,-28.178136,-19.027132,0.000000,0.000000,0.000000,0.000000,0.000000,0.000000,0.000000,0.000000,18,25,0,0,0,0,0,0,0,0
170,0,1,0,0,0,0,0,0,0,0,-119.611769,-35.444275,-142.684823,-124.655774,0.000000,0.000000,0.000000,0.000000,0.000000,0.000000,97,121,103,90,0,0,0,0,0,0
235,1,0,0,0,0,0,0,0,0,0,-190.629150,0.000000,0.000000,0.000000,0.000000,0.000000,0.000000,0.000000,0.000000,0.000000,167,0,0,0,0,0,0,0,0,0
190,0,1,0,0,0,0,0,0,0,0,-152.342709,-56.049238,-115.916418,-66.195379,0.000000,0.000000,0.000000,0.000000,0.000000,0.000000,474,554,499,516,0,0,0,0,0,0
155,0,1,0,0,0,0,0,0,0,0,-133.484810,-35.574000,-82.457436,-31.261930,0.000000,0.000000,0.000000,0.000000,0.000000,0.000000,535,523,578,515,0,0,0,0,0,0
52,0,0,1,0,0,0,0,0,0,0,-37.975053,-11.302746,-14.454166,0.000000,0.000000,0.000000,0.000000,0.000000,0.000000,0.000000,19,13,14,0,0,0,0,0,0,0
70,0,1,0,0,0,0,0,0,0,0,-219.216260,-92.689859,-74.672325,0.000000,0.000000,0.000000,0.000000,0.000000,0.000000,0.000000,493,517,461,0,0,0,0,0,0,0
21,0,1,0,0,0,0,0,0,0,0,-139.782053,-62.181673,-61.995339,0.000000,0.000000,0.000000,0.000000,0.000000,0.000000,0.000000,531,485,544,0,0,0,0,0,0,0
115,0,1,0,0,0,0,0,0,0,0,-266.211488,-94.226825,-54.276919,0.000000,0.000000,0.000000,0.000000,0.000000,0.000000,0.000000,802,730,728,0,0,0,0,0,0,0
136,0,1,0,0,0,0,0,0,0,0,-121.940560,-213.744925,0.000000,0.000000,0.000000,0.000000,0.000000,0.000000,0.000000,0.000000,791,781,0,0,0,0,0,0,0,0
112,0,0,1,0,0,0,0,0,0,0,-21.572088,-21.042136,-12.978985,0.000000,0.000000,0.000000,0.000000,0.000000,0.000000,0.000000,10,18,15,0,0,0,0,0,0,0
166,1,0,0,0,0,0,0,0,0,0,-28.641957,-47.540819,-76.400829,0.000000,0.000000,0.000000,0.000000,0.000000,0.000000,0.000000,3333,3406,3343,0,0,0,0,0,0,0
180,1,0,0,0,0,0,0,0,0,0,-49.184623,0.000000,0.000000,0.000000,0.000000,0.000000,0.000000,0.000000,0.000000,0.000000,4212,0,0,0,0,0,0,0,0,0
100,0,1,0,0,0,0,0,0,0,0,-14.284640,-12.629690,-14.633297,0.000000,0.000000,0.000000,0.000000,0.000000,0.000000,0.000000,6,8,9,0,0,0,0,0,0,0
36,0,1,0,0,0,0,0,0,0,0,-6.051399,-12.046564,-24.305343,-11.431306,0.000000,0.000000,0.000000,0.000000,0.000000,0.000000,4,8,11,7,0,0,0,0,0,0
154,1,0,0,0,0,0,0,0,0,0,-8.897279,-36.982336,-21.534553,0.000000,0.000000,0.000000,0.000000,0.000000,0.000000,0.000000,10,11,9,0,0,0,0,0,0,0
206,0,1,0,0,0,0,0,0,0,0,-36.483337,-86.071176,-58.358098,0.000000,0.000000,0.000000,0.000000,0.000000,0.000000,0.000000,568,590,537,0,0,0,0,0,0,0
147,1,0,0,0,0,0,0,0,0,0,-31.687885,0.000000,0.000000,0.000000,0.000000,0.000000,0.000000,0.000000,0.000000,0.000000,717,0,0,0,0,0,0,0,0,0
172,0,1,0,0,0,0,0,0,0,0,-102.400048,-139.115239,-114.776111,0.000000,0.000000,0.000000,0.000000,0.000000,0.000000,0.000000,7138,7263,7190,0,0,0,0,0,0,0
115,0,0,1,0,0,0,0,0,0,0,-103.734279,-23.443829,-36.604358,0.000000,0.000000,0.000000,0.000000,0.000000,0.000000,0.000000,7053,7054,7104,0,0,0,0,0,0,0
213,0,1,0,0,0,0,0,0,0,0,-25.523964,-46.053493,0.000000,0.000000,0.000000,0.000000,0.000000,0.000000,0.000000,0.000000,45,49,0,0,0,0,0,0,0,0
170,1,0,0,0,0,0,0,0,0,0,-21.426671,-17.215396,-24.631497,-66.985985,0.000000,0.000000,0.000000,0.000000,0.000000,0.000000,45,30,26,32,0,0,0,0,0,0
52,0,1,0,0,0,0,0,0,0,0,-26.947148,-10.442667,-7.088018,0.000000,0.000000,0.000000,0.000000,0.000000,0.000000,0.000000,12,13,7,0,0,0,0,0,0,0
81,0,1,0,0,0,0,0,0,0,0,-22.899381,-65.460487,-28.539503,0.000000,0.000000,0.000000,0.000000,0.000000,0.000000,0.000000,10,19,15,0,0,0,0,0,0,0
142,0,1,0,0,0,0,0,0,0,0,-57.216450,-30.446379,0.000000,0.000000,0.000000,0.000000,0.000000,0.000000,0.000000,0.000000,311,336,0,0,0,0,0,0,0,0
195,0,1,0,0,0,0,0,0,0,0,-80.853692,-94.675601,-133.474276,0.000000,0.000000,0.000000,0.000000,0.000000,0.000000,0.000000,314,300,305,0,0,0,0,0,0,0
78,0,1,0,0,0,0,0,0,0,0,-2.431441,-2.273124,-4.070041,-3.230711,0.000000,0.000000,0.000000,0.000000,0.000000,0.000000,2,3,4,3,0,0,0,0,0,0
185,1,0,0,0,0,0,0,0,0,0,-0.893670,-1.413073,0.000000,0.000000,0.000000,0.000000,0.000000,0.000000,0.000000,0.000000,2,2,0,0,0,0,0,0,0,0
163,0,1,0,0,0,0,0,0,0,0,-18.294010,-11.954517,-23.940865,0.000000,0.000000,0.000000,0.000000,0.000000,0.000000,0.000000,6,8,9,0,0,0,0,0,0,0
125,1,0,0,0,0,0,0,0,0,0,-20.162325,-30.794563,-20.229689,0.000000,0.000000,0.000000,0.000000,0.000000,0.000000,0.000000,17,10,8,0,0,0,0,0,0,0
143,0,1,0,0,0,0,0,0,0,0,-15.103838,-25.430263,0.000000,0.000000,0.000000,0.000000,0.000000,0.000000,0.000000,0.000000,14,9,0,0,0,0,0,0,0,0
135,0,1,0,0,0,0,0,0,0,0,-4.125054,-23.516736,-17.684701,0.000000,0.000000,0.000000,0.000000,0.000000,0.000000,0.000000,2,8,4,0,0,0,0,0,0,0
188,0,2,0,0,0,0,0,0,0,0,-89.096969,-184.159288,0.000000,0.000000,0.000000,0.000000,0.000000,0.000000,0.000000,0.000000,388,415,0,0,0,0,0,0,0,0
175,2,0,0,0,0,0,0,0,0,0,-107.139230,-92.136410,0.000000,0.000000,0.000000,0.000000,0.000000,0.000000,0.000000,0.000000,395,426,0,0,0,0,0,0,0,0
58,0,0,1,0,0,0,0,0,0,0,-66.141791,-103.335772,-25.654502,0.000000,0.000000,0.000000,0.000000,0.000000,0.000000,0.000000,10,8,9,0,0,0,0,0,0,0
18,1,0,0,0,0,0,0,0,0,0,-17.458161,-21.286207,-104.995958,0.000000,0.000000,0.000000,0.000000,0.000000,0.000000,0.000000,8,10,8,0,0,0,0,0,0,0
140,1,0,0,0,0,0,0,0,0,0,-27.166441,-18.227725,0.000000,0.000000,0.000000,0.000000,0.000000,0.000000,0.000000,0.000000,21,15,0,0,0,0,0,0,0,0
202,1,0,0,0,0,0,0,0,0,0,-23.896773,-25.634953,0.000000,0.000000,0.000000,0.000000,0.000000,0.000000,0.000000,0.000000,17,15,0,0,0,0,0,0,0,0
123,0,0,1,0,0,0,0,0,0,0,-1.794160,-6.668241,-0.506381,0.000000,0.000000,0.000000,0.000000,0.000000,0.000000,0.000000,2,3,2,0,0,0,0,0,0,0
