# number,node1,node2,length,width
0,0,1,116,3
1,0,2,220,3
2,0,2,255,3
3,1,3,216,3
4,1,4,286,3
5,1,5,267,3
6,3,85,6,3
7,3,35,808,3
8,4,15,580,3
9,4,86,54,3
10,5,87,61,3
11,5,88,105,3
12,6,7,20,3
13,6,8,260,3
14,6,9,318,3
15,7,10,24,3
16,7,11,52,3
17,8,12,135,3
18,8,9,139,3
19,8,13,295,3
20,9,14,394,3
21,11,19,83,3
22,12,17,106,3
23,12,20,389,3
24,12,21,190,3
25,13,25,58,3
26,13,26,288,3
27,14,15,229,3
28,14,16,89,3
29,16,90,127,3
30,16,26,21,3
31,17,18,150,3
32,17,19,400,3
33,17,20,505,3
34,18,22,123,3
35,18,23,304,3
36,19,24,85,3
37,20,25,181,3
38,22,134,166,3
39,22,132,140,3
40,22,135,447,3
41,23,92,157,3
42,24,155,630,3
43,25,26,268,3
44,27,28,9,3
45,27,29,176,3
46,27,30,455,3
47,28,31,98,3
48,28,32,9,3
49,28,33,8,3
50,29,34,280,3
51,30,35,260,3
52,31,92,104,3
53,31,97,179,3
54,32,30,449,3
55,32,31,99,3
56,33,281,7,3
57,33,29,168,3
58,29,94,82,3
59,29,95,138,3
60,34,96,170,3
61,30,91,37,3
62,30,35,258,3
63,36,37,45,3
64,36,38,161,3
65,36,39,26,3
66,36,40,140,3
67,37,41,40,3
68,37,42,64,3
69,38,43,48,3
70,38,44,111,3
71,39,45,9,3
72,39,46,43,3
73,40,47,64,3
74,40,48,25,3
75,41,197,62,3
76,41,290,144,3
77,42,53,67,3
78,42,45,77,3
79,43,56,109,3
80,43,57,140,3
81,44,58,7,3
82,44,47,136,3
83,45,52,55,3
84,47,79,128,3
85,48,55,119,3
86,48,75,175,3
87,49,50,64,3
88,49,51,82,3
89,49,52,24,3
90,49,53,102,3
91,51,54,107,3
92,51,55,142,3
93,52,224,58,3
94,53,196,82,3
95,54,233,51,3
96,54,234,120,3
97,55,234,99,3
98,56,61,192,3
99,56,58,144,3
100,57,181,54,3
101,57,215,134,3
102,58,238,62,3
103,59,60,73,3
104,59,61,45,3
105,59,62,51,3
106,60,63,138,3
107,60,62,32,3
108,61,64,53,3
109,62,65,17,3
110,63,66,112,3
111,63,67,70,3
112,64,182,176,3
113,64,183,106,3
114,65,67,135,3
115,65,200,105,3
116,66,247,321,3
117,66,239,39,3
118,67,219,101,3
119,67,226,152,3
120,68,69,192,3
121,68,70,70,3
122,68,71,49,3
123,68,72,70,3
124,68,73,189,3
125,69,73,8,3
126,70,72,5,3
127,70,74,90,3
128,71,73,188,3
129,71,149,56,3
130,71,151,97,3
131,72,74,90,3
132,72,144,87,3
133,74,102,135,3
134,75,76,50,3
135,75,77,129,3
136,75,78,184,3
137,76,79,36,3
138,76,80,424,3
139,77,81,187,3
140,77,82,133,3
141,78,83,57,3
142,78,84,187,3
143,79,238,149,3
144,80,266,33,3
145,80,82,221,3
146,81,83,73,3
147,81,266,143,3
148,83,275,138,3
149,84,234,34,3
150,84,250,211,3
151,85,86,69,3
152,85,35,806,3
153,86,89,137,3
154,87,282,27,3
155,87,283,65,3
156,87,284,98,3
157,88,284,24,3
158,88,285,63,3
159,35,90,68,3
160,90,91,244,3
161,91,31,487,3
162,31,92,105,3
163,92,93,211,3
164,92,98,53,3
165,94,127,61,3
166,94,104,131,3
167,95,104,47,3
168,95,97,38,3
169,34,100,135,3
170,34,101,85,3
171,34,96,170,3
172,96,102,151,3
173,97,99,88,3
174,98,103,60,3
175,98,99,170,3
176,99,106,8,3
177,100,112,59,3
178,100,109,159,3
179,100,113,87,3
180,101,127,50,3
181,101,115,138,3
182,96,108,82,3
183,96,109,129,3
184,103,23,45,3
185,103,107,740,3
186,104,105,52,3
187,105,125,56,3
188,105,127,145,3
189,106,110,53,3
190,106,111,162,3
191,23,121,68,3
192,107,122,21,3
193,107,123,18,3
194,102,120,17,3
195,102,108,68,3
196,102,74,135,3
197,108,117,127,3
198,109,116,65,3
199,109,117,95,3
200,110,124,96,3
201,110,126,53,3
202,111,118,165,3
203,111,124,43,3
204,112,114,84,3
205,112,115,41,3
206,113,118,27,3
207,113,119,124,3
208,115,125,13,3
209,116,122,21,3
210,116,128,34,3
211,116,129,218,3
212,117,130,60,3
213,118,123,70,3
214,119,124,20,3
215,119,125,87,3
216,120,142,32,3
217,120,130,104,3
218,74,131,105,3
219,121,132,8,3
220,121,136,73,3
221,122,123,36,3
222,128,137,84,3
223,128,138,307,3
224,129,139,37,3
225,129,140,75,3
226,130,141,31,3
227,131,143,55,3
228,131,144,94,3
229,131,145,83,3
230,132,133,101,3
231,134,179,129,3
232,134,177,367,3
233,134,158,172,3
234,135,147,79,3
235,135,171,91,3
236,137,146,321,3
237,137,147,169,3
238,138,146,35,3
239,138,148,19,3
240,139,145,55,3
241,139,143,76,3
242,140,143,31,3
243,140,141,14,3
244,141,142,112,3
245,142,143,156,3
246,144,149,25,3
247,145,150,141,3
248,145,148,84,3
249,146,168,162,3
250,147,168,386,3
251,148,163,39,3
252,148,167,127,3
253,149,150,89,3
254,150,153,74,3
255,150,151,57,3
256,151,152,91,3
257,152,153,85,3
258,152,154,167,3
259,153,163,135,3
260,153,165,124,3
261,154,176,20,3
262,154,165,189,3
263,24,159,42,3
264,24,172,205,3
265,155,173,10,3
266,156,157,285,3
267,156,158,48,3
268,156,159,267,3
269,157,160,258,3
270,157,161,113,3
271,158,162,162,3
272,159,161,51,3
273,160,201,5,3
274,160,198,126,3
275,161,175,245,3
276,162,199,214,3
277,162,195,47,3
278,163,164,123,3
279,164,165,133,3
280,164,166,122,3
281,164,167,61,3
282,165,174,125,3
283,166,174,134,3
284,166,189,129,3
285,166,188,104,3
286,167,169,76,3
287,168,169,27,3
288,168,170,54,3
289,169,188,56,3
290,170,188,21,3
291,170,190,108,3
292,171,177,87,3
293,171,178,255,3
294,172,175,95,3
295,172,173,419,3
296,173,192,32,3
297,174,186,125,3
298,174,187,221,3
299,175,184,82,3
300,175,185,303,3
301,176,193,17,3
302,176,194,88,3
303,177,182,105,3
304,177,183,174,3
305,178,190,173,3
306,178,191,140,3
307,179,180,31,3
308,179,181,300,3
309,180,197,42,3
310,180,195,128,3
311,181,182,48,3
312,183,200,106,3
313,184,201,84,3
314,184,204,242,3
315,185,205,68,3
316,185,206,125,3
317,186,189,132,3
318,186,211,139,3
319,186,212,235,3
320,187,212,123,3
321,187,194,31,3
322,188,202,140,3
323,189,202,150,3
324,189,213,141,3
325,190,203,130,3
326,191,200,54,3
327,191,210,91,3
328,192,206,23,3
329,192,223,220,3
330,193,217,102,3
331,193,292,159,3
332,194,217,22,3
333,195,196,57,3
334,196,198,420,3
335,197,207,121,3
336,198,208,28,3
337,200,219,113,3
338,201,214,141,3
339,202,209,136,3
340,203,218,86,3
341,203,210,105,3
342,204,205,32,3
343,204,214,146,3
344,205,227,193,3
345,206,227,94,3
346,208,233,54,3
347,208,235,259,3
348,209,213,173,3
349,209,220,141,3
350,210,219,50,3
351,211,213,136,3
352,211,222,117,3
353,211,216,189,3
354,212,216,163,3
355,213,221,134,3
356,214,228,344,3
357,216,225,170,3
358,217,291,60,3
359,218,219,112,3
360,218,226,111,3
361,220,221,177,3
362,220,236,97,3
363,221,222,136,3
364,222,240,37,3
365,223,229,57,3
366,225,243,60,3
367,225,240,97,3
368,226,239,91,3
369,227,230,70,3
370,228,231,68,3
371,228,232,112,3
372,229,242,70,3
373,230,231,13,3
374,230,242,200,3
375,231,244,113,3
376,232,244,74,3
377,232,245,145,3
378,233,235,202,3
379,235,237,8,3
380,236,239,41,3
381,236,249,26,3
382,237,253,8,3
383,237,250,127,3
384,238,241,68,3
385,240,252,10,3
386,242,246,124,3
387,244,248,11,3
388,245,257,19,3
389,245,248,98,3
390,246,259,156,3
391,246,260,80,3
392,248,259,69,3
393,249,252,309,3
394,249,262,86,3
395,250,251,117,3
396,251,255,122,3
397,251,269,140,3
398,252,261,103,3
399,253,254,337,3
400,253,255,204,3
401,254,256,37,3
402,254,257,71,3
403,255,258,161,3
404,255,256,227,3
405,256,278,166,3
406,257,260,196,3
407,258,277,95,3
408,258,276,180,3
409,259,267,86,3
410,259,268,78,3
411,260,274,43,3
412,261,263,221,3
413,261,264,118,3
414,262,263,103,3
415,262,265,131,3
416,263,270,115,3
417,264,270,206,3
418,264,271,114,3
419,265,270,119,3
420,265,273,142,3
421,266,275,286,3
422,269,276,62,3
423,269,275,28,3
424,270,272,126,3
425,271,272,152,3
426,271,279,90,3
427,272,273,95,3
428,276,280,158,3
429,277,278,91,3
430,282,286,151,3
431,282,287,239,3
432,284,285,59,3
433,286,288,17,3
434,286,289,50,3
