# node,next node
0,871
1,0
2,8
3,10
4,1
5,2
6,9
7,225
8,225
9,3
10,392
11,14
12,11
13,18
14,20
15,12
16,13
17,12
18,182
19,13
20,148
21,183
22,23
23,26
24,22
25,32
26,176
27,23
28,450
29,27
30,24
31,25
32,447
33,36
34,39
35,33
36,40
37,33
38,34
39,40
40,598
41,42
42,44
43,40
44,101
45,598
46,42
47,43
48,49
49,52
50,48
51,48
52,353
53,49
54,364
55,50
56,348
57,58
58,62
59,64
60,67
61,196
62,200
63,58
64,276
65,59
66,276
67,282
68,60
69,71
70,74
71,76
72,77
73,71
74,79
75,70
76,72
77,77
78,80
79,78
80,84
81,78
82,635
83,899
84,894
85,81
86,641
87,90
88,91
89,87
90,94
91,746
92,316
93,312
94,311
95,96
96,101
97,104
98,95
99,96
100,101
101,1038
102,97
103,97
104,100
105,98
106,544
107,111
108,113
109,107
110,116
111,118
112,120
113,122
114,271
115,109
116,156
117,261
118,157
119,112
120,121
121,113
122,261
123,126
124,120
125,556
126,302
127,124
128,124
129,131
130,129
131,135
132,130
133,232
134,233
135,603
136,131
137,131
138,141
139,144
140,138
141,147
142,138
143,139
144,151
145,140
146,140
147,186
148,143
149,150
150,188
151,147
152,155
153,152
154,159
155,160
156,161
157,153
158,154
159,242
160,19
161,16
162,163
163,167
164,162
165,169
166,563
167,571
168,165
169,172
170,168
171,172
172,174
173,171
174,175
175,176
176,178
177,180
178,266
179,441
180,442
181,148
182,148
183,149
184,186
185,184
186,192
187,184
188,151
189,186
190,187
191,66
192,194
193,187
194,61
195,194
196,200
197,201
198,63
199,202
200,200
201,196
202,206
203,199
204,200
205,201
206,209
207,202
208,1065
209,1066
210,207
211,246
212,203
213,203
214,212
215,214
216,214
217,215
218,216
219,594
220,223
221,220
222,67
223,596
224,221
225,870
226,7
227,790
228,5
229,226
230,273
231,233
232,236
233,291
234,236
235,232
236,240
237,235
238,235
239,240
240,241
241,18
242,241
243,282
244,248
245,211
246,548
247,250
248,252
249,250
250,872
251,366
252,254
253,243
254,360
255,596
256,17
257,16
258,15
259,256
260,257
261,260
262,122
263,261
264,262
265,263
266,259
267,576
268,266
269,267
270,158
271,270
272,6
273,6
274,226
275,64
276,63
277,65
278,66
279,278
280,278
281,276
282,547
283,197
284,205
285,522
286,283
287,283
288,286
289,287
290,145
291,159
292,291
293,299
294,293
295,294
296,300
297,295
298,296
299,292
300,299
301,303
302,301
303,305
304,306
305,557
306,589
307,680
308,309
309,559
310,560
311,313
312,315
313,318
314,312
315,763
316,94
317,841
318,763
319,322
320,319
321,327
322,329
323,321
324,320
325,320
326,731
327,322
328,322
329,330
330,85
331,330
332,715
333,337
334,339
335,333
336,341
337,339
338,633
339,77
340,336
341,639
342,337
343,344
344,344
345,343
346,343
347,344
348,344
349,345
350,345
351,350
352,346
353,353
354,354
355,353
356,354
357,354
358,355
359,359
360,361
361,364
362,360
363,254
364,659
365,54
366,362
367,362
368,369
369,374
370,375
371,373
372,193
373,369
374,584
375,21
376,372
377,371
378,457
379,381
380,384
381,387
382,379
383,380
384,392
385,380
386,381
387,875
388,382
389,874
390,383
391,383
392,879
393,385
394,385
395,385
396,394
397,400
398,396
399,396
400,402
401,397
402,408
403,400
404,401
405,401
406,407
407,410
408,406
409,412
410,835
411,847
412,962
413,416
414,413
415,413
416,422
417,422
418,414
419,414
420,415
421,415
422,429
423,416
424,429
425,417
426,427
427,431
428,432
429,426
430,435
431,438
432,430
433,428
434,437
435,439
436,434
437,435
438,440
439,751
440,731
441,180
442,446
443,445
444,441
445,585
446,460
447,450
448,32
449,669
450,444
451,449
452,453
453,454
454,462
455,463
456,457
457,373
458,456
459,378
460,458
461,459
462,464
463,681
464,465
465,468
466,469
467,466
468,170
469,550
470,39
471,472
472,475
473,475
474,476
475,494
476,624
477,473
478,624
479,480
480,484
481,485
482,479
483,484
484,626
485,498
486,500
487,482
488,487
489,490
490,492
491,489
492,494
493,495
494,496
495,511
496,496
497,485
498,501
499,497
500,498
501,503
502,38
503,502
504,502
505,470
506,501
507,500
508,510
509,77
510,510
511,515
512,517
513,339
514,520
515,515
516,517
517,517
518,518
519,518
520,517
521,694
522,524
523,526
524,218
525,522
526,791
527,274
528,274
529,274
530,527
531,528
532,528
533,390
534,272
535,533
536,882
537,390
538,535
539,535
540,541
541,542
542,567
543,682
544,545
545,348
546,204
547,546
548,204
549,553
550,673
551,549
552,554
553,619
554,551
555,679
556,552
557,297
558,298
559,307
560,552
561,562
562,265
563,565
564,566
565,568
566,264
567,564
568,569
569,570
570,582
571,570
572,575
573,572
574,572
575,578
576,578
577,574
578,461
579,575
580,378
581,377
582,583
583,1033
584,279
585,446
586,585
587,305
588,617
589,558
590,567
591,609
592,265
593,105
594,255
595,255
596,254
597,365
598,631
599,104
600,217
601,213
602,146
603,288
604,288
605,289
606,605
607,606
608,292
609,611
610,613
611,615
612,610
613,611
614,591
615,158
616,588
617,621
618,614
619,614
620,619
621,622
622,608
623,624
624,626
625,628
626,496
627,629
628,496
629,518
630,628
631,510
632,342
633,635
634,74
635,638
636,637
637,350
638,636
639,349
640,637
641,638
642,649
643,640
644,351
645,643
646,352
647,711
648,652
649,359
650,651
651,648
652,720
653,359
654,656
655,659
656,356
657,654
658,655
659,657
660,658
661,660
662,660
663,661
664,658
665,667
666,873
667,367
668,443
669,668
670,451
671,174
672,671
673,671
674,672
675,30
676,675
677,676
678,621
679,616
680,589
681,677
682,590
683,630
684,685
685,686
686,486
687,685
688,505
689,516
690,691
691,692
692,224
693,705
694,520
695,689
696,599
697,599
698,695
699,698
700,698
701,702
702,703
703,224
704,702
705,703
706,692
707,705
708,706
709,645
710,647
711,650
712,85
713,710
714,718
715,714
716,717
717,357
718,711
719,723
720,720
721,652
722,651
723,718
724,723
725,719
726,715
727,724
728,727
729,727
730,729
731,327
732,324
733,324
734,736
735,732
736,325
737,736
738,438
739,740
740,738
741,738
742,736
743,323
744,325
745,746
746,747
747,749
748,91
749,912
750,914
751,326
752,439
753,743
754,743
755,754
756,753
757,758
758,759
759,424
760,741
761,741
762,755
763,325
764,436
765,436
766,762
767,766
768,767
769,767
770,768
771,423
772,423
773,774
774,777
775,773
776,421
777,787
778,788
779,764
780,779
781,779
782,803
783,805
784,764
785,781
786,777
787,968
788,760
789,217
790,600
791,789
792,979
793,769
794,769
795,770
796,794
797,798
798,433
799,797
800,798
801,799
802,433
803,795
804,817
805,842
806,823
807,803
808,791
809,812
810,809
811,972
812,216
813,418
814,815
815,813
816,827
817,807
818,804
819,796
820,771
821,772
822,772
823,801
824,801
825,418
826,815
827,826
828,829
829,827
830,828
831,819
832,821
833,826
834,822
835,833
836,835
837,823
838,839
839,832
840,839
841,315
842,317
843,317
844,806
845,840
846,842
847,848
848,832
849,402
850,314
851,843
852,850
853,851
854,93
855,854
856,854
857,530
858,531
859,531
860,858
861,858
862,1081
863,859
864,136
865,136
866,864
867,864
868,865
869,865
870,600
871,875
872,363
873,876
874,387
875,790
876,601
877,389
878,215
879,387
880,387
881,9
882,273
883,882
884,115
885,841
886,763
887,888
888,527
889,996
890,889
891,891
892,891
893,891
894,891
895,897
896,892
897,893
898,895
899,896
900,898
901,900
902,901
903,902
904,901
905,904
906,904
907,905
908,906
909,907
910,907
911,908
912,905
913,909
914,910
915,903
916,915
917,915
918,921
919,922
920,919
921,924
922,936
923,922
924,388
925,926
926,928
927,929
928,937
929,938
930,929
931,877
932,931
933,924
934,382
935,936
936,941
937,942
938,937
939,938
940,945
941,946
942,947
943,942
944,949
945,946
946,934
947,877
948,947
949,948
950,955
951,946
952,947
953,952
954,957
955,951
956,950
957,953
958,952
959,751
960,326
961,802
962,410
963,964
964,966
965,966
966,1036
967,829
968,788
969,968
970,812
971,811
972,974
973,970
974,970
975,973
976,977
977,974
978,972
979,971
980,536
981,386
982,878
983,982
984,890
985,890
986,984
987,984
988,989
989,992
990,988
991,994
992,888
993,1001
994,989
995,991
996,992
997,996
998,997
999,1001
1000,999
1001,994
1002,993
1003,722
1004,722
1005,1003
1006,1007
1007,1008
1008,1011
1009,1013
1010,704
1011,1019
1012,1017
1013,1015
1014,1009
1015,1017
1016,1013
1017,1018
1018,1019
1019,593
1020,1023
1021,1023
1022,1020
1023,487
1024,687
1025,686
1026,1025
1027,267
1028,260
1029,1028
1030,1028
1031,1033
1032,1034
1033,1035
1034,1029
1035,1034
1036,836
1037,1036
1038,1038
1039,504
1040,504
1041,1039
1042,1039
1043,1045
1044,1048
1045,1049
1046,1040
1047,1044
1048,1054
1049,1053
1050,1046
1051,1041
1052,1055
1053,1042
1054,1049
1055,1054
1056,1058
1057,1051
1058,1053
1059,1057
1060,1059
1061,1057
1062,834
1063,834
1064,208
1065,1071
1066,1068
1067,1066
1068,1071
1069,1067
1070,1068
1071,1072
1072,1072
1073,1065
1074,1073
1075,1073
1076,548
1077,592
1078,228
1079,587
1080,587
1081,1084
1082,862
1083,863
1084,860
1085,1081
1086,1082
1087,1082
1088,1092
1089,1087
1090,1088
1091,1092
1092,1084
1093,1084
1094,860
