# number,coord_x,coord_y,evacuation,reward
0,368559.958704,3710936.782719,0,1
1,368553.795414,3710950.008912,0,1
2,368570.260227,3710940.934081,0,1
3,368552.300375,3710933.704322,0,1
4,368547.797927,3710965.173659,0,1
5,368564.419778,3710954.677108,0,1
6,368542.146958,3710945.166172,0,1
7,368576.405514,3710943.400991,0,1
8,368733.542798,3710535.218226,0,1
9,368546.195071,3710937.569472,0,1
10,368701.193700,3710559.281599,0,1
11,370540.607571,3710415.293711,0,1
12,370553.552026,3710419.156577,0,1
13,370538.224263,3710424.563917,0,1
14,370500.182645,3710391.726971,0,1
15,370555.733084,3710412.805826,0,1
16,370546.690312,3710426.601630,0,1
17,370806.713840,3710453.242383,0,1
18,370531.378715,3710421.118148,0,1
19,370437.076682,3710810.190108,0,1
20,370489.845881,3710384.235871,0,1
21,370507.050215,3710381.609057,0,1
22,372631.749152,3710824.719470,0,1
23,372436.228978,3710773.054400,0,1
24,372636.248714,3710891.045558,0,1
25,372869.335335,3710881.533313,0,1
26,371884.946929,3710671.577908,0,1
27,372404.016234,3710852.853384,0,1
28,372443.595325,3710734.551633,0,1
29,372359.348728,3710917.224825,0,1
30,372639.108565,3710933.117012,0,1
31,372869.615968,3710915.454323,0,1
32,372754.163277,3710747.910060,0,1
33,367233.597644,3708368.286808,0,1
34,367243.957935,3708380.509870,0,1
35,367237.886259,3708364.645542,0,1
36,367228.730549,3708372.424021,0,1
37,367206.432226,3708314.052030,0,1
38,367247.346712,3708376.293213,0,1
39,367271.924975,3708407.639915,0,1
40,367262.123202,3708412.355227,0,1
41,367373.586488,3708452.742377,0,1
42,367397.456848,3708464.081000,0,1
43,367277.737934,3708413.493216,0,1
44,367443.665033,3708519.562620,0,1
45,367201.404457,3708587.366073,0,1
46,367385.085330,3708442.735902,0,1
47,367282.624013,3708408.036011,0,1
48,368638.179625,3709356.939798,0,1
49,368593.852851,3709468.913277,0,1
50,368847.744437,3709426.449176,0,1
51,368450.581797,3709271.774800,0,1
52,368558.425186,3709559.682894,0,1
53,368387.328336,3709390.162863,0,1
54,368801.307743,3709548.032373,0,1
55,369050.900894,3709505.188487,0,1
56,368268.422347,3709166.077292,0,1
57,369751.784654,3709782.726096,0,1
58,369741.447450,3709855.673499,0,1
59,369879.932495,3709822.837922,0,1
60,369328.762989,3709637.604616,0,1
61,369741.591986,3710186.472277,0,1
62,369586.543349,3709866.109200,0,1
63,369843.788328,3709846.904103,0,1
64,369875.819329,3709827.107781,0,1
65,369882.957833,3709817.806440,0,1
66,369899.626368,3709842.844937,0,1
67,369300.539741,3709720.987210,0,1
68,369193.802281,3709576.387768,0,1
69,367532.159090,3709189.080329,0,1
70,367528.795241,3709335.641536,0,1
71,367532.501594,3709173.449282,0,1
72,367522.790519,3709142.818093,0,1
73,367544.826100,3709184.026429,0,1
74,367531.942929,3709387.556679,0,1
75,367611.253833,3709255.367278,0,1
76,367534.723352,3709147.201094,0,1
77,367241.891471,3708805.122436,1,1000
78,367556.490893,3709510.200407,0,1
79,367537.146591,3709430.903968,0,1
80,367525.338060,3709511.205409,0,1
81,367565.369809,3709564.798284,0,1
82,367689.539122,3709320.967256,0,1
83,367468.121078,3709513.068083,0,1
84,367514.635213,3709454.370204,0,1
85,367569.653999,3709623.041520,0,1
86,367776.842097,3709388.484698,0,1
87,366951.156937,3710801.846778,0,1
88,366969.864037,3710670.743449,0,1
89,366921.407660,3710871.184882,0,1
90,367090.102815,3710760.845487,0,1
91,366966.384609,3710585.617021,0,1
92,367086.591207,3710666.580989,0,1
93,366931.458301,3710869.216074,0,1
94,367222.794732,3710728.993348,0,1
95,367704.035428,3708799.576556,0,1
96,367692.230025,3708792.319179,0,1
97,367697.578019,3708812.385850,0,1
98,367713.826718,3708807.987266,0,1
99,367696.039110,3708786.910240,0,1
100,367689.232097,3708796.585767,0,1
101,367473.883678,3708557.475352,0,1
102,367658.825869,3708881.888917,0,1
103,367703.110313,3708815.426290,0,1
104,367690.576006,3708808.533814,0,1
105,367718.399000,3708800.987483,0,1
106,367918.003784,3708932.709035,0,1
107,371024.982694,3711254.092118,0,1
108,371042.013200,3711253.852921,0,1
109,371024.518946,3711262.460364,0,1
110,371025.447631,3711245.812578,0,1
111,370959.914310,3711225.097920,0,1
112,371043.170811,3711269.552273,0,1
113,371059.174167,3711252.258999,0,1
114,370954.479135,3711231.891443,0,1
115,371034.656608,3711270.442624,0,1
116,370606.701922,3711043.455233,0,1
117,371058.494867,3711243.839522,0,1
118,370776.107640,3711060.954259,0,1
119,371061.429542,3711475.464057,0,1
120,371049.477607,3711268.891116,0,1
121,371059.685815,3711258.562488,0,1
122,371120.560143,3711246.956705,0,1
123,371016.593030,3711480.589433,0,1
124,371071.086845,3711473.948452,0,1
125,371012.462181,3711437.071240,0,1
126,370861.820119,3711487.787829,0,1
127,371105.002755,3711471.708813,0,1
128,371161.990083,3711474.417301,0,1
129,370119.591612,3711333.169946,0,1
130,370263.110735,3711107.477784,0,1
131,369916.911401,3711206.404797,0,1
132,370231.441561,3711082.862699,0,1
133,370305.139424,3711058.580238,0,1
134,370433.217270,3711137.726209,0,1
135,369909.653977,3710999.890836,0,1
136,369828.277223,3711237.302426,0,1
137,369590.908703,3711181.103597,0,1
138,370131.792259,3710293.592112,0,1
139,370135.302701,3710278.384396,0,1
140,370092.529729,3710391.449724,0,1
141,370113.613030,3710282.480816,0,1
142,370150.060846,3710289.286776,0,1
143,370151.648541,3710281.657454,0,1
144,370115.075780,3710274.542645,0,1
145,370050.281953,3710503.432463,0,1
146,370415.614082,3710613.637992,0,1
147,369949.100640,3710183.435436,0,1
148,370332.713685,3710312.028707,0,1
149,370153.505114,3710273.991237,0,1
150,370116.217655,3710267.606925,0,1
151,369953.633832,3710180.701477,0,1
152,370587.008671,3711052.924785,0,1
153,370597.243986,3711052.232721,0,1
154,370587.450013,3711058.120181,0,1
155,370465.859932,3711040.058753,0,1
156,370586.463683,3711045.546003,0,1
157,370606.971138,3711051.048435,0,1
158,370597.875124,3711059.111285,0,1
159,370460.805833,3711044.784649,0,1
160,370458.452610,3711032.106873,0,1
161,370462.688139,3711027.979771,0,1
162,371528.621884,3711233.440901,0,1
163,371495.765784,3711233.036483,0,1
164,371642.892309,3711262.270803,0,1
165,371823.371212,3711036.942685,0,1
166,371414.778571,3711230.391360,0,1
167,371485.853330,3711187.621299,0,1
168,371976.082847,3711293.312385,0,1
169,371853.037489,3711000.704364,0,1
170,372061.377985,3711414.736238,0,1
171,371932.470993,3711031.664964,0,1
172,371910.481839,3710881.186420,0,1
173,371900.225343,3711085.570739,0,1
174,371919.599950,3710841.872448,0,1
175,371900.448991,3710737.912764,0,1
176,371749.318992,3710668.725237,0,1
177,371885.701753,3710598.450328,0,1
178,371703.961726,3710670.615828,0,1
179,371998.153056,3710610.152401,0,1
180,371899.729197,3710509.220721,0,1
181,370326.787432,3710348.589871,0,1
182,370486.602060,3710388.915212,0,1
183,370493.935456,3710378.901926,0,1
184,369949.308343,3710171.299879,0,1
185,369945.327365,3710162.647769,0,1
186,369943.840879,3710175.698904,0,1
187,369954.923813,3710166.166901,0,1
188,369960.105200,3710177.043042,0,1
189,369939.935257,3710165.060621,0,1
190,369950.858035,3710160.177598,0,1
191,369923.461619,3710003.764420,0,1
192,369833.458002,3710193.991708,0,1
193,370129.250491,3710108.518877,0,1
194,369778.676464,3710203.903824,0,1
195,369791.072754,3710145.179587,0,1
196,369590.873074,3710142.697689,0,1
197,369829.930124,3710460.117285,0,1
198,369801.351021,3710029.391281,0,1
199,369395.693184,3710083.657919,0,1
200,369579.939918,3709921.084401,1,1000
201,369610.223245,3710267.001816,0,1
202,369390.365015,3710075.024282,0,1
203,369385.796712,3710098.453476,0,1
204,369510.480101,3709906.986624,0,1
205,369202.176233,3710515.955475,0,1
206,369396.543056,3710064.127479,0,1
207,369334.990799,3709997.444505,0,1
208,369431.572974,3710007.336092,0,1
209,369410.627249,3710080.727233,0,1
210,369216.047951,3709921.748154,0,1
211,369358.649827,3709971.405218,0,1
212,369176.258335,3710259.300640,0,1
213,368825.871149,3710407.009279,0,1
214,369058.044121,3710311.550899,0,1
215,369008.357656,3710328.900794,0,1
216,369071.657295,3710342.679344,0,1
217,368827.791210,3710410.221506,0,1
218,369075.597108,3710348.248579,0,1
219,369126.099906,3709541.452279,0,1
220,369116.468268,3709536.781022,0,1
221,369129.390756,3709441.095834,0,1
222,369159.639510,3709673.115454,0,1
223,369110.305343,3709554.265427,0,1
224,369040.967286,3709412.697308,0,1
225,368741.370925,3710535.743685,0,1
226,368575.514051,3710959.749244,0,1
227,368795.995903,3710441.574423,0,1
228,368558.587411,3710970.371930,0,1
229,368564.812575,3710973.248085,0,1
230,368540.295366,3710961.937881,0,1
231,370364.328072,3711101.090696,0,1
232,370276.060461,3710924.258495,0,1
233,370393.381762,3711112.211287,0,1
234,370328.411996,3710927.301912,0,1
235,370251.083591,3710920.724492,0,1
236,370348.814571,3710812.531367,0,1
237,370234.700373,3710931.137202,0,1
238,370252.538931,3710862.602990,0,1
239,370363.613503,3710929.345452,0,1
240,370388.402497,3710809.891326,0,1
241,370430.699008,3710809.055987,0,1
242,370453.488389,3711036.609759,0,1
243,369254.607091,3709812.240377,0,1
244,369058.039752,3709848.613641,0,1
245,369372.975364,3709913.996126,0,1
246,369446.140455,3709914.290744,0,1
247,369051.319532,3709848.993336,0,1
248,369064.280366,3709779.458388,0,1
249,369038.060596,3709847.388038,0,1
250,369051.216206,3709785.696813,0,1
251,369001.080728,3709831.710075,0,1
252,369044.781356,3709773.246692,0,1
253,369121.759637,3709786.096736,0,1
254,369033.221613,3709769.544410,0,1
255,369087.346683,3709647.602817,0,1
256,370833.257999,3710456.523954,0,1
257,370806.937578,3710461.612504,0,1
258,370833.970136,3710451.446170,0,1
259,371463.485172,3710675.241940,0,1
260,371109.802952,3710975.501101,0,1
261,371119.930211,3711239.445963,0,1
262,371185.866260,3711240.315893,0,1
263,371191.620312,3711232.353768,0,1
264,371186.989459,3711249.295038,0,1
265,371192.637682,3711239.670796,0,1
266,371618.455660,3710677.710729,0,1
267,371065.940345,3710723.331041,0,1
268,371628.773201,3710848.295616,0,1
269,371188.535945,3710655.282290,0,1
270,370607.204099,3711056.634790,0,1
271,370773.502475,3711070.305022,0,1
272,368503.505708,3710930.023080,0,1
273,368538.842978,3710952.841439,0,1
274,368720.153019,3710992.733086,0,1
275,369870.745074,3709823.494355,0,1
276,369891.948484,3709841.784154,0,1
277,369131.918480,3709175.792747,0,1
278,369909.767075,3709843.994460,0,1
279,369973.251755,3709849.691706,0,1
280,369928.446901,3709989.102314,0,1
281,369920.425202,3710015.538925,0,1
282,369270.759791,3709815.570061,0,1
283,369980.718006,3710696.599014,0,1
284,369370.266787,3710744.363577,0,1
285,369142.216008,3710481.580398,0,1
286,369947.788348,3710807.147917,0,1
287,370070.187189,3710718.925084,0,1
288,369939.953420,3710840.480203,0,1
289,370044.311990,3710827.138206,0,1
290,370097.344435,3710596.909580,0,1
291,370431.169159,3711072.487597,0,1
292,370463.411216,3711104.514992,0,1
293,370505.914585,3711207.559568,0,1
294,370560.369016,3711279.413103,0,1
295,370592.085379,3711330.456652,0,1
296,370660.873346,3711292.679474,0,1
297,370670.103567,3711391.425072,0,1
298,370650.328075,3711332.502050,0,1
299,370536.111881,3711175.978799,0,1
300,370673.259673,3711257.844979,0,1
301,370797.689818,3711471.181077,0,1
302,370820.911097,3711478.976457,0,1
303,370714.870248,3711422.575238,0,1
304,370836.010609,3711430.364963,0,1
305,370685.225813,3711401.946229,0,1
306,370722.253703,3711396.968525,0,1
307,370848.385691,3711390.506977,0,1
308,370877.568889,3711434.942317,0,1
309,370892.055879,3711384.952864,0,1
310,370919.822655,3711447.062978,0,1
311,367245.027658,3710719.969778,0,1
312,367248.037266,3710724.697170,0,1
313,367327.465227,3710619.685474,0,1
314,367296.494560,3710762.402161,0,1
315,367344.007780,3710599.428323,0,1
316,367235.832683,3710664.089935,0,1
317,367377.395880,3710640.934594,0,1
318,367338.911215,3710597.613155,0,1
319,367452.690461,3710130.782165,0,1
320,367417.905157,3710236.885837,0,1
321,367456.575840,3710134.344169,0,1
322,367474.601218,3710057.040103,0,1
323,367421.295871,3710240.953704,0,1
324,367337.267840,3710141.775789,0,1
325,367386.674345,3710346.750300,0,1
326,367502.747666,3710176.606589,0,1
327,367479.010252,3710062.203020,0,1
328,367448.388576,3710022.022414,0,1
329,367487.872507,3709812.380976,0,1
330,367566.467436,3709666.947779,0,1
331,367540.464934,3709769.547502,0,1
332,367665.018725,3709792.689268,0,1
333,367582.533920,3709029.218913,0,1
334,367541.488233,3709116.920100,0,1
335,367636.839908,3708922.759434,0,1
336,367766.597175,3709159.808905,0,1
337,367296.544559,3708748.995414,0,1
338,367645.921873,3709213.313208,0,1
339,367268.583905,3708772.171212,0,1
340,367838.163630,3709053.912255,0,1
341,367777.386623,3709167.535000,0,1
342,367249.147429,3708670.252158,0,1
343,368039.840315,3709345.552677,0,1
344,368119.790585,3709398.013307,1,1000
345,368009.998894,3709327.041287,0,1
346,368072.176798,3709519.827245,0,1
347,368319.371785,3709506.885617,0,1
348,368192.290381,3709284.154791,0,1
349,367947.477239,3709288.970820,0,1
350,367904.405255,3709410.612488,0,1
351,367957.823803,3709446.068089,0,1
352,368067.906562,3709555.319397,0,1
353,368549.790651,3709581.815002,1,1000
354,368565.689692,3709587.609045,1,1000
355,368486.010433,3709561.502901,0,1
356,368606.916872,3709602.628602,0,1
357,368578.590640,3709567.703361,0,1
358,368356.479049,3709518.788607,0,1
359,368450.241151,3709661.848613,1,1000
360,368993.231007,3709756.546889,0,1
361,368967.313261,3709746.940278,0,1
362,368990.399034,3709764.836591,0,1
363,369029.467421,3709781.062826,0,1
364,368755.993480,3709674.180880,0,1
365,369011.066496,3709620.592276,0,1
366,368970.663269,3709822.497361,0,1
367,369023.023411,3709773.065602,0,1
368,370604.506926,3710178.379355,0,1
369,370631.017846,3710081.604778,0,1
370,370569.635182,3710270.198151,0,1
371,370690.594031,3710200.412951,0,1
372,370367.477243,3710160.583689,0,1
373,370714.205151,3710103.455758,0,1
374,370403.534870,3710029.976669,0,1
375,370518.211634,3710362.694313,0,1
376,370435.174074,3710255.869625,0,1
377,370665.583353,3710301.015536,0,1
378,370870.954583,3710245.492760,0,1
379,368524.193804,3710603.695396,0,1
380,368476.736247,3710700.086377,0,1
381,368741.186449,3710426.107155,0,1
382,368340.740857,3710447.737004,0,1
383,368488.736396,3710768.749222,0,1
384,368671.782147,3710542.636758,0,1
385,368356.049759,3710706.049483,0,1
386,368745.095512,3710444.402839,0,1
387,368784.122520,3710423.664481,0,1
388,368342.563703,3710441.107780,0,1
389,368347.558255,3710448.381323,0,1
390,368470.307601,3710850.304285,0,1
391,368610.904166,3710701.216120,0,1
392,368725.702538,3710517.447466,0,1
393,368274.791188,3710715.300910,0,1
394,368029.046668,3710753.873562,0,1
395,368291.291097,3710727.795885,0,1
396,367994.644098,3710885.448123,0,1
397,367824.842862,3710813.538163,0,1
398,367962.204821,3710941.333666,0,1
399,367916.445817,3710909.799081,0,1
400,367826.713983,3710792.862182,0,1
401,367806.671593,3710812.623092,0,1
402,367827.947803,3710779.215163,0,1
403,367806.034681,3710791.937171,0,1
404,367787.561611,3710811.665490,0,1
405,367800.394545,3710848.619937,0,1
406,367843.201385,3710746.200466,0,1
407,367842.551044,3710698.809087,0,1
408,367832.067554,3710753.861452,0,1
409,367918.782251,3710696.166276,0,1
410,367842.284465,3710657.722872,0,1
411,367778.057477,3710710.707083,0,1
412,367918.532736,3710655.623269,0,1
413,367819.569687,3710446.918073,0,1
414,367824.458201,3710480.277394,0,1
415,367903.394040,3710481.013259,0,1
416,367777.924033,3710420.207362,0,1
417,367823.315182,3710407.817441,0,1
418,367828.865301,3710512.401201,0,1
419,367780.008890,3710486.144341,0,1
420,367908.562936,3710517.906595,0,1
421,367927.485712,3710477.400112,0,1
422,367775.444906,3710401.332293,0,1
423,367761.931235,3710496.828584,0,1
424,367827.714723,3710374.408293,0,1
425,367866.340952,3710412.583732,0,1
426,367751.334189,3710365.686117,0,1
427,367770.073097,3710299.629603,0,1
428,367732.568291,3710358.735052,0,1
429,367766.274416,3710373.410614,0,1
430,367703.822879,3710283.914851,0,1
431,367738.950619,3710218.098989,0,1
432,367678.683120,3710343.116862,0,1
433,367662.435322,3710404.514669,0,1
434,367631.634483,3710357.249246,0,1
435,367575.982000,3710240.799893,0,1
436,367606.627197,3710405.093099,0,1
437,367535.963009,3710349.370597,0,1
438,367649.243848,3710170.511311,0,1
439,367563.952481,3710229.287103,0,1
440,367613.908861,3710158.364937,0,1
441,372023.615704,3710545.402309,0,1
442,371875.670484,3710498.616925,0,1
443,372083.380768,3710363.849750,0,1
444,372102.746958,3710568.061913,0,1
445,371939.755267,3710325.667340,0,1
446,371713.851103,3710302.922141,0,1
447,372746.416794,3710745.084622,0,1
448,372884.209025,3710779.074871,0,1
449,372814.125814,3710500.218379,0,1
450,372458.563007,3710664.052935,0,1
451,372950.843067,3710528.523582,0,1
452,372682.477753,3712006.558147,0,1
453,372710.393878,3711927.870265,0,1
454,372703.150309,3711927.189738,0,1
455,372704.046642,3711744.944432,0,1
456,371144.703752,3710221.309816,0,1
457,370891.589405,3710156.438935,0,1
458,371152.389346,3710221.595161,0,1
459,371032.744082,3710269.675476,0,1
460,371672.179924,3710289.492531,0,1
461,371018.493940,3710345.878626,0,1
462,372504.901823,3711795.444890,0,1
463,372688.447740,3711548.566632,0,1
464,372393.393651,3711749.389840,0,1
465,372284.706753,3711686.463724,0,1
466,372521.892505,3711548.197597,0,1
467,372650.850786,3711615.139012,0,1
468,372156.997919,3711529.813170,0,1
469,372391.434745,3711522.422230,0,1
470,367278.456823,3708404.976999,0,1
471,366575.347838,3707840.689704,0,1
472,366599.260448,3707883.433883,0,1
473,366502.411075,3707967.475781,0,1
474,366636.442700,3707787.974508,0,1
475,366612.990028,3707928.215473,0,1
476,366664.786757,3707865.625557,0,1
477,366500.688411,3707976.593773,0,1
478,366677.381768,3707771.959317,0,1
479,366963.404699,3707842.557456,0,1
480,366947.896343,3707839.100575,0,1
481,367143.792353,3708142.404413,0,1
482,367112.414674,3707882.102191,0,1
483,366904.300921,3707826.926259,0,1
484,366908.555959,3707845.743346,0,1
485,367179.598970,3708214.497461,0,1
486,367188.096249,3708133.975151,0,1
487,367127.779337,3707886.603806,0,1
488,367133.401693,3707913.653366,0,1
489,366538.724979,3708114.730436,0,1
490,366600.001419,3708077.294963,0,1
491,366524.943521,3708129.283342,0,1
492,366661.972914,3708037.011145,0,1
493,366729.704047,3708134.390858,0,1
494,366619.987666,3707947.116505,0,1
495,366737.698846,3708144.128598,0,1
496,366722.950475,3707940.258105,1,1000
497,367186.467937,3708215.389854,0,1
498,367210.670742,3708273.391766,0,1
499,367181.554559,3708197.968033,0,1
500,367215.007817,3708219.987310,0,1
501,367216.138847,3708288.598973,0,1
502,367240.550056,3708357.034123,0,1
503,367220.727571,3708301.345142,0,1
504,367252.287238,3708349.830072,0,1
505,367330.093914,3708373.213030,0,1
506,367246.442864,3708287.061413,0,1
507,367225.426437,3708220.919554,0,1
508,367048.528158,3708548.927353,0,1
509,367176.671453,3708724.761877,0,1
510,367079.235655,3708526.855356,1,1000
511,366842.213627,3708278.009204,0,1
512,366940.074423,3708629.321155,0,1
513,367210.724200,3708698.718180,0,1
514,367083.688244,3708808.600741,0,1
515,366879.053700,3708253.256725,1,1000
516,366908.946081,3708722.455624,0,1
517,367007.104813,3708720.168931,1,1000
518,366913.575153,3708228.114975,1,1000
519,366813.325662,3708091.557359,0,1
520,367053.155608,3708780.652687,0,1
521,367010.042184,3708844.828797,0,1
522,369114.370877,3710427.050615,0,1
523,368814.303941,3710495.456941,0,1
524,369088.246249,3710372.697145,0,1
525,369040.638226,3710422.995696,0,1
526,368813.468781,3710486.651503,0,1
527,368716.219449,3711060.515449,0,1
528,368852.156065,3711002.989595,0,1
529,368948.575811,3710853.521173,0,1
530,368710.746125,3711125.036074,0,1
531,368846.239200,3711121.620355,0,1
532,369397.927064,3710762.830852,0,1
533,368445.272696,3710907.195977,0,1
534,368485.068537,3710922.533792,0,1
535,368414.609224,3710970.186727,0,1
536,368481.314172,3710929.533174,0,1
537,368527.521876,3710822.983799,0,1
538,368322.768075,3711190.266146,0,1
539,368416.035454,3710997.072450,0,1
540,371171.226014,3711466.397472,0,1
541,371204.396067,3711419.507829,0,1
542,371199.998427,3711378.200119,0,1
543,371101.000131,3711430.107493,0,1
544,368092.788813,3709063.033042,0,1
545,368021.436955,3709174.614091,0,1
546,369517.989560,3709859.950821,0,1
547,369454.274081,3709848.903083,0,1
548,369505.440531,3709936.799037,0,1
549,370928.286661,3711266.461436,0,1
550,372188.686444,3711445.151463,0,1
551,370922.477697,3711282.780958,0,1
552,370946.315855,3711354.592317,0,1
553,370889.110977,3711217.973359,0,1
554,370905.423121,3711341.488426,0,1
555,370881.782623,3711271.282589,0,1
556,371007.748447,3711393.028529,0,1
557,370678.681974,3711397.398396,0,1
558,370693.608134,3711346.293680,0,1
559,370852.532938,3711374.259594,0,1
560,370931.114016,3711401.164371,0,1
561,371261.351612,3711246.858777,0,1
562,371258.700497,3711233.353066,0,1
563,371338.347686,3711230.236782,0,1
564,371195.520396,3711322.553829,0,1
565,371318.492948,3711229.725791,0,1
566,371191.842731,3711293.413559,0,1
567,371196.701252,3711337.232579,0,1
568,371316.303880,3711183.375765,0,1
569,371314.653503,3711146.755751,0,1
570,371313.392697,3711108.012302,0,1
571,371430.139611,3711137.117199,0,1
572,371107.308101,3710604.500127,0,1
573,371113.879458,3710595.118582,0,1
574,371073.501307,3710628.996227,0,1
575,371092.571135,3710516.641054,0,1
576,371026.106245,3710670.165577,0,1
577,371047.751867,3710556.688946,0,1
578,371043.892981,3710384.332103,0,1
579,371048.839328,3710535.236994,0,1
580,370849.365288,3710346.459267,0,1
581,370840.254924,3710345.206244,0,1
582,371308.537983,3711100.580198,0,1
583,371295.208816,3711077.568710,0,1
584,370199.948966,3709922.447452,0,1
585,371720.067855,3710294.055920,0,1
586,371734.872362,3710194.890009,0,1
587,370671.151193,3711425.857321,0,1
588,370728.103884,3711227.408822,0,1
589,370733.382002,3711358.358132,0,1
590,371094.384278,3711348.017465,0,1
591,370760.722635,3711110.467949,0,1
592,371193.616126,3711246.855261,0,1
593,369057.611852,3709424.138079,0,1
594,369119.825462,3709558.250595,0,1
595,369094.869615,3709650.228808,0,1
596,369078.760279,3709644.647484,0,1
597,369073.185998,3709642.549538,0,1
598,367155.707850,3708476.404412,0,1
599,367652.468141,3708877.595537,0,1
600,368821.841147,3710413.241479,0,1
601,368832.320978,3710396.352357,0,1
602,370346.640230,3710555.810130,0,1
603,369928.484525,3710892.892504,0,1
604,369627.677950,3710754.960083,0,1
605,370026.611518,3710913.371079,0,1
606,370027.325606,3710919.483273,0,1
607,370194.074830,3710793.366932,0,1
608,370517.674796,3711099.947937,0,1
609,370717.787059,3711098.190719,0,1
610,370706.129075,3711139.569687,0,1
611,370637.857447,3711089.360599,0,1
612,370695.907362,3711175.850056,0,1
613,370632.936416,3711117.130151,0,1
614,370801.501302,3711126.057018,0,1
615,370597.449092,3711092.376668,0,1
616,370768.472792,3711239.487628,0,1
617,370685.163018,3711214.011711,0,1
618,370780.156995,3711199.361581,0,1
619,370834.631978,3711153.815021,0,1
620,370818.612981,3711210.079990,0,1
621,370592.385960,3711173.836062,0,1
622,370565.577422,3711146.603842,0,1
623,366791.354396,3707795.192971,0,1
624,366697.877472,3707856.550680,0,1
625,366934.069492,3707931.208526,0,1
626,366706.502435,3707893.029722,0,1
627,366960.611190,3707994.933511,0,1
628,366735.647214,3707974.895321,0,1
629,367023.792286,3708145.911239,0,1
630,366783.894312,3708050.064552,0,1
631,367109.259584,3708507.754022,0,1
632,367245.775869,3708664.919767,0,1
633,367667.070406,3709236.656307,0,1
634,367636.178212,3709281.042861,0,1
635,367716.148689,3709279.617435,0,1
636,367844.488678,3709375.534643,0,1
637,367871.043813,3709389.454826,0,1
638,367819.327916,3709358.978075,0,1
639,367908.744430,3709266.345074,0,1
640,367847.591380,3709439.871639,0,1
641,367789.057794,3709399.973038,0,1
642,368242.930873,3709617.824910,0,1
643,367842.641418,3709437.266758,0,1
644,367935.487825,3709481.042688,0,1
645,367759.186801,3709553.951305,0,1
646,367995.022336,3709520.174274,0,1
647,367855.095156,3709631.376936,0,1
648,367996.814800,3709696.419863,0,1
649,368286.561110,3709627.841776,0,1
650,367934.496712,3709670.324366,0,1
651,367953.856177,3709677.800072,0,1
652,368012.129705,3709715.839966,0,1
653,368593.180934,3709697.527346,0,1
654,368629.150872,3709611.120023,0,1
655,368718.245555,3709735.836146,0,1
656,368614.301578,3709605.322653,0,1
657,368678.608093,3709630.896308,0,1
658,368751.735269,3709746.869402,0,1
659,368746.527449,3709670.760939,0,1
660,368798.932236,3709762.407287,0,1
661,368910.237000,3709801.349528,0,1
662,368789.962199,3709806.990547,0,1
663,368891.017054,3709836.124148,0,1
664,368739.107844,3709786.855702,0,1
665,369004.313297,3709839.218618,0,1
666,368807.019327,3710382.767508,0,1
667,369023.048340,3709778.998578,0,1
668,372156.006021,3710379.809074,0,1
669,372518.167039,3710445.231525,0,1
670,372967.175893,3710446.429777,0,1
671,372193.800680,3711144.040829,0,1
672,372270.643246,3711136.699808,0,1
673,372197.661340,3711365.626676,0,1
674,372327.166563,3711144.245634,0,1
675,372651.762969,3711114.628419,0,1
676,372663.214371,3711244.874932,0,1
677,372669.282005,3711324.799027,0,1
678,370614.532081,3711152.699876,0,1
679,370842.692085,3711260.317376,0,1
680,370808.041683,3711379.536556,0,1
681,372687.117666,3711531.560836,0,1
682,371097.685385,3711388.552419,0,1
683,366823.977266,3708008.465144,0,1
684,367165.542231,3707925.287835,0,1
685,367181.231026,3708028.844274,0,1
686,367177.907278,3708078.918749,0,1
687,367212.765341,3708029.552130,0,1
688,367497.761311,3708229.781701,0,1
689,366910.861967,3708785.167557,0,1
690,368844.314395,3708715.097151,0,1
691,369124.192996,3709146.652575,0,1
692,369101.765699,3709217.657842,0,1
693,368863.738566,3709158.012373,0,1
694,367007.303066,3708780.985919,0,1
695,366915.090031,3708849.145140,0,1
696,367497.873634,3708743.430402,0,1
697,367574.779288,3709019.266514,0,1
698,366893.354909,3708849.445332,0,1
699,366846.104235,3708850.098098,0,1
700,366564.801894,3708426.586628,0,1
701,368460.839162,3709180.694077,0,1
702,368694.878295,3709274.043146,0,1
703,368811.896163,3709320.725307,0,1
704,368696.818543,3709267.129619,0,1
705,368838.839788,3709235.672890,0,1
706,369065.499194,3709205.418935,0,1
707,368829.844263,3709232.723330,0,1
708,368827.071888,3709044.081675,0,1
709,367731.379647,3709578.731841,0,1
710,367850.839630,3709625.890125,0,1
711,367893.311058,3709674.659765,0,1
712,367694.636570,3709588.663174,0,1
713,367768.673472,3709649.530985,0,1
714,367795.191250,3709760.957982,0,1
715,367755.588395,3709770.939449,0,1
716,368622.995246,3709585.474408,0,1
717,368615.353408,3709582.318063,0,1
718,367868.045950,3709742.546580,0,1
719,367805.861761,3709798.651899,0,1
720,368214.500350,3709644.642067,1,1000
721,368005.949533,3709820.728542,0,1
722,367945.834751,3709705.924274,0,1
723,367873.918493,3709778.565181,0,1
724,367890.849295,3709813.522720,0,1
725,367813.729087,3709831.094182,0,1
726,367771.236558,3709842.357372,0,1
727,367896.510594,3709847.015626,0,1
728,367832.148086,3709859.410256,0,1
729,367851.219967,3709889.957659,0,1
730,367863.528138,3709912.978786,0,1
731,367522.613383,3710104.767051,0,1
732,367311.363716,3710169.636788,0,1
733,367168.440791,3710149.924910,0,1
734,367367.745476,3710263.905009,0,1
735,367251.396266,3710212.939304,0,1
736,367349.356702,3710331.587889,0,1
737,367224.673858,3710275.746624,0,1
738,367990.026078,3710301.181756,0,1
739,368101.190315,3710336.811554,0,1
740,368020.745976,3710282.328580,0,1
741,367965.464109,3710332.183299,0,1
742,367324.714145,3710403.793130,0,1
743,367451.665479,3710270.280181,0,1
744,367372.070015,3710424.157231,0,1
745,366763.282340,3710248.724596,0,1
746,366953.329642,3710241.007118,0,1
747,366943.668338,3709989.443467,0,1
748,367084.535487,3710580.891486,0,1
749,366941.218348,3709925.053067,0,1
750,366757.697900,3709931.626629,0,1
751,367536.567203,3710207.560523,0,1
752,367533.837739,3710292.772275,0,1
753,367519.057317,3710340.586623,0,1
754,367444.598548,3710293.367828,0,1
755,367432.994685,3710330.336563,0,1
756,367497.252159,3710367.281712,0,1
757,367909.916988,3710289.503916,0,1
758,367902.887747,3710307.289463,0,1
759,367891.766564,3710337.585632,0,1
760,367955.482058,3710360.888940,0,1
761,368037.648411,3710382.431553,0,1
762,367422.671169,3710363.139884,0,1
763,367361.329587,3710504.566399,0,1
764,367601.025867,3710420.619011,0,1
765,367592.049423,3710400.092099,0,1
766,367459.127528,3710402.807566,0,1
767,367457.179772,3710415.166894,0,1
768,367514.072720,3710430.653749,0,1
769,367450.660859,3710456.468532,0,1
770,367557.004946,3710470.487778,0,1
771,367738.626758,3710500.264984,0,1
772,367770.748409,3710564.647226,0,1
773,367921.016921,3710427.670850,0,1
774,367930.631182,3710429.058393,0,1
775,367891.776642,3710399.270166,0,1
776,367923.153173,3710623.408893,0,1
777,367937.079246,3710411.569180,0,1
778,368048.640483,3710430.146988,0,1
779,367599.859371,3710439.821425,0,1
780,367646.533551,3710470.122112,0,1
781,367586.144824,3710448.959912,0,1
782,367606.127831,3710491.749198,0,1
783,367565.911851,3710681.848072,0,1
784,367571.408942,3710413.540169,0,1
785,367548.248630,3710416.664510,0,1
786,367915.189205,3710404.372257,0,1
787,367942.927606,3710395.729570,0,1
788,367951.183588,3710373.247094,0,1
789,368814.338309,3710431.831248,0,1
790,368813.734473,3710414.094945,0,1
791,368809.609389,3710467.218362,0,1
792,368863.925943,3710420.586882,0,1
793,367542.229211,3710487.559467,0,1
794,367519.604846,3710497.219849,0,1
795,367563.849343,3710481.872220,0,1
796,367514.799529,3710519.954722,0,1
797,367670.992451,3710472.281368,0,1
798,367666.948513,3710438.910497,0,1
799,367675.628937,3710509.570097,0,1
800,367700.611274,3710434.211511,0,1
801,367684.561029,3710574.891772,0,1
802,367742.977128,3710401.744803,0,1
803,367574.525901,3710510.527172,0,1
804,367572.310350,3710597.317801,0,1
805,367519.256066,3710698.748292,0,1
806,367694.064299,3710647.991065,0,1
807,367583.868001,3710531.980634,0,1
808,368790.395876,3710471.650057,0,1
809,368916.814977,3710438.287951,0,1
810,368925.082481,3710466.999187,0,1
811,368910.951013,3710427.843043,0,1
812,369013.942815,3710384.076802,0,1
813,367831.187358,3710529.315439,0,1
814,367911.629673,3710541.719938,0,1
815,367834.284135,3710551.919502,0,1
816,367912.398867,3710547.687103,0,1
817,367578.900686,3710568.613963,0,1
818,367571.150677,3710602.823493,0,1
819,367507.726397,3710553.389760,0,1
820,367734.203193,3710460.200714,0,1
821,367727.549426,3710570.220009,0,1
822,367794.347146,3710571.154933,0,1
823,367688.418057,3710606.158046,0,1
824,367666.298855,3710574.155640,0,1
825,367782.947135,3710518.842818,0,1
826,367835.151571,3710558.273478,0,1
827,367868.423608,3710554.234756,0,1
828,367914.807746,3710571.620373,0,1
829,367870.165017,3710577.578297,0,1
830,367915.496235,3710578.475875,0,1
831,367500.188102,3710588.117694,0,1
832,367730.225038,3710594.604297,0,1
833,367835.925382,3710563.896773,0,1
834,367800.225433,3710606.241852,0,1
835,367840.777061,3710604.055013,0,1
836,367871.792713,3710599.404017,0,1
837,367647.142268,3710611.749140,0,1
838,367700.327938,3710598.186798,0,1
839,367711.307369,3710596.860398,0,1
840,367716.212994,3710636.174989,0,1
841,367389.139758,3710615.531115,0,1
842,367496.556621,3710710.339517,0,1
843,367357.287924,3710767.170842,0,1
844,367697.395121,3710677.467928,0,1
845,367720.971974,3710674.282745,0,1
846,367464.263968,3710728.129267,0,1
847,367776.663730,3710666.697381,0,1
848,367775.435922,3710628.008788,0,1
849,367851.736772,3710780.674250,0,1
850,367327.513956,3710836.280538,0,1
851,367358.066820,3710835.859666,0,1
852,367296.689851,3710870.941357,0,1
853,367359.459799,3710866.860361,0,1
854,367073.285540,3710802.189807,0,1
855,367112.546910,3710798.775541,0,1
856,366967.131158,3710862.900733,0,1
857,368708.087246,3711165.041937,0,1
858,369084.522818,3711250.768565,0,1
859,368985.596595,3711344.186073,0,1
860,369080.011135,3711264.593008,0,1
861,369121.185309,3711261.948275,0,1
862,369063.668368,3711314.732814,0,1
863,368929.989567,3711473.047401,0,1
864,369816.814541,3711236.503633,0,1
865,369838.221187,3711267.976827,0,1
866,369742.489060,3711225.886188,0,1
867,369734.347169,3711397.086353,0,1
868,369856.580955,3711280.870649,0,1
869,369898.671772,3711316.511621,0,1
870,368801.204745,3710444.830566,0,1
871,368785.592783,3710435.450108,0,1
872,369041.235549,3709785.061708,0,1
873,368813.335308,3710386.152753,0,1
874,368788.290134,3710416.626340,0,1
875,368794.652911,3710419.356605,0,1
876,368827.024840,3710393.507728,0,1
877,368350.438377,3710441.632290,0,1
878,369015.337148,3710348.635363,0,1
879,368780.629168,3710432.467890,0,1
880,368600.935120,3710579.846322,0,1
881,368455.579298,3710900.833493,0,1
882,368501.600347,3710937.751349,0,1
883,368475.349604,3710972.262600,0,1
884,371036.146957,3711288.100491,0,1
885,367452.062523,3710637.954760,0,1
886,367463.977048,3710542.590777,0,1
887,368724.985342,3711113.507605,0,1
888,368725.691549,3711083.554044,0,1
889,368743.699750,3711107.308064,0,1
890,368743.013147,3711116.899481,0,1
891,367421.215839,3709353.601541,1,1000
892,367423.100831,3709406.875988,0,1
893,367393.586617,3709354.846812,0,1
894,367505.124747,3709403.862310,0,1
895,367336.750119,3709410.049755,0,1
896,367424.917237,3709457.866763,0,1
897,367334.770395,3709356.676794,0,1
898,367338.653323,3709461.238966,0,1
899,367426.921384,3709514.400151,0,1
900,367340.724493,3709517.205827,0,1
901,367284.008771,3709519.040513,0,1
902,367286.486752,3709580.912957,0,1
903,367289.533883,3709657.128536,0,1
904,366933.316738,3709533.892368,0,1
905,366931.513252,3709670.329357,0,1
906,366846.679118,3709534.379574,0,1
907,366851.459950,3709673.276429,0,1
908,366757.720846,3709537.683349,0,1
909,366763.106204,3709676.538587,0,1
910,366856.039108,3709806.320355,0,1
911,366720.664981,3709539.060950,0,1
912,366936.582779,3709803.311046,0,1
913,366730.368131,3709677.745556,0,1
914,366768.262876,3709809.607811,0,1
915,367294.846933,3709789.940476,0,1
916,367068.850974,3709798.379682,0,1
917,367299.958588,3709917.575998,0,1
918,368349.832762,3710266.845526,0,1
919,368333.461136,3710286.887767,0,1
920,368282.638109,3710281.848929,0,1
921,368354.885533,3710269.537963,0,1
922,368327.355332,3710321.318056,0,1
923,368249.181337,3710316.597893,0,1
924,368341.520703,3710433.098167,0,1
925,368379.294047,3710268.672054,0,1
926,368378.571685,3710286.504117,0,1
927,368515.375095,3710296.546680,0,1
928,368375.675293,3710324.694501,0,1
929,368512.922539,3710333.267015,0,1
930,368553.355090,3710334.522865,0,1
931,368348.250795,3710433.810222,0,1
932,368361.697807,3710272.516886,0,1
933,368344.556495,3710276.344442,0,1
934,368336.455668,3710440.714391,0,1
935,368212.022168,3710351.608361,0,1
936,368324.709607,3710359.482859,0,1
937,368372.926009,3710362.771976,0,1
938,368510.659231,3710370.239848,0,1
939,368573.376557,3710373.631448,0,1
940,368187.630669,3710388.318518,0,1
941,368322.079757,3710397.447824,0,1
942,368370.027667,3710401.494732,0,1
943,368508.690346,3710409.726174,0,1
944,368574.160630,3710414.754825,0,1
945,368205.254419,3710431.984083,0,1
946,368319.162866,3710439.553419,0,1
947,368367.228917,3710442.744731,0,1
948,368505.011879,3710451.897526,0,1
949,368567.609103,3710456.055938,0,1
950,368209.831503,3710454.900680,0,1
951,368317.628165,3710461.821655,0,1
952,368364.400026,3710484.505304,0,1
953,368502.166799,3710494.556571,0,1
954,368498.973491,3710542.321936,0,1
955,368281.984064,3710459.525377,0,1
956,368209.096039,3710493.471931,0,1
957,368500.724614,3710516.146987,0,1
958,368395.935483,3710529.411705,0,1
959,367507.636959,3710261.258852,0,1
960,367460.703688,3710234.511273,0,1
961,367761.002418,3710399.412311,0,1
962,367876.083792,3710656.937498,0,1
963,367918.143177,3710633.991281,0,1
964,367874.739694,3710638.856435,0,1
965,367917.646174,3710609.943065,0,1
966,367873.011084,3710615.767795,0,1
967,367870.676175,3710584.369688,0,1
968,367948.945751,3710379.399661,0,1
969,367917.128226,3710366.948921,0,1
970,369010.372159,3710376.284507,0,1
971,368897.725175,3710411.553930,0,1
972,368929.753468,3710423.228653,0,1
973,368997.783565,3710362.448647,0,1
974,368957.940820,3710405.888003,0,1
975,368940.756250,3710380.591901,0,1
976,368916.502841,3710395.561180,0,1
977,368936.301446,3710401.347062,0,1
978,368915.474981,3710407.397455,0,1
979,368891.663666,3710411.847157,0,1
980,368446.573610,3710915.396160,0,1
981,368730.289078,3710445.741389,0,1
982,369026.560607,3710344.734211,0,1
983,369032.162980,3710360.539365,0,1
984,368742.246039,3711135.574989,0,1
985,368776.980391,3711119.020578,0,1
986,368741.774433,3711154.124475,0,1
987,368776.067728,3711137.243359,0,1
988,368779.660979,3711082.629905,0,1
989,368745.147766,3711081.348011,0,1
990,368825.421938,3711085.954580,0,1
991,368780.248790,3711064.422643,0,1
992,368744.845724,3711089.170821,0,1
993,368780.930060,3711044.894357,0,1
994,368746.121607,3711062.847133,0,1
995,368800.078419,3711065.760543,0,1
996,368744.289428,3711098.782642,0,1
997,368778.021858,3711100.707319,0,1
998,368833.876481,3711048.631324,0,1
999,368781.554873,3711026.675502,0,1
1000,368802.436204,3711028.165435,0,1
1001,368746.837989,3711043.174189,0,1
1002,368801.685794,3711046.031107,0,1
1003,367937.902148,3709733.747829,0,1
1004,367978.019734,3709714.532892,0,1
1005,367972.182171,3709739.333307,0,1
1006,368459.638393,3709184.603174,0,1
1007,368528.091942,3709212.259772,0,1
1008,368702.081494,3709281.808020,0,1
1009,368537.019893,3709249.057646,0,1
1010,368464.528412,3709174.654938,0,1
1011,368845.562137,3709340.517886,0,1
1012,368694.744253,3709293.519568,0,1
1013,368579.083131,3709265.330032,0,1
1014,368544.984248,3709236.339287,0,1
1015,368642.662715,3709294.650892,0,1
1016,368575.010128,3709250.047671,0,1
1017,368825.768351,3709347.530254,0,1
1018,368920.234454,3709380.247501,0,1
1019,368930.939230,3709375.011421,0,1
1020,367169.066575,3707915.391020,0,1
1021,367150.330052,3707913.641861,0,1
1022,367184.358245,3707920.670055,0,1
1023,367145.510867,3707892.281677,0,1
1024,367185.434742,3707923.949063,0,1
1025,367226.337293,3708077.952096,0,1
1026,367274.799719,3708190.672627,0,1
1027,371114.854514,3710677.694372,0,1
1028,371155.435771,3710972.095688,0,1
1029,371157.690922,3711010.138239,0,1
1030,371227.125958,3711005.838024,0,1
1031,371231.707099,3711081.012795,0,1
1032,371161.409520,3711084.670219,0,1
1033,371230.126853,3711057.300861,0,1
1034,371159.423302,3711047.289479,0,1
1035,371229.398600,3711043.126212,0,1
1036,367872.440563,3710608.034536,0,1
1037,367917.482940,3710602.104406,0,1
1038,367429.691790,3708665.094116,1,1000
1039,367268.631268,3708341.176296,0,1
1040,367243.736756,3708337.471168,0,1
1041,367298.552252,3708325.326497,0,1
1042,367261.513482,3708327.943689,0,1
1043,367244.011904,3708295.390495,0,1
1044,367253.511197,3708290.291174,0,1
1045,367247.835465,3708302.502214,0,1
1046,367236.694543,3708320.622075,0,1
1047,367272.924765,3708279.865038,0,1
1048,367257.154443,3708297.128120,0,1
1049,367252.755664,3708311.661640,0,1
1050,367243.563389,3708316.790006,0,1
1051,367296.163285,3708320.512895,0,1
1052,367292.512067,3708289.476853,0,1
1053,367257.456403,3708320.402657,0,1
1054,367262.344323,3708306.306017,0,1
1055,367268.199030,3708303.042453,0,1
1056,367275.828011,3708317.975943,0,1
1057,367290.965177,3708310.059702,0,1
1058,367273.270912,3708313.098120,0,1
1059,367287.372350,3708302.833887,0,1
1060,367291.944747,3708300.231235,0,1
1061,367296.113033,3708307.415858,0,1
1062,367831.068723,3710601.892530,0,1
1063,367831.876291,3710637.049054,0,1
1064,369486.460418,3709983.236127,0,1
1065,369523.828790,3710029.076211,0,1
1066,369469.078500,3710094.130555,0,1
1067,369466.933317,3710101.712113,0,1
1068,369519.572049,3710070.045939,0,1
1069,369501.396013,3710109.995398,0,1
1070,369500.906729,3710065.651962,0,1
1071,369524.723633,3710053.307458,0,1
1072,369485.610959,3710044.632382,1,1000
1073,369530.015535,3710009.207343,0,1
1074,369517.093148,3710005.678221,0,1
1075,369502.703562,3709967.900006,0,1
1076,369551.072877,3710018.060553,0,1
1077,371254.289463,3711241.042116,0,1
1078,368489.090173,3711080.305726,0,1
1079,370717.410009,3711457.475421,0,1
1080,370659.785618,3711432.952493,0,1
1081,369069.615049,3711296.474895,0,1
1082,369044.042077,3711309.864904,0,1
1083,368995.588298,3711468.960585,0,1
1084,369074.175663,3711282.494515,0,1
1085,369166.410036,3711324.315623,0,1
1086,368914.839925,3711279.194874,0,1
1087,369040.286037,3711324.610681,0,1
1088,369048.053940,3711293.441010,0,1
1089,368914.763844,3711296.119767,0,1
1090,368914.261976,3711262.667047,0,1
1091,368913.770991,3711248.433737,0,1
1092,369051.705145,3711278.497037,0,1
1093,369167.844693,3711308.913846,0,1
1094,369171.894061,3711292.500593,0,1
