codeLink,weight,sim
0,0,1800
1,0,1800
2,0,1800
3,0,1800
4,1,1800
5,1,1800
6,0,1800
7,1,1800
8,6,1800
9,3,1800
10,2,1800
11,1,1800
12,0,1800
13,1,1800
14,1,1800
15,3,1800
16,3,1800
17,3,1800
18,1,1800
19,0,1800
20,1,1800
21,2,1800
22,0,1800
23,0,1800
24,0,1800
25,1,1800
26,1,1800
27,0,1800
28,0,1800
29,1,1800
30,1,1800
31,2,1800
32,1,1800
33,1,1800
34,1,1800
35,0,1800
36,0,1800
37,0,1800
38,1,1800
39,0,1800
40,1,1800
41,3,1800
42,2,1800
43,0,1800
44,1,1800
45,1,1800
46,1,1800
47,7,1800
48,16,1800
49,11,1800
50,3,1800
51,1,1800
52,4,1800
53,2,1800
54,0,1800
55,0,1800
56,4,1800
57,5,1800
58,2,1800
59,9,1800
60,0,1800
61,1,1800
62,2,1800
63,2,1800
64,0,1800
65,2,1800
66,8,1800
67,0,1800
68,1,1800
69,0,1800
70,1,1800
71,1,1800
72,0,1800
73,3,1800
74,2,1800
75,1,1800
76,2,1800
77,0,1800
78,1,1800
79,0,1800
80,1,1800
81,0,1800
82,9,1800
83,0,1800
84,7,1800
85,1,1800
86,1,1800
87,0,1800
88,4,1800
89,3,1800
90,2,1800
91,3,1800
92,2,1800
93,3,1800
94,2,1800
95,2,1800
96,2,1800
97,11,1800
98,15,1800
99,17,1800
100,15,1800
101,3,1800
102,44,1800
103,1,1800
104,5,1800
105,1,1800
106,2,1800
107,1,1800
108,4,1800
109,3,1800
110,5,1800
111,6,1800
112,2,1800
113,6,1800
114,3,1800
115,8,1800
116,5,1800
117,1,1800
118,2,1800
119,2,1800
120,1,1800
121,0,1800
122,4,1800
123,0,1800
124,1,1800
125,2,1800
126,0,1800
127,37,1800
128,14,1800
129,0,1800
130,0,1800
131,5,1800
132,15,1800
133,1,1800
134,3,1800
135,4,1800
136,0,1800
137,0,1800
138,0,1800
139,0,1800
140,0,1800
141,0,1800
142,0,1800
143,0,1800
144,0,1800
145,54,1800
146,39,1800
147,12,1800
148,14,1800
149,1,1800
150,2,1800
151,3,1800
152,2,1800
153,7,1800
154,26,1800
155,1,1800
156,16,1800
157,1,1800
158,18,1800
159,16,1800
160,17,1800
161,2,1800
162,1,1800
163,1,1800
164,0,1800
165,0,1800
166,4,1800
167,2,1800
168,0,1800
169,4,1800
170,1,1800
171,0,1800
172,1,1800
173,29,1800
174,7,1800
175,0,1800
176,0,1800
177,0,1800
178,1,1800
179,4,1800
180,4,1800
181,8,1800
182,0,1800
183,5,1800
184,0,1800
185,17,1800
186,2,1800
187,9,1800
188,1,1800
189,1,1800
190,9,1800
191,29,1800
192,0,1800
193,0,1800
194,0,1800
195,0,1800
196,0,1800
197,0,1800
198,1,1800
199,1,1800
200,0,1800
201,1,1800
202,3,1800
203,2,1800
204,4,1800
205,2,1800
206,1,1800
207,12,1800
208,0,1800
209,1,1800
210,4,1800
211,1,1800
212,5,1800
213,1,1800
214,1,1800
215,2,1800
216,1,1800
217,1,1800
218,0,1800
219,0,1800
220,0,1800
221,0,1800
222,0,1800
223,4,1800
224,25,1800
225,0,1800
226,11,1800
227,10,1800
228,1,1800
229,4,1800
230,7,1800
231,13,1800
232,3,1800
233,4,1800
234,1,1800
235,1,1800
236,6,1800
237,1,1800
238,0,1800
239,1,1800
240,0,1800
241,2,1800
242,0,1800
243,1,1800
244,1,1800
245,1,1800
246,2,1800
247,28,1800
248,16,1800
249,24,1800
250,212,1800
251,38,1800
252,63,1800
253,1,1800
254,2,1800
255,85,1800
256,41,1800
257,3,1800
258,1,1800
259,5,1800
260,8,1800
261,0,1800
262,0,1800
263,1,1800
264,3,1800
265,4,1800
266,1,1800
267,0,1800
268,0,1800
269,5,1800
270,6,1800
271,3,1800
272,9,1800
273,25,1800
274,16,1800
275,5,1800
276,1,1800
277,24,1800
278,0,1800
279,1,1800
280,1,1800
281,5,1800
282,8,1800
283,7,1800
284,2,1800
285,1,1800
286,36,1800
287,0,1800
288,3,1800
289,1,1800
290,4,1800
291,0,1800
292,12,1800
293,8,1800
294,0,1800
295,2,1800
296,1,1800
297,104,1800
298,7,1800
299,1,1800
300,10,1800
301,9,1800
302,21,1800
303,7,1800
304,19,1800
305,15,1800
306,4,1800
307,8,1800
308,5,1800
309,2,1800
310,1,1800
311,1,1800
312,3,1800
313,4,1800
314,1,1800
315,3,1800
316,4,1800
317,0,1800
318,1,1800
319,0,1800
320,1,1800
321,0,1800
322,0,1800
323,0,1800
324,2,1800
325,9,1800
326,1,1800
327,4,1800
328,20,1800
329,39,1800
330,1,1800
331,3,1800
332,3,1800
333,6,1800
334,0,1800
335,0,1800
336,1,1800
337,1,1800
338,1,1800
339,1,1800
340,1,1800
341,0,1800
342,0,1800
343,2,1800
344,3,1800
345,5,1800
346,1,1800
347,0,1800
348,1,1800
349,1,1800
350,1,1800
351,1,1800
352,1,1800
353,2,1800
354,1,1800
355,1,1800
356,0,1800
357,6,1800
358,18,1800
359,24,1800
360,2,1800
361,0,1800
362,1,1800
363,1,1800
364,0,1800
365,2,1800
366,2,1800
367,1,1800
368,0,1800
369,0,1800
370,0,1800
371,1,1800
372,1,1800
373,2,1800
374,3,1800
375,0,1800
376,1,1800
377,2,1800
378,1,1800
379,1,1800
380,2,1800
381,2,1800
382,5,1800
383,4,1800
384,16,1800
385,13,1800
386,2,1800
387,1,1800
388,7,1800
389,1,1800
390,6,1800
391,24,1800
392,6,1800
393,3,1800
394,3,1800
395,3,1800
396,3,1800
397,4,1800
398,4,1800
399,7,1800
400,2,1800
401,1,1800
402,1,1800
403,1,1800
404,1,1800
405,2,1800
406,0,1800
407,1,1800
408,0,1800
409,0,1800
410,41,1800
411,14,1800
412,8,1800
413,45,1800
414,4,1800
415,12,1800
416,1,1800
417,0,1800
418,0,1800
419,7,1800
420,10,1800
421,0,1800
422,1,1800
423,1,1800
424,1,1800
425,6,1800
426,2,1800
427,3,1800
428,1,1800
429,1,1800
430,4,1800
431,6,1800
432,1,1800
433,5,1800
434,3,1800
435,1,1800
436,5,1800
437,0,1800
438,1,1800
439,4,1800
440,4,1800
441,3,1800
442,1,1800
443,1,1800
444,4,1800
445,2,1800
446,2,1800
447,11,1800
448,13,1800
449,2,1800
450,2,1800
451,2,1800
452,2,1800
453,2,1800
454,4,1800
455,4,1800
456,2,1800
457,3,1800
458,3,1800
459,2,1800
460,2,1800
461,1,1800
462,2,1800
463,8,1800
464,20,1800
465,1,1800
466,2,1800
467,1,1800
468,9,1800
469,3,1800
470,32,1800
471,1,1800
472,2,1800
473,6,1800
474,9,1800
475,12,1800
476,1,1800
477,1,1800
478,4,1800
479,2,1800
480,2,1800
481,3,1800
482,2,1800
483,2,1800
484,3,1800
485,14,1800
486,1,1800
487,14,1800
488,0,1800
489,1,1800
490,1,1800
491,1,1800
492,0,1800
493,0,1800
494,4,1800
495,2,1800
496,4,1800
497,1,1800
498,3,1800
499,1,1800
500,10,1800
501,4,1800
502,23,1800
503,10,1800
504,1,1800
505,2,1800
506,4,1800
507,1,1800
508,1,1800
509,1,1800
510,3,1800
511,3,1800
512,10,1800
513,0,1800
514,13,1800
515,21,1800
516,9,1800
517,6,1800
518,6,1800
519,12,1800
520,19,1800
521,3,1800
522,8,1800
523,1,1800
524,5,1800
525,2,1800
526,2,1800
527,0,1800
528,0,1800
529,1,1800
530,3,1800
531,0,1800
532,2,1800
533,2,1800
534,1,1800
535,1,1800
536,1,1800
537,7,1800
538,1,1800
539,34,1800
540,4,1800
541,1,1800
542,1,1800
543,3,1800
544,5,1800
545,5,1800
546,2,1800
547,5,1800
548,6,1800
549,1,1800
550,1,1800
551,0,1800
552,0,1800
553,5,1800
554,23,1800
555,9,1800
556,16,1800
557,1,1800
558,1,1800
559,2,1800
560,0,1800
561,2,1800
562,1,1800
563,2,1800
564,8,1800
565,10,1800
566,3,1800
567,26,1800
568,2,1800
569,1,1800
570,1,1800
571,2,1800
572,2,1800
573,1,1800
574,2,1800
575,1,1800
576,7,1800
577,18,1800
578,4,1800
579,2,1800
580,3,1800
581,11,1800
582,2,1800
583,6,1800
584,1,1800
585,0,1800
586,10,1800
587,2,1800
588,1,1800
589,1,1800
590,13,1800
591,1,1800
592,4,1800
593,1,1800
594,0,1800
595,5,1800
596,0,1800
597,0,1800
598,0,1800
599,1,1800
600,4,1800
601,2,1800
602,6,1800
603,0,1800
604,0,1800
605,1,1800
606,7,1800
607,11,1800
608,1,1800
609,2,1800
610,31,1800
611,18,1800
612,4,1800
613,8,1800
614,1,1800
615,7,1800
616,1,1800
617,7,1800
618,2,1800
619,1,1800
620,1,1800
621,3,1800
622,2,1800
623,8,1800
624,3,1800
625,2,1800
626,16,1800
627,6,1800
628,6,1800
629,1,1800
630,2,1800
631,0,1800
632,2,1800
633,2,1800
634,2,1800
635,4,1800
636,2,1800
637,1,1800
638,4,1800
639,7,1800
640,0,1800
641,3,1800
642,7,1800
643,1,1800
644,2,1800
645,0,1800
646,1,1800
647,8,1800
648,2,1800
649,0,1800
650,1,1800
651,1,1800
652,7,1800
653,2,1800
654,7,1800
655,3,1800
656,0,1800
657,1,1800
658,1,1800
659,2,1800
660,5,1800
661,2,1800
662,6,1800
663,4,1800
664,2,1800
665,15,1800
666,5,1800
667,14,1800
668,11,1800
669,26,1800
670,58,1800
671,3,1800
672,4,1800
673,5,1800
674,1,1800
675,4,1800
676,3,1800
677,6,1800
678,1,1800
679,3,1800
680,2,1800
681,4,1800
682,2,1800
683,2,1800
684,17,1800
685,16,1800
686,3,1800
687,1,1800
688,4,1800
689,20,1800
690,2,1800
691,3,1800
692,8,1800
693,5,1800
694,2,1800
695,3,1800
696,1,1800
697,0,1800
698,2,1800
699,1,1800
700,1,1800
701,1,1800
702,4,1800
703,1,1800
704,12,1800
705,1,1800
706,2,1800
707,2,1800
708,3,1800
709,4,1800
710,15,1800
711,4,1800
712,5,1800
713,4,1800
714,2,1800
715,3,1800
716,6,1800
717,10,1800
718,12,1800
719,0,1800
720,2,1800
721,1,1800
722,0,1800
723,2,1800
724,2,1800
725,1,1800
726,1,1800
727,1,1800
728,4,1800
729,0,1800
730,1,1800
731,1,1800
732,2,1800
733,7,1800
734,1,1800
735,9,1800
736,1,1800
737,5,1800
738,12,1800
739,1,1800
740,1,1800
741,3,1800
742,12,1800
743,8,1800
744,2,1800
745,1,1800
746,1,1800
747,2,1800
748,2,1800
749,2,1800
750,3,1800
751,5,1800
752,7,1800
753,712,1800
754,14,1800
755,5,1800
756,5,1800
757,1,1800
758,1,1800
759,6,1800
760,15,1800
761,3,1800
762,2,1800
763,0,1800
764,13,1800
765,9,1800
766,4,1800
767,3,1800
768,6,1800
769,2,1800
770,1,1800
771,1,1800
772,6,1800
773,3,1800
774,1,1800
775,1,1800
776,8,1800
777,0,1800
778,3,1800
779,2,1800
780,1,1800
781,2,1800
782,7,1800
783,4,1800
784,5,1800
785,4,1800
786,1,1800
787,1,1800
788,2,1800
789,2,1800
790,0,1800
791,2,1800
792,1,1800
793,6,1800
794,3,1800
795,4,1800
796,3,1800
797,1,1800
798,0,1800
799,2,1800
800,0,1800
801,2,1800
802,3,1800
803,2,1800
804,0,1800
805,2,1800
806,22,1800
807,4,1800
808,9,1800
809,2,1800
810,0,1800
811,5,1800
812,6,1800
813,1,1800
814,19,1800
815,4,1800
816,4,1800
817,3,1800
818,3,1800
819,3,1800
820,4,1800
821,7,1800
822,5,1800
823,1,1800
824,1,1800
825,5,1800
826,2,1800
827,0,1800
828,0,1800
829,1,1800
830,0,1800
831,16,1800
832,24,1800
833,4,1800
834,12,1800
835,0,1800
836,0,1800
837,2,1800
838,23,1800
839,24,1800
840,7,1800
841,5,1800
842,7,1800
843,8,1800
844,8,1800
845,5,1800
846,1,1800
847,2,1800
848,1,1800
849,1,1800
850,1,1800
851,6,1800
852,5,1800
853,1,1800
854,19,1800
855,8,1800
856,4,1800
857,16,1800
858,19,1800
859,4,1800
860,1,1800
861,2,1800
862,2,1800
863,2,1800
864,0,1800
865,0,1800
866,1,1800
867,0,1800
868,1,1800
869,1,1800
870,1,1800
871,3,1800
872,1,1800
873,2,1800
874,2,1800
875,1,1800
876,1,1800
877,1,1800
878,3,1800
879,5,1800
880,1,1800
881,10,1800
882,2,1800
883,3,1800
884,1,1800
885,2,1800
886,4,1800
887,2,1800
888,5,1800
889,3,1800
890,1,1800
891,2,1800
892,0,1800
893,2,1800
894,3,1800
895,3,1800
896,1,1800
897,3,1800
898,5,1800
899,1,1800
900,2,1800
901,14,1800
902,1,1800
903,3,1800
904,4,1800
905,2,1800
906,1,1800
907,4,1800
908,6,1800
909,1,1800
910,1,1800
911,3,1800
912,2,1800
913,1,1800
914,9,1800
915,2,1800
916,2,1800
917,1,1800
918,2,1800
919,3,1800
920,1,1800
921,0,1800
922,0,1800
923,1,1800
924,2,1800
925,4,1800
926,6,1800
927,5,1800
928,4,1800
929,2,1800
930,10,1800
931,1,1800
932,3,1800
933,2,1800
934,10,1800
935,1,1800
936,1,1800
937,2,1800
938,3,1800
939,5,1800
940,9,1800
941,3,1800
942,3,1800
943,19,1800
944,25,1800
945,1,1800
946,8,1800
947,9,1800
948,11,1800
949,2,1800
950,2,1800
951,9,1800
952,1,1800
953,4,1800
954,3,1800
955,1,1800
956,3,1800
957,2,1800
958,4,1800
959,3,1800
960,2,1800
961,1,1800
962,0,1800
963,0,1800
964,0,1800
965,1,1800
966,1,1800
967,11,1800
968,6,1800
969,3,1800
970,22,1800
971,6,1800
972,35,1800
973,1,1800
974,1,1800
975,6,1800
976,14,1800
977,3,1800
978,8,1800
979,7,1800
980,18,1800
981,4,1800
982,2,1800
983,3,1800
984,1,1800
985,9,1800
986,13,1800
987,15,1800
988,1,1800
989,1,1800
990,22,1800
991,2,1800
992,2,1800
993,2,1800
994,0,1800
995,13,1800
996,7,1800
997,3,1800
998,21,1800
999,2,1800
1000,1,1800
1001,12,1800
1002,2,1800
1003,1,1800
1004,5,1800
1005,2,1800
1006,12,1800
1007,8,1800
1008,2,1800
1009,4,1800
1010,2,1800
1011,3,1800
1012,1,1800
1013,1,1800
1014,2,1800
1015,4,1800
1016,1,1800
1017,3,1800
1018,1,1800
1019,2,1800
1020,3,1800
1021,2,1800
1022,7,1800
1023,2,1800
1024,19,1800
1025,3,1800
1026,2,1800
1027,5,1800
1028,11,1800
1029,1,1800
1030,1,1800
1031,2,1800
1032,2,1800
1033,2,1800
1034,2,1800
1035,3,1800
1036,0,1800
1037,3,1800
1038,3,1800
1039,5,1800
1040,1,1800
1041,5,1800
1042,4,1800
1043,1,1800
1044,2,1800
1045,4,1800
1046,10,1800
1047,10,1800
1048,2,1800
1049,5,1800
1050,2,1800
1051,11,1800
1052,16,1800
1053,13,1800
1054,2,1800
1055,7,1800
1056,6,1800
1057,2,1800
1058,1,1800
1059,20,1800
1060,10,1800
1061,7,1800
1062,30,1800
1063,21,1800
1064,2,1800
1065,1,1800
1066,3,1800
1067,1,1800
1068,2,1800
1069,6,1800
1070,2,1800
1071,2,1800
1072,14,1800
1073,6,1800
1074,5,1800
1075,6,1800
1076,5,1800
1077,1,1800
1078,2,1800
1079,3,1800
1080,5,1800
1081,7,1800
1082,2,1800
1083,3,1800
1084,3,1800
1085,29,1800
1086,46,1800
1087,85,1800
1088,6,1800
1089,11,1800
1090,15,1800
1091,0,1800
1092,3,1800
1093,1,1800
1094,15,1800
1095,7,1800
1096,2,1800
1097,2,1800
1098,2,1800
1099,6,1800
1100,6,1800
1101,11,1800
1102,2,1800
1103,3,1800
1104,3,1800
1105,0,1800
1106,2,1800
1107,2,1800
1108,3,1800
1109,1,1800
1110,2,1800
1111,1,1800
1112,2,1800
1113,6,1800
1114,6,1800
1115,0,1800
1116,1,1800
1117,0,1800
1118,2,1800
1119,3,1800
1120,1,1800
1121,0,1800
1122,2,1800
1123,1,1800
1124,3,1800
1125,1,1800
1126,2,1800
1127,2,1800
1128,2,1800
1129,1,1800
1130,1,1800
1131,2,1800
1132,0,1800
1133,1,1800
1134,2,1800
1135,1,1800
1136,3,1800
1137,4,1800
1138,4,1800
1139,0,1800
1140,10,1800
1141,0,1800
1142,3,1800
1143,8,1800
1144,4,1800
1145,10,1800
1146,2,1800
1147,2,1800
1148,5,1800
1149,2,1800
1150,9,1800
1151,2,1800
1152,1,1800
1153,20,1800
1154,8,1800
1155,13,1800
1156,19,1800
1157,2,1800
1158,4,1800
1159,2,1800
1160,2,1800
1161,3,1800
1162,5,1800
1163,3,1800
1164,3,1800
1165,2,1800
1166,6,1800
1167,12,1800
1168,1,1800
1169,12,1800
1170,1,1800
1171,5,1800
1172,2,1800
1173,2,1800
1174,12,1800
1175,8,1800
1176,4,1800
1177,4,1800
1178,2,1800
1179,13,1800
1180,5,1800
1181,1,1800
1182,10,1800
1183,13,1800
1184,3,1800
1185,7,1800
1186,16,1800
1187,15,1800
1188,8,1800
1189,1,1800
1190,9,1800
1191,8,1800
1192,1,1800
1193,22,1800
1194,17,1800
1195,3,1800
1196,1,1800
1197,17,1800
1198,3,1800
1199,4,1800
1200,13,1800
1201,35,1800
1202,2,1800
1203,1,1800
1204,7,1800
1205,2,1800
1206,3,1800
1207,1,1800
1208,8,1800
1209,11,1800
1210,0,1800
1211,3,1800
1212,2,1800
1213,7,1800
1214,2,1800
1215,8,1800
1216,7,1800
1217,4,1800
1218,2,1800
1219,3,1800
1220,4,1800
1221,1,1800
1222,4,1800
1223,2,1800
1224,3,1800
1225,6,1800
1226,9,1800
1227,2,1800
1228,4,1800
1229,1,1800
1230,1,1800
1231,5,1800
1232,3,1800
1233,3,1800
1234,7,1800
1235,1,1800
1236,7,1800
1237,5,1800
1238,1,1800
1239,2,1800
1240,3,1800
1241,15,1800
1242,17,1800
1243,2,1800
1244,12,1800
1245,9,1800
1246,10,1800
1247,1,1800
1248,1,1800
1249,1,1800
1250,4,1800
1251,0,1800
1252,2,1800
1253,3,1800
1254,1,1800
1255,4,1800
1256,4,1800
1257,6,1800
1258,5,1800
1259,2,1800
1260,1,1800
1261,2,1800
1262,4,1800
1263,5,1800
1264,9,1800
1265,4,1800
1266,2,1800
1267,1,1800
1268,2,1800
1269,3,1800
1270,2,1800
1271,16,1800
1272,15,1800
1273,2,1800
1274,7,1800
1275,5,1800
1276,10,1800
1277,10,1800
1278,3,1800
1279,3,1800
1280,3,1800
1281,1,1800
1282,5,1800
1283,9,1800
1284,1,1800
1285,3,1800
1286,15,1800
1287,6,1800
1288,17,1800
1289,3,1800
1290,2,1800
1291,8,1800
1292,14,1800
1293,7,1800
1294,5,1800
1295,4,1800
1296,4,1800
1297,7,1800
1298,2,1800
1299,4,1800
1300,5,1800
1301,3,1800
1302,4,1800
1303,2,1800
1304,7,1800
1305,25,1800
1306,11,1800
1307,16,1800
1308,6,1800
1309,4,1800
1310,3,1800
1311,1,1800
1312,3,1800
1313,4,1800
1314,1,1800
1315,4,1800
1316,1,1800
1317,2,1800
1318,4,1800
1319,3,1800
1320,1,1800
1321,6,1800
1322,9,1800
1323,6,1800
1324,1,1800
1325,1,1800
1326,1,1800
1327,3,1800
1328,1,1800
1329,2,1800
1330,1,1800
1331,2,1800
1332,2,1800
1333,2,1800
1334,5,1800
1335,1,1800
1336,1,1800
1337,4,1800
1338,4,1800
1339,1,1800
1340,1,1800
1341,2,1800
1342,4,1800
1343,1,1800
1344,7,1800
1345,4,1800
1346,4,1800
1347,6,1800
1348,2,1800
1349,7,1800
1350,24,1800
1351,3,1800
1352,14,1800
1353,5,1800
1354,1,1800
1355,4,1800
1356,2,1800
1357,2,1800
1358,2,1800
1359,6,1800
1360,6,1800
1361,7,1800
1362,0,1800
1363,0,1800
1364,0,1800
1365,0,1800
1366,2,1800
1367,1,1800
1368,1,1800
1369,3,1800
1370,9,1800
1371,6,1800
1372,9,1800
1373,1,1800
1374,1,1800
1375,2,1800
1376,3,1800
1377,4,1800
1378,0,1800
1379,4,1800
1380,4,1800
1381,2,1800
1382,7,1800
1383,2,1800
1384,5,1800
1385,6,1800
1386,1,1800
1387,1,1800
1388,1,1800
1389,6,1800
1390,2,1800
1391,4,1800
1392,7,1800
1393,7,1800
1394,22,1800
1395,16,1800
1396,19,1800
1397,1,1800
1398,18,1800
1399,4,1800
1400,1,1800
1401,3,1800
1402,0,1800
1403,4,1800
1404,1,1800
1405,3,1800
1406,9,1800
1407,8,1800
1408,3,1800
1409,9,1800
1410,2,1800
1411,4,1800
1412,3,1800
1413,0,1800
1414,0,1800
1415,3,1800
1416,1,1800
1417,1,1800
1418,0,1800
1419,0,1800
1420,1,1800
1421,1,1800
1422,1,1800
1423,4,1800
1424,12,1800
1425,1,1800
1426,5,1800
1427,2,1800
1428,1,1800
1429,5,1800
1430,1,1800
1431,0,1800
1432,1,1800
1433,2,1800
1434,6,1800
1435,3,1800
1436,3,1800
1437,4,1800
1438,2,1800
1439,2,1800
1440,40,1800
1441,12,1800
1442,2,1800
1443,5,1800
1444,3,1800
1445,1,1800
1446,1,1800
1447,5,1800
1448,7,1800
1449,4,1800
1450,1,1800
1451,2,1800
1452,2,1800
1453,1,1800
1454,2,1800
1455,1,1800
1456,3,1800
1457,1,1800
1458,32,1800
1459,38,1800
1460,1,1800
1461,2,1800
1462,2,1800
1463,3,1800
1464,6,1800
1465,2,1800
1466,6,1800
1467,2,1800
1468,2,1800
1469,1,1800
1470,41,1800
1471,2,1800
1472,1,1800
1473,2,1800
1474,1,1800
1475,1,1800
1476,2,1800
1477,17,1800
1478,2,1800
1479,6,1800
1480,4,1800
1481,3,1800
1482,3,1800
1483,1,1800
1484,2,1800
1485,15,1800
1486,5,1800
1487,9,1800
1488,4,1800
1489,1,1800
1490,2,1800
1491,2,1800
1492,1,1800
1493,2,1800
1494,2,1800
1495,1,1800
1496,1,1800
1497,2,1800
1498,1,1800
1499,1,1800
1500,4,1800
1501,4,1800
1502,1,1800
1503,1,1800
1504,5,1800
1505,4,1800
1506,4,1800
1507,0,1800
1508,1,1800
1509,0,1800
1510,20,1800
1511,18,1800
1512,1,1800
1513,2,1800
1514,1,1800
1515,2,1800
1516,2,1800
1517,1,1800
1518,2,1800
1519,3,1800
1520,2,1800
1521,7,1800
1522,18,1800
1523,9,1800
1524,1,1800
1525,1,1800
1526,15,1800
1527,10,1800
1528,2,1800
1529,6,1800
1530,0,1800
1531,7,1800
1532,0,1800
1533,4,1800
1534,4,1800
1535,6,1800
1536,3,1800
1537,1,1800
1538,1,1800
1539,1,1800
1540,1,1800
1541,93,1800
1542,11,1800
1543,20,1800
1544,1,1800
1545,2,1800
1546,2,1800
1547,8,1800
1548,3,1800
1549,77,1800
1550,1,1800
1551,2,1800
1552,4,1800
1553,3,1800
1554,1,1800
1555,6,1800
1556,5,1800
1557,1,1800
1558,7,1800
1559,1,1800
1560,2,1800
1561,2,1800
1562,4,1800
1563,7,1800
1564,16,1800
1565,0,1800
1566,3,1800
1567,2,1800
1568,0,1800
1569,0,1800
1570,1,1800
1571,4,1800
1572,1,1800
1573,2,1800
1574,2,1800
1575,8,1800
1576,14,1800
1577,5,1800
1578,1,1800
1579,1,1800
1580,3,1800
1581,3,1800
1582,1,1800
1583,2,1800
1584,20,1800
1585,3,1800
1586,50,1800
1587,10,1800
1588,2,1800
1589,5,1800
1590,8,1800
1591,1,1800
1592,1,1800
1593,3,1800
1594,9,1800
1595,8,1800
1596,1,1800
1597,8,1800
1598,5,1800
1599,7,1800
1600,4,1800
1601,3,1800
1602,2,1800
1603,2,1800
1604,3,1800
1605,3,1800
1606,5,1800
1607,7,1800
1608,1,1800
1609,1,1800
1610,1,1800
1611,2,1800
1612,5,1800
1613,2,1800
1614,4,1800
1615,3,1800
1616,3,1800
1617,10,1800
1618,1,1800
1619,3,1800
1620,5,1800
1621,4,1800
1622,4,1800
1623,2,1800
1624,3,1800
1625,6,1800
1626,3,1800
1627,19,1800
1628,63,1800
1629,6,1800
1630,8,1800
1631,3,1800
1632,31,1800
1633,6,1800
1634,9,1800
1635,3,1800
1636,6,1800
1637,1,1800
1638,2,1800
1639,2,1800
1640,2,1800
1641,5,1800
1642,15,1800
1643,5,1800
1644,4,1800
1645,1,1800
1646,2,1800
1647,4,1800
1648,23,1800
1649,9,1800
1650,10,1800
1651,7,1800
1652,3,1800
1653,6,1800
1654,2,1800
1655,8,1800
1656,4,1800
1657,3,1800
1658,5,1800
1659,1,1800
1660,0,1800
1661,10,1800
1662,11,1800
1663,7,1800
1664,10,1800
1665,2,1800
1666,3,1800
1667,2,1800
1668,6,1800
1669,2,1800
1670,3,1800
1671,2,1800
1672,45,1800
1673,32,1800
1674,60,1800
1675,26,1800
1676,22,1800
1677,5,1800
1678,51,1800
1679,1,1800
1680,11,1800
1681,5,1800
1682,4,1800
1683,9,1800
1684,3,1800
1685,15,1800
1686,7,1800
1687,1,1800
1688,8,1800
1689,5,1800
1690,5,1800
1691,2,1800
1692,1,1800
1693,1,1800
1694,1,1800
1695,2,1800
1696,1,1800
1697,1,1800
1698,1,1800
1699,3,1800
1700,9,1800
1701,6,1800
1702,3,1800
1703,15,1800
1704,10,1800
1705,4,1800
1706,2,1800
1707,2,1800
1708,2,1800
1709,2,1800
1710,3,1800
1711,9,1800
1712,14,1800
1713,1,1800
1714,0,1800
1715,6,1800
1716,2,1800
1717,8,1800
1718,16,1800
1719,4,1800
1720,7,1800
1721,5,1800
1722,13,1800
1723,12,1800
1724,0,1800
1725,2,1800
1726,2,1800
1727,2,1800
1728,10,1800
1729,3,1800
1730,3,1800
1731,17,1800
1732,4,1800
1733,32,1800
1734,3,1800
1735,2,1800
1736,3,1800
1737,2,1800
1738,2,1800
1739,4,1800
1740,7,1800
1741,6,1800
1742,9,1800
1743,17,1800
1744,28,1800
1745,9,1800
1746,4,1800
1747,3,1800
1748,10,1800
1749,2,1800
1750,22,1800
1751,31,1800
1752,14,1800
1753,16,1800
1754,16,1800
1755,3,1800
1756,3,1800
1757,4,1800
1758,2,1800
1759,1,1800
1760,2,1800
1761,2,1800
1762,8,1800
1763,4,1800
1764,2,1800
1765,5,1800
1766,4,1800
1767,2,1800
1768,7,1800
1769,5,1800
1770,1,1800
1771,3,1800
1772,1,1800
1773,3,1800
1774,1,1800
1775,3,1800
1776,4,1800
1777,4,1800
1778,6,1800
1779,8,1800
1780,2,1800
1781,6,1800
1782,4,1800
1783,1,1800
1784,15,1800
1785,10,1800
1786,13,1800
1787,2,1800
1788,4,1800
1789,9,1800
1790,3,1800
1791,1,1800
1792,1,1800
1793,19,1800
1794,31,1800
1795,1,1800
1796,3,1800
1797,0,1800
1798,2,1800
1799,1,1800
1800,1,1800
1801,7,1800
1802,2,1800
1803,4,1800
1804,4,1800
1805,2,1800
1806,2,1800
1807,4,1800
1808,10,1800
1809,20,1800
1810,5,1800
1811,5,1800
1812,0,1800
1813,6,1800
1814,13,1800
1815,2,1800
1816,2,1800
1817,10,1800
1818,1,1800
1819,3,1800
1820,3,1800
1821,1,1800
1822,4,1800
1823,2,1800
1824,5,1800
1825,21,1800
1826,3,1800
1827,2,1800
1828,2,1800
1829,1,1800
1830,2,1800
1831,2,1800
1832,3,1800
1833,6,1800
1834,1,1800
1835,1,1800
1836,4,1800
1837,2,1800
1838,1,1800
1839,10,1800
1840,2,1800
1841,4,1800
1842,1,1800
1843,3,1800
1844,2,1800
1845,56,1800
1846,102,1800
1847,2,1800
1848,3,1800
1849,5,1800
1850,1,1800
1851,4,1800
1852,0,1800
1853,7,1800
1854,2,1800
1855,2,1800
1856,3,1800
1857,3,1800
1858,5,1800
1859,2,1800
1860,5,1800
1861,1,1800
1862,1,1800
1863,11,1800
1864,4,1800
1865,2,1800
1866,12,1800
1867,0,1800
1868,0,1800
1869,0,1800
1870,0,1800
1871,0,1800
1872,0,1800
1873,1,1800
1874,6,1800
1875,2,1800
1876,1,1800
1877,0,1800
1878,1,1800
1879,0,1800
1880,1,1800
1881,0,1800
1882,0,1800
1883,0,1800
1884,0,1800
1885,2,1800
1886,7,1800
1887,2,1800
1888,6,1800
1889,2,1800
1890,2,1800
1891,3,1800
1892,4,1800
1893,3,1800
1894,3,1800
1895,4,1800
1896,8,1800
1897,2,1800
1898,1,1800
1899,6,1800
1900,10,1800
1901,4,1800
1902,4,1800
1903,0,1800
1904,1,1800
1905,1,1800
1906,0,1800
1907,2,1800
1908,0,1800
1909,8,1800
1910,7,1800
1911,2,1800
1912,6,1800
1913,9,1800
1914,3,1800
1915,0,1800
1916,0,1800
1917,1,1800
1918,1,1800
1919,3,1800
1920,4,1800
1921,2,1800
1922,3,1800
1923,2,1800
1924,18,1800
1925,2,1800
1926,0,1800
1927,0,1800
1928,1,1800
1929,2,1800
1930,7,1800
1931,2,1800
1932,3,1800
1933,2,1800
1934,2,1800
1935,1,1800
1936,3,1800
1937,1,1800
1938,3,1800
1939,2,1800
1940,1,1800
1941,3,1800
1942,1,1800
1943,4,1800
1944,5,1800
1945,4,1800
1946,1,1800
1947,4,1800
1948,1,1800
1949,2,1800
1950,3,1800
1951,3,1800
1952,7,1800
1953,6,1800
1954,2,1800
1955,1,1800
1956,1,1800
1957,1,1800
1958,2,1800
1959,3,1800
1960,1,1800
1961,2,1800
1962,1,1800
1963,4,1800
1964,1,1800
1965,2,1800
1966,4,1800
1967,2,1800
1968,3,1800
1969,3,1800
1970,1,1800
1971,2,1800
1972,9,1800
1973,6,1800
1974,3,1800
1975,2,1800
1976,5,1800
1977,1,1800
1978,1,1800
1979,23,1800
1980,44,1800
1981,2,1800
1982,3,1800
1983,2,1800
1984,4,1800
1985,2,1800
1986,1,1800
1987,2,1800
1988,12,1800
1989,11,1800
1990,6,1800
1991,5,1800
1992,2,1800
1993,4,1800
1994,5,1800
1995,3,1800
1996,4,1800
1997,2,1800
1998,1,1800
1999,2,1800
2000,4,1800
2001,1,1800
2002,1,1800
2003,1,1800
2004,2,1800
2005,2,1800
2006,2,1800
2007,3,1800
2008,2,1800
2009,3,1800
2010,4,1800
2011,15,1800
2012,1,1800
2013,6,1800
2014,2,1800
2015,5,1800
2016,7,1800
2017,3,1800
2018,2,1800
2019,3,1800
2020,2,1800
2021,1,1800
2022,1,1800
2023,1,1800
2024,2,1800
2025,20,1800
2026,18,1800
2027,4,1800
2028,1,1800
2029,3,1800
2030,15,1800
2031,2,1800
2032,4,1800
2033,5,1800
2034,5,1800
2035,2,1800
2036,2,1800
2037,5,1800
2038,5,1800
2039,7,1800
2040,6,1800
2041,4,1800
2042,10,1800
2043,7,1800
2044,3,1800
2045,9,1800
2046,10,1800
2047,11,1800
2048,18,1800
2049,2,1800
2050,5,1800
2051,2,1800
2052,2,1800
2053,4,1800
2054,7,1800
2055,5,1800
2056,0,1800
2057,4,1800
2058,2,1800
2059,4,1800
2060,27,1800
2061,3,1800
2062,0,1800
2063,3,1800
2064,4,1800
2065,4,1800
2066,2,1800
2067,1,1800
2068,25,1800
2069,1,1800
2070,3,1800
2071,4,1800
2072,5,1800
2073,2,1800
2074,2,1800
2075,4,1800
2076,11,1800
2077,7,1800
2078,2,1800
2079,3,1800
2080,4,1800
2081,1,1800
2082,1,1800
2083,4,1800
2084,0,1800
2085,7,1800
2086,3,1800
2087,3,1800
2088,6,1800
2089,18,1800
2090,8,1800
2091,5,1800
2092,5,1800
2093,5,1800
2094,4,1800
2095,7,1800
2096,11,1800
2097,1,1800
2098,13,1800
2099,1,1800
2100,2,1800
2101,43,1800
2102,8,1800
2103,62,1800
2104,6,1800
2105,2,1800
2106,4,1800
2107,1,1800
2108,2,1800
2109,5,1800
2110,2,1800
2111,0,1800
2112,6,1800
2113,2,1800
2114,2,1800
2115,7,1800
2116,3,1800
2117,3,1800
2118,3,1800
2119,3,1800
2120,8,1800
2121,5,1800
2122,3,1800
2123,2,1800
2124,1,1800
2125,12,1800
2126,7,1800
2127,6,1800
2128,2,1800
2129,6,1800
2130,2,1800
2131,6,1800
2132,5,1800
2133,61,1800
2134,1,1800
2135,1,1800
2136,4,1800
2137,2,1800
2138,6,1800
2139,3,1800
2140,9,1800
2141,4,1800
2142,1,1800
2143,3,1800
2144,2,1800
2145,1,1800
2146,3,1800
2147,7,1800
2148,2,1800
2149,1,1800
2150,0,1800
2151,2,1800
2152,2,1800
2153,2,1800
2154,14,1800
2155,21,1800
2156,0,1800
2157,4,1800
2158,6,1800
2159,1,1800
2160,2,1800
2161,4,1800
2162,1,1800
2163,9,1800
2164,2,1800
2165,6,1800
2166,2,1800
2167,4,1800
2168,3,1800
2169,4,1800
2170,1,1800
2171,3,1800
2172,2,1800
2173,1,1800
2174,2,1800
2175,1,1800
2176,1,1800
2177,2,1800
2178,2,1800
2179,6,1800
2180,5,1800
2181,3,1800
2182,17,1800
2183,1,1800
2184,0,1800
2185,2,1800
2186,2,1800
2187,2,1800
2188,1,1800
2189,2,1800
2190,4,1800
2191,4,1800
2192,2,1800
2193,2,1800
2194,1,1800
2195,1,1800
2196,0,1800
2197,4,1800
2198,3,1800
2199,2,1800
2200,5,1800
2201,1,1800
2202,2,1800
2203,0,1800
2204,2,1800
2205,2,1800
2206,1,1800
2207,3,1800
2208,1,1800
2209,3,1800
2210,2,1800
2211,4,1800
2212,1,1800
2213,2,1800
2214,2,1800
2215,4,1800
2216,1,1800
2217,2,1800
2218,1,1800
2219,2,1800
2220,5,1800
2221,5,1800
2222,9,1800
2223,2,1800
2224,2,1800
2225,2,1800
2226,4,1800
2227,10,1800
2228,7,1800
2229,28,1800
2230,10,1800
2231,7,1800
2232,2,1800
2233,4,1800
2234,12,1800
2235,1,1800
2236,0,1800
2237,1,1800
2238,2,1800
2239,1,1800
2240,6,1800
2241,1,1800
2242,1,1800
2243,1,1800
2244,6,1800
2245,2,1800
2246,2,1800
2247,2,1800
2248,0,1800
2249,0,1800
2250,2,1800
2251,3,1800
2252,2,1800
2253,2,1800
2254,3,1800
2255,4,1800
2256,2,1800
2257,1,1800
2258,2,1800
2259,2,1800
2260,3,1800
2261,3,1800
2262,3,1800
2263,4,1800
2264,4,1800
2265,2,1800
2266,7,1800
2267,1,1800
2268,2,1800
2269,4,1800
2270,4,1800
2271,5,1800
2272,1,1800
2273,1,1800
2274,3,1800
2275,8,1800
2276,27,1800
2277,4,1800
2278,3,1800
2279,6,1800
2280,2,1800
2281,5,1800
2282,1,1800
2283,2,1800
2284,7,1800
2285,3,1800
2286,2,1800
2287,3,1800
2288,1,1800
2289,3,1800
2290,1,1800
2291,2,1800
2292,1,1800
2293,1,1800
2294,0,1800
2295,2,1800
2296,3,1800
2297,2,1800
2298,2,1800
2299,5,1800
2300,2,1800
2301,2,1800
2302,3,1800
2303,0,1800
2304,5,1800
2305,0,1800
2306,1,1800
2307,3,1800
2308,1,1800
2309,1,1800
2310,7,1800
2311,2,1800
2312,6,1800
2313,1,1800
2314,1,1800
2315,0,1800
2316,3,1800
2317,5,1800
2318,3,1800
2319,15,1800
2320,0,1800
2321,2,1800
2322,1,1800
2323,2,1800
2324,2,1800
2325,2,1800
2326,1,1800
2327,3,1800
2328,8,1800
2329,5,1800
2330,1,1800
2331,3,1800
2332,4,1800
2333,3,1800
2334,3,1800
2335,2,1800
2336,4,1800
2337,6,1800
2338,6,1800
2339,2,1800
2340,1,1800
2341,1,1800
2342,5,1800
2343,3,1800
2344,3,1800
2345,1,1800
2346,5,1800
2347,3,1800
2348,4,1800
2349,20,1800
2350,1,1800
2351,1,1800
2352,1,1800
2353,9,1800
2354,2,1800
2355,2,1800
2356,5,1800
2357,5,1800
2358,3,1800
2359,2,1800
2360,5,1800
2361,2,1800
2362,2,1800
2363,8,1800
2364,6,1800
2365,1,1800
2366,2,1800
2367,1,1800
2368,1,1800
2369,1,1800
2370,1,1800
2371,1,1800
2372,5,1800
2373,3,1800
2374,6,1800
2375,0,1800
2376,4,1800
2377,1,1800
2378,7,1800
2379,19,1800
2380,5,1800
2381,5,1800
2382,10,1800
2383,1,1800
2384,5,1800
2385,3,1800
2386,1,1800
2387,5,1800
2388,2,1800
2389,6,1800
2390,4,1800
2391,7,1800
2392,7,1800
2393,2,1800
2394,2,1800
2395,2,1800
2396,10,1800
2397,3,1800
2398,1,1800
2399,2,1800
2400,4,1800
2401,2,1800
2402,7,1800
2403,4,1800
2404,4,1800
2405,4,1800
2406,13,1800
2407,2,1800
2408,3,1800
2409,9,1800
2410,3,1800
2411,2,1800
2412,11,1800
2413,2,1800
2414,1,1800
2415,1,1800
2416,7,1800
2417,10,1800
2418,4,1800
2419,4,1800
2420,2,1800
2421,3,1800
2422,15,1800
2423,7,1800
2424,2,1800
2425,3,1800
2426,4,1800
2427,3,1800
2428,7,1800
2429,18,1800
2430,3,1800
2431,7,1800
2432,2,1800
2433,29,1800
2434,3,1800
2435,11,1800
2436,2,1800
2437,7,1800
2438,3,1800
2439,1,1800
2440,29,1800
2441,2,1800
2442,5,1800
2443,2,1800
2444,8,1800
2445,4,1800
2446,9,1800
2447,14,1800
2448,3,1800
2449,36,1800
2450,1,1800
2451,5,1800
2452,5,1800
2453,15,1800
2454,2,1800
2455,3,1800
2456,3,1800
2457,3,1800
2458,3,1800
2459,1,1800
2460,4,1800
2461,43,1800
2462,57,1800
2463,3,1800
2464,7,1800
2465,17,1800
2466,4,1800
2467,2,1800
2468,3,1800
2469,7,1800
2470,4,1800
2471,8,1800
2472,7,1800
2473,3,1800
2474,2,1800
2475,2,1800
2476,4,1800
2477,8,1800
2478,13,1800
2479,4,1800
2480,21,1800
2481,2,1800
2482,13,1800
2483,4,1800
2484,30,1800
2485,14,1800
2486,9,1800
2487,3,1800
2488,53,1800
2489,9,1800
2490,16,1800
2491,10,1800
2492,3,1800
2493,6,1800
2494,10,1800
2495,4,1800
2496,4,1800
2497,4,1800
2498,2,1800
2499,4,1800
2500,4,1800
2501,5,1800
2502,1,1800
2503,3,1800
2504,2,1800
2505,2,1800
2506,4,1800
2507,2,1800
2508,9,1800
2509,35,1800
2510,2,1800
2511,7,1800
2512,6,1800
2513,3,1800
2514,3,1800
2515,16,1800
2516,2,1800
2517,10,1800
2518,3,1800
2519,15,1800
2520,5,1800
2521,8,1800
2522,3,1800
2523,6,1800
2524,5,1800
2525,2,1800
2526,2,1800
2527,6,1800
2528,6,1800
2529,4,1800
2530,10,1800
2531,2,1800
2532,8,1800
2533,5,1800
2534,5,1800
2535,6,1800
2536,2,1800
2537,2,1800
2538,2,1800
2539,4,1800
2540,1,1800
2541,12,1800
2542,0,1800
2543,3,1800
2544,1,1800
2545,2,1800
2546,3,1800
2547,0,1800
2548,12,1800
2549,2,1800
2550,2,1800
2551,20,1800
2552,1,1800
2553,1,1800
2554,2,1800
2555,2,1800
2556,1,1800
2557,3,1800
2558,20,1800
2559,3,1800
2560,2,1800
2561,1,1800
2562,3,1800
2563,1,1800
2564,1,1800
2565,9,1800
2566,18,1800
2567,1,1800
2568,3,1800
2569,4,1800
2570,1,1800
2571,5,1800
2572,5,1800
2573,4,1800
2574,1,1800
2575,10,1800
2576,2,1800
2577,1,1800
2578,6,1800
2579,2,1800
2580,2,1800
2581,5,1800
2582,2,1800
2583,2,1800
2584,3,1800
2585,2,1800
2586,2,1800
2587,10,1800
2588,3,1800
2589,6,1800
2590,3,1800
2591,5,1800
2592,4,1800
2593,1,1800
2594,2,1800
2595,17,1800
2596,12,1800
2597,3,1800
2598,4,1800
2599,5,1800
2600,1,1800
2601,28,1800
2602,1,1800
2603,2,1800
2604,1,1800
2605,7,1800
2606,2,1800
2607,2,1800
2608,1,1800
2609,3,1800
2610,1,1800
2611,2,1800
2612,3,1800
2613,2,1800
2614,0,1800
2615,3,1800
2616,2,1800
2617,7,1800
2618,2,1800
2619,6,1800
2620,7,1800
2621,1,1800
2622,17,1800
2623,1,1800
2624,2,1800
2625,9,1800
2626,8,1800
2627,2,1800
2628,0,1800
2629,5,1800
2630,0,1800
2631,0,1800
2632,4,1800
2633,2,1800
2634,4,1800
2635,2,1800
2636,4,1800
2637,2,1800
2638,0,1800
2639,4,1800
2640,3,1800
2641,2,1800
2642,3,1800
2643,10,1800
2644,10,1800
2645,3,1800
2646,2,1800
2647,3,1800
2648,9,1800
2649,2,1800
2650,1,1800
2651,2,1800
2652,1,1800
2653,1,1800
2654,8,1800
2655,3,1800
2656,0,1800
2657,2,1800
2658,0,1800
2659,13,1800
2660,18,1800
2661,3,1800
2662,1,1800
2663,5,1800
2664,3,1800
2665,3,1800
2666,4,1800
2667,2,1800
2668,3,1800
2669,3,1800
2670,4,1800
2671,7,1800
2672,1,1800
2673,5,1800
2674,8,1800
2675,2,1800
2676,5,1800
2677,11,1800
2678,11,1800
2679,13,1800
2680,3,1800
2681,6,1800
2682,5,1800
2683,3,1800
2684,2,1800
2685,7,1800
2686,5,1800
2687,4,1800
2688,2,1800
2689,1,1800
2690,6,1800
2691,2,1800
2692,7,1800
2693,14,1800
2694,5,1800
2695,5,1800
2696,3,1800
2697,17,1800
2698,15,1800
2699,1,1800
2700,1,1800
2701,2,1800
2702,3,1800
2703,4,1800
2704,5,1800
2705,1,1800
2706,3,1800
2707,2,1800
2708,1,1800
2709,6,1800
2710,6,1800
2711,13,1800
2712,1,1800
2713,3,1800
2714,11,1800
2715,9,1800
2716,1,1800
2717,10,1800
2718,5,1800
2719,1,1800
2720,4,1800
2721,5,1800
2722,38,1800
2723,1,1800
2724,0,1800
2725,1,1800
2726,1,1800
2727,5,1800
2728,1,1800
2729,2,1800
2730,6,1800
2731,4,1800
2732,3,1800
2733,5,1800
2734,16,1800
2735,2,1800
2736,5,1800
2737,12,1800
2738,4,1800
2739,12,1800
2740,4,1800
2741,3,1800
2742,10,1800
2743,2,1800
2744,2,1800
2745,3,1800
2746,2,1800
2747,6,1800
2748,3,1800
2749,3,1800
2750,3,1800
2751,4,1800
2752,3,1800
2753,2,1800
2754,6,1800
2755,2,1800
2756,6,1800
2757,2,1800
2758,2,1800
2759,6,1800
2760,3,1800
2761,2,1800
2762,2,1800
2763,1,1800
2764,2,1800
2765,2,1800
2766,3,1800
2767,6,1800
2768,1,1800
2769,1,1800
2770,2,1800
2771,6,1800
2772,9,1800
2773,3,1800
2774,2,1800
2775,7,1800
2776,7,1800
2777,2,1800
2778,2,1800
2779,2,1800
2780,1,1800
2781,4,1800
2782,2,1800
2783,2,1800
2784,1,1800
2785,2,1800
2786,1,1800
2787,3,1800
2788,2,1800
2789,3,1800
2790,1,1800
2791,1,1800
2792,3,1800
2793,4,1800
2794,2,1800
2795,4,1800
2796,3,1800
2797,1,1800
2798,13,1800
2799,4,1800
2800,3,1800
2801,4,1800
2802,1,1800
2803,3,1800
2804,0,1800
2805,3,1800
2806,5,1800
2807,0,1800
2808,8,1800
2809,4,1800
2810,8,1800
2811,3,1800
2812,3,1800
2813,3,1800
2814,2,1800
2815,1,1800
2816,8,1800
2817,2,1800
2818,4,1800
2819,7,1800
2820,6,1800
2821,5,1800
2822,5,1800
2823,3,1800
2824,1,1800
2825,1,1800
2826,2,1800
2827,2,1800
2828,1,1800
2829,1,1800
2830,2,1800
2831,7,1800
2832,4,1800
2833,3,1800
2834,1,1800
2835,2,1800
2836,1,1800
2837,3,1800
2838,8,1800
2839,16,1800
2840,1,1800
2841,5,1800
2842,3,1800
2843,2,1800
2844,2,1800
2845,4,1800
2846,3,1800
2847,2,1800
2848,1,1800
2849,3,1800
2850,5,1800
2851,3,1800
2852,2,1800
2853,3,1800
2854,16,1800
2855,38,1800
2856,3,1800
2857,1,1800
2858,4,1800
2859,4,1800
2860,1,1800
2861,1,1800
2862,1,1800
2863,5,1800
2864,1,1800
2865,1,1800
2866,13,1800
2867,3,1800
2868,11,1800
2869,1,1800
2870,1,1800
2871,1,1800
2872,4,1800
2873,2,1800
2874,3,1800
2875,2,1800
2876,3,1800
2877,5,1800
2878,3,1800
2879,4,1800
2880,5,1800
2881,20,1800
2882,24,1800
2883,5,1800
2884,3,1800
2885,1,1800
2886,3,1800
2887,3,1800
2888,2,1800
2889,1,1800
2890,1,1800
2891,2,1800
2892,1,1800
2893,5,1800
2894,13,1800
2895,3,1800
2896,3,1800
2897,11,1800
2898,2,1800
2899,2,1800
2900,7,1800
2901,1,1800
2902,7,1800
2903,8,1800
2904,3,1800
2905,2,1800
2906,10,1800
2907,2,1800
2908,12,1800
2909,4,1800
2910,3,1800
2911,4,1800
2912,1,1800
2913,1,1800
2914,3,1800
2915,5,1800
2916,5,1800
2917,5,1800
2918,6,1800
2919,7,1800
2920,2,1800
2921,1,1800
2922,1,1800
2923,4,1800
2924,6,1800
2925,34,1800
2926,5,1800
2927,22,1800
2928,3,1800
2929,0,1800
2930,1,1800
2931,3,1800
2932,5,1800
2933,17,1800
2934,4,1800
2935,20,1800
2936,1,1800
2937,3,1800
2938,1,1800
2939,1,1800
2940,2,1800
2941,6,1800
2942,10,1800
2943,2,1800
2944,1,1800
2945,2,1800
2946,1,1800
2947,2,1800
2948,1,1800
2949,1,1800
2950,2,1800
2951,3,1800
2952,2,1800
2953,4,1800
2954,1,1800
2955,4,1800
2956,2,1800
2957,2,1800
2958,3,1800
2959,1,1800
2960,2,1800
2961,2,1800
2962,4,1800
2963,1,1800
2964,2,1800
2965,2,1800
2966,1,1800
2967,0,1800
2968,3,1800
2969,2,1800
2970,3,1800
2971,0,1800
2972,6,1800
2973,16,1800
2974,7,1800
2975,6,1800
2976,17,1800
2977,1,1800
2978,3,1800
2979,2,1800
2980,5,1800
2981,2,1800
2982,6,1800
2983,12,1800
2984,3,1800
2985,5,1800
2986,0,1800
2987,0,1800
2988,1,1800
2989,1,1800
2990,2,1800
2991,2,1800
2992,3,1800
2993,1,1800
2994,1,1800
2995,1,1800
2996,1,1800
2997,8,1800
2998,0,1800
2999,1,1800
3000,3,1800
3001,7,1800
3002,1,1800
3003,1,1800
3004,7,1800
3005,3,1800
3006,7,1800
3007,14,1800
3008,12,1800
3009,11,1800
3010,6,1800
3011,4,1800
3012,3,1800
3013,1,1800
3014,1,1800
3015,3,1800
3016,2,1800
3017,0,1800
3018,0,1800
3019,0,1800
3020,0,1800
3021,0,1800
3022,1,1800
3023,1,1800
3024,1,1800
3025,11,1800
3026,1,1800
3027,1,1800
3028,0,1800
3029,4,1800
3030,6,1800
3031,3,1800
3032,1,1800
3033,0,1800
3034,5,1800
3035,2,1800
3036,1,1800
3037,3,1800
3038,1,1800
3039,3,1800
3040,4,1800
3041,0,1800
3042,0,1800
3043,0,1800
3044,1,1800
3045,6,1800
3046,2,1800
3047,5,1800
3048,2,1800
3049,3,1800
3050,10,1800
3051,16,1800
3052,20,1800
3053,14,1800
3054,4,1800
3055,6,1800
3056,1,1800
3057,1,1800
3058,1,1800
3059,1,1800
3060,1,1800
3061,1,1800
3062,1,1800
3063,6,1800
3064,11,1800
3065,40,1800
3066,2,1800
3067,2,1800
3068,0,1800
3069,2,1800
3070,1,1800
3071,1,1800
3072,6,1800
3073,3,1800
3074,2,1800
3075,0,1800
3076,3,1800
3077,1,1800
3078,0,1800
3079,2,1800
3080,6,1800
3081,2,1800
3082,2,1800
3083,5,1800
3084,8,1800
3085,1,1800
3086,1,1800
3087,0,1800
3088,0,1800
3089,2,1800
3090,2,1800
3091,1,1800
3092,1,1800
3093,3,1800
3094,3,1800
3095,0,1800
3096,0,1800
3097,2,1800
3098,1,1800
3099,2,1800
3100,2,1800
3101,8,1800
3102,1,1800
3103,1,1800
3104,1,1800
3105,2,1800
3106,1,1800
3107,0,1800
3108,0,1800
3109,0,1800
3110,2,1800
3111,2,1800
3112,2,1800
3113,1,1800
3114,3,1800
3115,2,1800
3116,0,1800
3117,0,1800
3118,7,1800
3119,15,1800
3120,1,1800
3121,4,1800
3122,3,1800
3123,2,1800
3124,0,1800
3125,1,1800
3126,3,1800
3127,1,1800
3128,1,1800
3129,0,1800
3130,2,1800
3131,3,1800
3132,1,1800
3133,0,1800
3134,0,1800
3135,0,1800
3136,1,1800
3137,2,1800
3138,0,1800
3139,0,1800
3140,4,1800
3141,2,1800
3142,3,1800
3143,2,1800
3144,7,1800
3145,3,1800
3146,4,1800
3147,2,1800
3148,2,1800
3149,3,1800
3150,1,1800
3151,4,1800
3152,4,1800
3153,5,1800
3154,5,1800
3155,6,1800
3156,3,1800
3157,1,1800
3158,3,1800
3159,5,1800
3160,1,1800
3161,1,1800
3162,14,1800
3163,1,1800
3164,1,1800
3165,5,1800
3166,3,1800
3167,6,1800
3168,0,1800
3169,0,1800
3170,1,1800
3171,4,1800
3172,3,1800
3173,13,1800
3174,4,1800
3175,2,1800
3176,2,1800
3177,2,1800
3178,6,1800
3179,1,1800
3180,3,1800
3181,2,1800
3182,1,1800
3183,2,1800
3184,1,1800
3185,1,1800
3186,1,1800
3187,0,1800
3188,0,1800
3189,2,1800
3190,5,1800
3191,5,1800
3192,2,1800
3193,5,1800
3194,4,1800
3195,4,1800
3196,2,1800
3197,1,1800
3198,1,1800
3199,3,1800
3200,4,1800
3201,5,1800
3202,1,1800
3203,1,1800
3204,1,1800
3205,5,1800
3206,4,1800
3207,2,1800
3208,6,1800
3209,2,1800
3210,2,1800
3211,2,1800
3212,2,1800
3213,2,1800
3214,5,1800
3215,3,1800
3216,3,1800
3217,8,1800
3218,5,1800
3219,5,1800
3220,3,1800
3221,2,1800
3222,0,1800
3223,0,1800
3224,7,1800
3225,2,1800
3226,2,1800
3227,2,1800
3228,1,1800
3229,2,1800
3230,1,1800
3231,1,1800
3232,2,1800
3233,3,1800
3234,2,1800
3235,2,1800
3236,4,1800
3237,4,1800
3238,1,1800
3239,1,1800
3240,3,1800
3241,25,1800
3242,24,1800
3243,2,1800
3244,9,1800
3245,1,1800
3246,7,1800
3247,1,1800
3248,4,1800
3249,3,1800
3250,2,1800
3251,2,1800
3252,1,1800
3253,10,1800
3254,0,1800
3255,1,1800
3256,2,1800
3257,33,1800
3258,25,1800
3259,0,1800
3260,2,1800
3261,8,1800
3262,5,1800
3263,12,1800
3264,6,1800
3265,10,1800
3266,2,1800
3267,16,1800
3268,7,1800
3269,2,1800
3270,5,1800
3271,3,1800
3272,4,1800
3273,5,1800
3274,1,1800
3275,5,1800
3276,1,1800
3277,4,1800
3278,2,1800
3279,1,1800
3280,2,1800
3281,0,1800
3282,5,1800
3283,5,1800
3284,2,1800
3285,1,1800
3286,1,1800
3287,8,1800
3288,2,1800
3289,1,1800
3290,1,1800
3291,17,1800
3292,7,1800
3293,10,1800
3294,5,1800
3295,2,1800
3296,5,1800
3297,2,1800
3298,1,1800
3299,1,1800
3300,1,1800
3301,6,1800
3302,12,1800
3303,1,1800
3304,7,1800
3305,3,1800
3306,2,1800
3307,0,1800
3308,9,1800
3309,8,1800
3310,3,1800
3311,2,1800
3312,2,1800
3313,1,1800
3314,1,1800
3315,2,1800
3316,1,1800
3317,4,1800
3318,3,1800
3319,2,1800
3320,4,1800
3321,6,1800
3322,6,1800
3323,7,1800
3324,1,1800
3325,1,1800
3326,2,1800
3327,15,1800
3328,1,1800
3329,2,1800
3330,7,1800
3331,3,1800
3332,1,1800
3333,2,1800
3334,5,1800
3335,1,1800
3336,3,1800
3337,1,1800
3338,3,1800
3339,1,1800
3340,5,1800
3341,3,1800
3342,2,1800
3343,3,1800
3344,2,1800
3345,3,1800
3346,2,1800
3347,1,1800
3348,1,1800
3349,1,1800
3350,2,1800
3351,0,1800
3352,1,1800
3353,1,1800
3354,2,1800
3355,4,1800
3356,0,1800
3357,3,1800
3358,2,1800
3359,4,1800
3360,4,1800
3361,3,1800
3362,2,1800
3363,6,1800
3364,8,1800
3365,5,1800
3366,2,1800
3367,2,1800
3368,1,1800
3369,1,1800
3370,5,1800
3371,9,1800
3372,7,1800
3373,4,1800
3374,1,1800
3375,1,1800
3376,1,1800
3377,1,1800
3378,2,1800
3379,2,1800
3380,3,1800
3381,3,1800
3382,0,1800
3383,3,1800
3384,4,1800
3385,2,1800
3386,2,1800
3387,2,1800
3388,2,1800
3389,1,1800
3390,2,1800
3391,2,1800
3392,3,1800
3393,2,1800
3394,3,1800
3395,4,1800
3396,8,1800
3397,2,1800
3398,5,1800
3399,4,1800
3400,1,1800
3401,4,1800
3402,9,1800
3403,1,1800
3404,3,1800
3405,1,1800
3406,1,1800
3407,2,1800
3408,3,1800
3409,2,1800
3410,2,1800
3411,5,1800
3412,8,1800
3413,5,1800
3414,0,1800
3415,5,1800
3416,4,1800
3417,1,1800
3418,6,1800
3419,5,1800
3420,4,1800
3421,1,1800
3422,5,1800
3423,0,1800
3424,4,1800
3425,2,1800
3426,7,1800
3427,2,1800
3428,3,1800
3429,1,1800
3430,4,1800
3431,5,1800
3432,2,1800
3433,11,1800
3434,10,1800
3435,3,1800
3436,5,1800
3437,3,1800
3438,10,1800
3439,0,1800
3440,2,1800
3441,3,1800
3442,8,1800
3443,3,1800
3444,3,1800
3445,1,1800
3446,3,1800
3447,1,1800
3448,5,1800
3449,2,1800
3450,2,1800
3451,2,1800
3452,9,1800
3453,4,1800
3454,2,1800
3455,2,1800
3456,2,1800
3457,3,1800
3458,3,1800
3459,1,1800
3460,0,1800
3461,2,1800
3462,3,1800
3463,2,1800
3464,1,1800
3465,2,1800
3466,1,1800
3467,1,1800
3468,3,1800
3469,1,1800
3470,2,1800
3471,2,1800
3472,2,1800
3473,2,1800
3474,1,1800
3475,3,1800
3476,1,1800
3477,2,1800
3478,1,1800
3479,4,1800
3480,15,1800
3481,1,1800
3482,1,1800
3483,2,1800
3484,1,1800
3485,6,1800
3486,6,1800
3487,2,1800
3488,4,1800
3489,2,1800
3490,1,1800
3491,1,1800
3492,0,1800
3493,2,1800
3494,1,1800
3495,4,1800
3496,3,1800
3497,3,1800
3498,3,1800
3499,1,1800
3500,3,1800
3501,1,1800
3502,0,1800
3503,1,1800
3504,1,1800
3505,1,1800
3506,0,1800
3507,2,1800
3508,4,1800
3509,2,1800
3510,4,1800
3511,2,1800
3512,10,1800
3513,3,1800
3514,3,1800
3515,3,1800
3516,4,1800
3517,2,1800
3518,4,1800
3519,1,1800
3520,1,1800
3521,4,1800
3522,4,1800
3523,1,1800
3524,2,1800
3525,2,1800
3526,2,1800
3527,2,1800
3528,1,1800
3529,10,1800
3530,1,1800
3531,2,1800
3532,2,1800
3533,3,1800
3534,3,1800
3535,5,1800
3536,7,1800
3537,4,1800
3538,3,1800
3539,9,1800
3540,8,1800
3541,3,1800
3542,2,1800
3543,1,1800
3544,3,1800
3545,1,1800
3546,2,1800
3547,1,1800
3548,3,1800
3549,1,1800
3550,7,1800
3551,6,1800
3552,5,1800
3553,11,1800
3554,1,1800
3555,4,1800
3556,3,1800
3557,3,1800
3558,0,1800
3559,2,1800
3560,2,1800
3561,1,1800
3562,3,1800
3563,6,1800
3564,2,1800
3565,2,1800
3566,2,1800
3567,1,1800
3568,2,1800
3569,2,1800
3570,1,1800
3571,2,1800
3572,1,1800
3573,4,1800
3574,2,1800
3575,0,1800
3576,3,1800
3577,1,1800
3578,2,1800
3579,1,1800
3580,1,1800
3581,3,1800
3582,2,1800
3583,2,1800
3584,1,1800
3585,2,1800
3586,8,1800
3587,2,1800
3588,0,1800
3589,1,1800
3590,1,1800
3591,2,1800
3592,1,1800
3593,0,1800
3594,3,1800
3595,1,1800
3596,1,1800
3597,1,1800
3598,0,1800
3599,3,1800
3600,1,1800
3601,4,1800
3602,1,1800
3603,2,1800
3604,1,1800
3605,5,1800
3606,1,1800
3607,3,1800
3608,2,1800
3609,3,1800
3610,4,1800
3611,1,1800
3612,8,1800
3613,2,1800
3614,1,1800
3615,4,1800
3616,1,1800
3617,2,1800
3618,4,1800
3619,1,1800
3620,7,1800
3621,5,1800
3622,3,1800
3623,1,1800
3624,3,1800
3625,1,1800
3626,1,1800
3627,1,1800
3628,6,1800
3629,2,1800
3630,2,1800
3631,3,1800
3632,1,1800
3633,1,1800
3634,2,1800
3635,2,1800
3636,1,1800
3637,2,1800
3638,2,1800
3639,2,1800
3640,7,1800
3641,2,1800
3642,3,1800
3643,2,1800
3644,2,1800
3645,3,1800
3646,2,1800
3647,3,1800
3648,1,1800
3649,2,1800
3650,1,1800
3651,2,1800
3652,2,1800
3653,1,1800
3654,2,1800
3655,5,1800
3656,4,1800
3657,1,1800
3658,5,1800
3659,16,1800
3660,5,1800
3661,3,1800
3662,3,1800
3663,1,1800
3664,4,1800
3665,19,1800
3666,19,1800
3667,2,1800
3668,9,1800
3669,9,1800
3670,2,1800
3671,6,1800
3672,2,1800
3673,3,1800
3674,10,1800
3675,5,1800
3676,18,1800
3677,5,1800
3678,9,1800
3679,11,1800
3680,1,1800
3681,0,1800
3682,1,1800
3683,2,1800
3684,5,1800
3685,3,1800
3686,1,1800
3687,4,1800
3688,7,1800
3689,1,1800
3690,9,1800
3691,16,1800
3692,2,1800
3693,2,1800
3694,4,1800
3695,4,1800
3696,6,1800
3697,4,1800
3698,8,1800
3699,6,1800
3700,7,1800
3701,10,1800
3702,4,1800
3703,2,1800
3704,9,1800
3705,2,1800
3706,6,1800
3707,2,1800
3708,1,1800
3709,2,1800
3710,1,1800
3711,2,1800
3712,4,1800
3713,7,1800
3714,3,1800
3715,15,1800
3716,2,1800
3717,1,1800
3718,14,1800
3719,3,1800
3720,9,1800
3721,13,1800
3722,2,1800
3723,3,1800
3724,3,1800
3725,2,1800
3726,15,1800
3727,4,1800
3728,4,1800
3729,4,1800
3730,4,1800
3731,2,1800
3732,1,1800
3733,14,1800
3734,19,1800
3735,2,1800
3736,2,1800
3737,2,1800
3738,1,1800
3739,0,1800
3740,1,1800
3741,3,1800
3742,1,1800
3743,4,1800
3744,1,1800
3745,2,1800
3746,3,1800
3747,2,1800
3748,4,1800
3749,2,1800
3750,18,1800
3751,13,1800
3752,3,1800
3753,16,1800
3754,27,1800
3755,4,1800
3756,4,1800
3757,2,1800
3758,4,1800
3759,20,1800
3760,2,1800
3761,2,1800
3762,15,1800
3763,3,1800
3764,0,1800
3765,2,1800
3766,0,1800
3767,0,1800
3768,0,1800
3769,0,1800
3770,2,1800
3771,1,1800
3772,1,1800
3773,1,1800
3774,1,1800
3775,0,1800
3776,0,1800
3777,1,1800
3778,1,1800
3779,0,1800
3780,1,1800
3781,0,1800
3782,0,1800
3783,0,1800
3784,0,1800
3785,0,1800
3786,52,1800
3787,0,1800
3788,1,1800
3789,5,1800
3790,1,1800
3791,1,1800
3792,50,1800
3793,2,1800
3794,2,1800
3795,3,1800
3796,1,1800
3797,3,1800
3798,4,1800
3799,4,1800
3800,1,1800
3801,3,1800
3802,4,1800
3803,4,1800
3804,5,1800
3805,4,1800
3806,0,1800
3807,2,1800
3808,5,1800
3809,5,1800
3810,1,1800
3811,1,1800
3812,2,1800
3813,2,1800
3814,2,1800
3815,2,1800
3816,4,1800
3817,1,1800
3818,0,1800
3819,3,1800
3820,2,1800
3821,8,1800
3822,3,1800
3823,0,1800
3824,3,1800
3825,1,1800
3826,0,1800
3827,2,1800
3828,0,1800
3829,2,1800
3830,2,1800
3831,52,1800
3832,37,1800
3833,12,1800
3834,1,1800
3835,4,1800
3836,3,1800
3837,1,1800
3838,5,1800
3839,2,1800
3840,7,1800
3841,6,1800
3842,2,1800
3843,2,1800
3844,5,1800
3845,5,1800
3846,1,1800
3847,0,1800
3848,1,1800
3849,45,1800
3850,2,1800
3851,1,1800
3852,9,1800
3853,1,1800
3854,1,1800
3855,0,1800
3856,0,1800
3857,0,1800
3858,1,1800
3859,1,1800
3860,3,1800
3861,4,1800
3862,7,1800
3863,7,1800
3864,3,1800
3865,2,1800
3866,3,1800
3867,3,1800
3868,8,1800
3869,6,1800
3870,13,1800
3871,1,1800
3872,1,1800
3873,0,1800
3874,52,1800
3875,9,1800
3876,8,1800
3877,5,1800
3878,1,1800
3879,5,1800
3880,4,1800
3881,1,1800
3882,2,1800
3883,1,1800
3884,1,1800
3885,1,1800
3886,2,1800
3887,1,1800
3888,2,1800
3889,3,1800
3890,1,1800
3891,3,1800
3892,3,1800
3893,2,1800
3894,3,1800
3895,2,1800
3896,2,1800
3897,3,1800
3898,0,1800
3899,0,1800
3900,3,1800
3901,1,1800
3902,7,1800
3903,3,1800
3904,1,1800
3905,1,1800
3906,1,1800
3907,4,1800
3908,1,1800
3909,3,1800
3910,1,1800
3911,1,1800
3912,2,1800
3913,2,1800
3914,2,1800
3915,2,1800
3916,1,1800
3917,3,1800
3918,0,1800
3919,1,1800
3920,1,1800
3921,2,1800
3922,1,1800
3923,1,1800
3924,3,1800
3925,1,1800
3926,3,1800
3927,1,1800
3928,2,1800
3929,2,1800
3930,7,1800
3931,4,1800
3932,1,1800
3933,3,1800
3934,4,1800
3935,0,1800
3936,0,1800
3937,17,1800
3938,4,1800
3939,2,1800
3940,1,1800
3941,3,1800
3942,1,1800
3943,5,1800
3944,1,1800
3945,2,1800
3946,2,1800
3947,1,1800
3948,3,1800
3949,6,1800
3950,0,1800
3951,0,1800
3952,1,1800
3953,1,1800
3954,0,1800
3955,1,1800
3956,0,1800
3957,2,1800
3958,13,1800
3959,7,1800
3960,3,1800
3961,13,1800
3962,2,1800
3963,3,1800
3964,3,1800
3965,2,1800
3966,3,1800
3967,21,1800
3968,1,1800
3969,8,1800
3970,1,1800
3971,0,1800
3972,1,1800
3973,1,1800
3974,2,1800
3975,3,1800
3976,2,1800
3977,1,1800
3978,6,1800
3979,2,1800
3980,3,1800
3981,1,1800
3982,1,1800
3983,0,1800
3984,3,1800
3985,2,1800
3986,3,1800
3987,3,1800
3988,5,1800
3989,3,1800
3990,1,1800
3991,1,1800
3992,1,1800
3993,1,1800
3994,3,1800
3995,2,1800
3996,5,1800
3997,2,1800
3998,2,1800
3999,1,1800
4000,3,1800
4001,3,1800
4002,1,1800
4003,3,1800
4004,3,1800
4005,2,1800
4006,1,1800
4007,2,1800
4008,3,1800
4009,8,1800
4010,4,1800
4011,1,1800
4012,2,1800
4013,2,1800
4014,2,1800
4015,1,1800
4016,0,1800
4017,3,1800
4018,1,1800
4019,2,1800
4020,2,1800
4021,2,1800
4022,2,1800
4023,1,1800
4024,1,1800
4025,0,1800
4026,0,1800
4027,0,1800
4028,1,1800
4029,1,1800
4030,0,1800
4031,2,1800
4032,3,1800
4033,2,1800
4034,2,1800
4035,1,1800
4036,1,1800
4037,3,1800
4038,9,1800
4039,2,1800
4040,1,1800
4041,19,1800
4042,1,1800
4043,1,1800
4044,0,1800
4045,1,1800
4046,1,1800
4047,2,1800
4048,1,1800
4049,1,1800
4050,1,1800
4051,1,1800
4052,1,1800
4053,0,1800
4054,1,1800
4055,3,1800
4056,1,1800
4057,2,1800
4058,1,1800
4059,0,1800
4060,0,1800
4061,5,1800
4062,1,1800
4063,2,1800
4064,1,1800
4065,1,1800
4066,0,1800
4067,1,1800
4068,4,1800
4069,3,1800
4070,0,1800
4071,2,1800
4072,4,1800
4073,2,1800
4074,1,1800
4075,5,1800
4076,3,1800
4077,3,1800
4078,8,1800
4079,3,1800
4080,2,1800
4081,5,1800
4082,4,1800
4083,7,1800
4084,2,1800
4085,4,1800
4086,5,1800
4087,0,1800
4088,3,1800
4089,5,1800
4090,3,1800
4091,3,1800
4092,1,1800
4093,1,1800
4094,1,1800
4095,1,1800
4096,5,1800
4097,1,1800
4098,1,1800
4099,2,1800
4100,4,1800
4101,1,1800
4102,1,1800
4103,5,1800
4104,2,1800
4105,1,1800
4106,5,1800
4107,1,1800
4108,3,1800
4109,3,1800
4110,2,1800
4111,2,1800
4112,2,1800
4113,5,1800
4114,3,1800
4115,4,1800
4116,1,1800
4117,4,1800
4118,3,1800
4119,2,1800
4120,0,1800
4121,1,1800
4122,1,1800
4123,1,1800
4124,2,1800
4125,11,1800
4126,1,1800
4127,3,1800
4128,0,1800
4129,0,1800
4130,0,1800
4131,7,1800
4132,5,1800
4133,1,1800
4134,2,1800
4135,2,1800
4136,2,1800
4137,2,1800
4138,8,1800
4139,23,1800
4140,1,1800
4141,32,1800
4142,3,1800
4143,34,1800
4144,12,1800
4145,2,1800
4146,5,1800
4147,4,1800
4148,4,1800
4149,14,1800
4150,5,1800
4151,4,1800
4152,1,1800
4153,3,1800
4154,2,1800
4155,8,1800
4156,1,1800
4157,5,1800
4158,3,1800
4159,2,1800
4160,2,1800
4161,1,1800
4162,1,1800
4163,1,1800
4164,2,1800
4165,3,1800
4166,2,1800
4167,3,1800
4168,5,1800
4169,2,1800
4170,3,1800
4171,1,1800
4172,4,1800
4173,2,1800
4174,2,1800
4175,1,1800
4176,6,1800
4177,3,1800
4178,1,1800
4179,3,1800
4180,3,1800
4181,3,1800
4182,1,1800
4183,3,1800
4184,3,1800
4185,3,1800
4186,3,1800
4187,2,1800
4188,2,1800
4189,5,1800
4190,1,1800
4191,5,1800
4192,3,1800
4193,2,1800
4194,2,1800
4195,3,1800
4196,8,1800
4197,3,1800
4198,4,1800
4199,3,1800
4200,4,1800
4201,4,1800
4202,4,1800
4203,3,1800
4204,12,1800
4205,5,1800
4206,8,1800
4207,4,1800
4208,1,1800
4209,1,1800
4210,2,1800
4211,1,1800
4212,0,1800
4213,11,1800
4214,4,1800
4215,5,1800
4216,2,1800
4217,2,1800
4218,14,1800
4219,2,1800
4220,17,1800
4221,2,1800
4222,2,1800
4223,2,1800
4224,2,1800
4225,15,1800
4226,3,1800
4227,4,1800
4228,3,1800
4229,14,1800
4230,2,1800
4231,5,1800
4232,5,1800
4233,2,1800
4234,53,1800
4235,2,1800
4236,4,1800
4237,29,1800
4238,16,1800
4239,1,1800
4240,0,1800
4241,3,1800
4242,13,1800
4243,3,1800
4244,13,1800
4245,13,1800
4246,1,1800
4247,1,1800
4248,2,1800
4249,4,1800
4250,6,1800
4251,3,1800
4252,1,1800
4253,3,1800
4254,1,1800
4255,3,1800
4256,3,1800
4257,2,1800
4258,3,1800
4259,3,1800
4260,2,1800
4261,3,1800
4262,2,1800
4263,3,1800
4264,4,1800
4265,6,1800
4266,5,1800
4267,1,1800
4268,2,1800
4269,1,1800
4270,6,1800
4271,6,1800
4272,1,1800
4273,2,1800
4274,3,1800
4275,6,1800
4276,17,1800
4277,8,1800
4278,2,1800
4279,2,1800
4280,2,1800
4281,4,1800
4282,7,1800
4283,12,1800
4284,3,1800
4285,2,1800
4286,2,1800
4287,1,1800
4288,2,1800
4289,0,1800
4290,2,1800
4291,1,1800
4292,1,1800
4293,3,1800
4294,1,1800
4295,15,1800
4296,15,1800
4297,2,1800
4298,2,1800
4299,3,1800
4300,4,1800
4301,1,1800
4302,2,1800
4303,1,1800
4304,1,1800
4305,2,1800
4306,0,1800
4307,1,1800
4308,2,1800
4309,3,1800
4310,1,1800
4311,2,1800
4312,1,1800
4313,1,1800
4314,3,1800
4315,1,1800
4316,4,1800
4317,3,1800
4318,2,1800
4319,2,1800
4320,1,1800
4321,3,1800
4322,2,1800
4323,1,1800
4324,2,1800
4325,6,1800
4326,4,1800
4327,7,1800
4328,2,1800
4329,2,1800
4330,39,1800
4331,1,1800
4332,1,1800
4333,4,1800
4334,0,1800
4335,2,1800
4336,10,1800
4337,3,1800
4338,1,1800
4339,6,1800
4340,0,1800
4341,1,1800
4342,6,1800
4343,5,1800
4344,0,1800
4345,0,1800
4346,0,1800
4347,2,1800
4348,4,1800
4349,11,1800
4350,3,1800
4351,5,1800
4352,4,1800
4353,4,1800
4354,2,1800
4355,2,1800
4356,10,1800
4357,1,1800
4358,4,1800
4359,3,1800
4360,1,1800
4361,3,1800
4362,2,1800
4363,1,1800
4364,1,1800
4365,2,1800
4366,1,1800
4367,1,1800
4368,2,1800
4369,8,1800
4370,10,1800
4371,2,1800
4372,3,1800
4373,3,1800
4374,2,1800
4375,4,1800
4376,2,1800
4377,2,1800
4378,2,1800
4379,2,1800
4380,2,1800
4381,1,1800
4382,2,1800
4383,2,1800
4384,1,1800
4385,4,1800
4386,3,1800
4387,1,1800
4388,2,1800
4389,6,1800
4390,2,1800
4391,2,1800
4392,3,1800
4393,15,1800
4394,0,1800
4395,2,1800
4396,0,1800
4397,2,1800
4398,3,1800
4399,2,1800
4400,4,1800
4401,4,1800
4402,2,1800
4403,2,1800
4404,3,1800
4405,1,1800
4406,2,1800
4407,6,1800
4408,2,1800
4409,2,1800
4410,3,1800
4411,8,1800
4412,3,1800
4413,3,1800
4414,2,1800
4415,2,1800
4416,4,1800
4417,5,1800
4418,2,1800
4419,8,1800
4420,2,1800
4421,5,1800
4422,4,1800
4423,6,1800
4424,5,1800
4425,3,1800
4426,5,1800
4427,5,1800
4428,2,1800
4429,2,1800
4430,1,1800
4431,2,1800
4432,1,1800
4433,2,1800
4434,5,1800
4435,6,1800
4436,5,1800
4437,1,1800
4438,2,1800
4439,2,1800
4440,3,1800
4441,1,1800
4442,10,1800
4443,2,1800
4444,3,1800
4445,2,1800
4446,3,1800
4447,4,1800
4448,1,1800
4449,5,1800
4450,1,1800
4451,2,1800
4452,5,1800
4453,1,1800
4454,1,1800
4455,1,1800
4456,0,1800
4457,0,1800
4458,1,1800
4459,1,1800
4460,4,1800
4461,2,1800
4462,1,1800
4463,3,1800
4464,2,1800
4465,2,1800
4466,3,1800
4467,0,1800
4468,0,1800
4469,1,1800
4470,0,1800
4471,2,1800
4472,4,1800
4473,26,1800
4474,6,1800
4475,13,1800
4476,3,1800
4477,6,1800
4478,3,1800
4479,3,1800
4480,5,1800
4481,5,1800
4482,2,1800
4483,3,1800
4484,1,1800
4485,1,1800
4486,2,1800
4487,6,1800
4488,3,1800
4489,7,1800
4490,1,1800
4491,3,1800
4492,2,1800
4493,1,1800
4494,1,1800
4495,1,1800
4496,1,1800
4497,2,1800
4498,5,1800
4499,4,1800
4500,3,1800
4501,2,1800
4502,3,1800
4503,1,1800
4504,1,1800
4505,1,1800
4506,14,1800
4507,4,1800
4508,1,1800
4509,2,1800
4510,1,1800
4511,2,1800
4512,2,1800
4513,3,1800
4514,5,1800
4515,2,1800
4516,1,1800
4517,0,1800
4518,1,1800
4519,3,1800
4520,2,1800
4521,2,1800
4522,1,1800
4523,2,1800
4524,2,1800
4525,4,1800
4526,2,1800
4527,2,1800
4528,4,1800
4529,3,1800
4530,2,1800
4531,9,1800
4532,1,1800
4533,3,1800
4534,1,1800
4535,2,1800
4536,3,1800
4537,2,1800
4538,1,1800
4539,2,1800
4540,1,1800
4541,1,1800
4542,2,1800
4543,2,1800
4544,1,1800
4545,1,1800
4546,1,1800
4547,1,1800
4548,2,1800
4549,1,1800
4550,78,1800
4551,6,1800
4552,82,1800
4553,70,1800
4554,14,1800
4555,47,1800
4556,5,1800
4557,4,1800
4558,5,1800
4559,7,1800
4560,2,1800
4561,4,1800
4562,2,1800
4563,2,1800
4564,14,1800
4565,1,1800
4566,2,1800
4567,4,1800
4568,1,1800
4569,1,1800
4570,2,1800
4571,1,1800
4572,2,1800
4573,1,1800
4574,8,1800
4575,3,1800
4576,5,1800
4577,0,1800
4578,2,1800
4579,8,1800
4580,4,1800
4581,3,1800
4582,9,1800
4583,1,1800
4584,1,1800
4585,0,1800
4586,2,1800
4587,4,1800
4588,6,1800
4589,3,1800
4590,1,1800
4591,1,1800
4592,2,1800
4593,32,1800
4594,29,1800
4595,2,1800
4596,0,1800
4597,1,1800
4598,0,1800
4599,0,1800
4600,0,1800
4601,0,1800
4602,0,1800
4603,1,1800
4604,0,1800
4605,2,1800
4606,1,1800
4607,0,1800
4608,2,1800
4609,3,1800
4610,0,1800
4611,0,1800
4612,2,1800
4613,1,1800
4614,1,1800
4615,0,1800
4616,0,1800
4617,0,1800
4618,1,1800
4619,6,1800
4620,5,1800
4621,10,1800
4622,4,1800
4623,0,1800
4624,2,1800
4625,1,1800
4626,2,1800
4627,1,1800
4628,1,1800
4629,2,1800
4630,0,1800
4631,4,1800
4632,2,1800
4633,2,1800
4634,1,1800
4635,3,1800
4636,3,1800
4637,11,1800
4638,3,1800
4639,0,1800
4640,0,1800
4641,2,1800
4642,0,1800
4643,0,1800
4644,5,1800
4645,1,1800
4646,1,1800
4647,1,1800
4648,2,1800
4649,3,1800
4650,9,1800
4651,6,1800
4652,5,1800
4653,1,1800
4654,2,1800
4655,2,1800
4656,2,1800
4657,2,1800
4658,4,1800
4659,0,1800
4660,0,1800
4661,2,1800
4662,1,1800
4663,4,1800
4664,9,1800
4665,11,1800
4666,0,1800
4667,1,1800
4668,4,1800
4669,2,1800
4670,2,1800
4671,4,1800
4672,2,1800
4673,1,1800
4674,0,1800
4675,2,1800
4676,2,1800
4677,2,1800
4678,2,1800
4679,2,1800
4680,115,1800
4681,2,1800
4682,2,1800
4683,2,1800
4684,5,1800
4685,5,1800
4686,2,1800
4687,4,1800
4688,3,1800
4689,4,1800
4690,2,1800
4691,3,1800
4692,2,1800
4693,5,1800
4694,2,1800
4695,3,1800
4696,4,1800
4697,6,1800
4698,4,1800
4699,4,1800
4700,4,1800
4701,3,1800
4702,1,1800
4703,1,1800
4704,4,1800
4705,2,1800
4706,1,1800
4707,2,1800
4708,3,1800
4709,4,1800
4710,1,1800
4711,3,1800
4712,2,1800
4713,8,1800
4714,5,1800
4715,2,1800
4716,3,1800
4717,2,1800
4718,4,1800
4719,2,1800
4720,2,1800
4721,5,1800
4722,3,1800
4723,3,1800
4724,6,1800
4725,5,1800
4726,6,1800
4727,19,1800
4728,2,1800
4729,11,1800
4730,1,1800
4731,4,1800
4732,2,1800
4733,3,1800
4734,2,1800
4735,1,1800
4736,3,1800
4737,3,1800
4738,2,1800
4739,2,1800
4740,1,1800
4741,4,1800
4742,2,1800
4743,1,1800
4744,1,1800
4745,1,1800
4746,1,1800
4747,1,1800
4748,7,1800
4749,1,1800
4750,2,1800
4751,3,1800
4752,3,1800
4753,5,1800
4754,2,1800
4755,2,1800
4756,2,1800
4757,3,1800
4758,2,1800
4759,1,1800
4760,3,1800
4761,3,1800
4762,2,1800
4763,3,1800
4764,2,1800
4765,4,1800
4766,5,1800
4767,7,1800
4768,2,1800
4769,3,1800
4770,4,1800
4771,2,1800
4772,2,1800
4773,5,1800
4774,3,1800
4775,3,1800
4776,4,1800
4777,0,1800
4778,2,1800
4779,2,1800
4780,3,1800
4781,2,1800
4782,1,1800
4783,1,1800
4784,1,1800
4785,4,1800
4786,1,1800
4787,2,1800
4788,1,1800
4789,5,1800
4790,3,1800
4791,4,1800
4792,1,1800
4793,1,1800
4794,2,1800
4795,1,1800
4796,2,1800
4797,2,1800
4798,3,1800
4799,3,1800
4800,2,1800
4801,2,1800
4802,2,1800
4803,2,1800
4804,2,1800
4805,1,1800
4806,2,1800
4807,1,1800
4808,2,1800
4809,2,1800
4810,4,1800
4811,2,1800
4812,1,1800
4813,3,1800
4814,2,1800
4815,1,1800
4816,1,1800
4817,1,1800
4818,1,1800
4819,2,1800
4820,1,1800
4821,1,1800
4822,5,1800
4823,2,1800
4824,2,1800
4825,1,1800
4826,2,1800
4827,4,1800
4828,4,1800
4829,1,1800
4830,2,1800
4831,1,1800
4832,1,1800
4833,2,1800
4834,2,1800
4835,2,1800
4836,1,1800
4837,2,1800
4838,1,1800
4839,1,1800
4840,1,1800
4841,2,1800
4842,5,1800
4843,2,1800
4844,3,1800
4845,4,1800
4846,2,1800
4847,1,1800
4848,1,1800
4849,1,1800
4850,4,1800
4851,2,1800
4852,5,1800
4853,1,1800
4854,3,1800
4855,2,1800
4856,1,1800
4857,3,1800
4858,2,1800
4859,4,1800
4860,4,1800
4861,4,1800
4862,3,1800
4863,9,1800
4864,1,1800
4865,5,1800
4866,2,1800
4867,3,1800
4868,3,1800
4869,3,1800
4870,4,1800
4871,2,1800
4872,2,1800
4873,36,1800
4874,25,1800
4875,3,1800
4876,0,1800
4877,0,1800
4878,1,1800
4879,1,1800
4880,14,1800
4881,1,1800
4882,1,1800
4883,4,1800
4884,3,1800
4885,1,1800
4886,2,1800
4887,2,1800
4888,3,1800
4889,2,1800
4890,147,1800
4891,21,1800
4892,3,1800
4893,1,1800
4894,1,1800
4895,2,1800
4896,2,1800
4897,3,1800
4898,4,1800
4899,2,1800
4900,1,1800
4901,5,1800
4902,1,1800
4903,2,1800
4904,1,1800
4905,1,1800
4906,3,1800
4907,2,1800
4908,1,1800
4909,3,1800
4910,2,1800
4911,8,1800
4912,4,1800
4913,3,1800
4914,3,1800
4915,1,1800
4916,6,1800
4917,2,1800
4918,4,1800
4919,2,1800
4920,1,1800
4921,2,1800
4922,1,1800
4923,3,1800
4924,4,1800
4925,4,1800
4926,7,1800
4927,1,1800
4928,1,1800
4929,0,1800
4930,0,1800
4931,3,1800
4932,2,1800
4933,1,1800
4934,1,1800
4935,2,1800
4936,2,1800
4937,4,1800
4938,2,1800
4939,4,1800
4940,3,1800
4941,2,1800
4942,3,1800
4943,7,1800
4944,1,1800
4945,4,1800
4946,2,1800
4947,2,1800
4948,4,1800
4949,2,1800
4950,3,1800
4951,2,1800
4952,1,1800
4953,1,1800
4954,2,1800
4955,2,1800
4956,4,1800
4957,2,1800
4958,3,1800
4959,3,1800
4960,3,1800
4961,1,1800
4962,1,1800
4963,0,1800
4964,2,1800
4965,0,1800
4966,2,1800
4967,1,1800
4968,1,1800
4969,1,1800
4970,2,1800
4971,1,1800
4972,1,1800
4973,1,1800
4974,1,1800
4975,2,1800
4976,3,1800
4977,7,1800
4978,1,1800
4979,2,1800
4980,4,1800
4981,2,1800
4982,2,1800
4983,1,1800
4984,2,1800
4985,4,1800
4986,2,1800
4987,1,1800
4988,1,1800
4989,1,1800
4990,4,1800
4991,2,1800
4992,9,1800
4993,2,1800
4994,1,1800
4995,1,1800
4996,1,1800
4997,0,1800
4998,9,1800
4999,5,1800
5000,1,1800
5001,1,1800
5002,2,1800
5003,2,1800
5004,3,1800
5005,2,1800
5006,10,1800
5007,2,1800
5008,4,1800
5009,4,1800
5010,1,1800
5011,2,1800
5012,3,1800
5013,2,1800
5014,1,1800
5015,21,1800
5016,1,1800
5017,1,1800
5018,0,1800
5019,3,1800
5020,3,1800
5021,3,1800
5022,3,1800
5023,0,1800
5024,0,1800
5025,0,1800
5026,0,1800
5027,0,1800
5028,0,1800
5029,0,1800
5030,0,1800
5031,0,1800
5032,10,1800
5033,2,1800
5034,4,1800
5035,2,1800
5036,2,1800
5037,6,1800
5038,2,1800
5039,16,1800
5040,3,1800
5041,1,1800
5042,3,1800
5043,1,1800
5044,3,1800
5045,1,1800
5046,2,1800
5047,2,1800
5048,3,1800
5049,1,1800
5050,4,1800
5051,5,1800
5052,1,1800
5053,6,1800
5054,16,1800
5055,7,1800
5056,5,1800
5057,1,1800
5058,4,1800
5059,3,1800
5060,1,1800
5061,2,1800
5062,1,1800
5063,2,1800
5064,0,1800
5065,1,1800
5066,1,1800
5067,0,1800
5068,1,1800
5069,1,1800
5070,1,1800
5071,1,1800
5072,2,1800
5073,1,1800
5074,0,1800
5075,1,1800
5076,2,1800
5077,2,1800
5078,0,1800
5079,2,1800
5080,3,1800
5081,2,1800
5082,2,1800
5083,2,1800
5084,3,1800
5085,2,1800
5086,4,1800
5087,5,1800
5088,6,1800
5089,4,1800
5090,3,1800
5091,1,1800
5092,2,1800
5093,3,1800
5094,1,1800
5095,2,1800
5096,2,1800
5097,3,1800
5098,2,1800
5099,3,1800
5100,7,1800
5101,1,1800
5102,2,1800
5103,5,1800
5104,1,1800
5105,2,1800
5106,2,1800
5107,5,1800
5108,2,1800
5109,1,1800
5110,3,1800
5111,0,1800
5112,3,1800
5113,1,1800
5114,2,1800
5115,2,1800
5116,1,1800
5117,1,1800
5118,2,1800
5119,2,1800
5120,3,1800
5121,4,1800
5122,3,1800
5123,3,1800
5124,1,1800
5125,12,1800
5126,5,1800
5127,12,1800
5128,1,1800
5129,2,1800
5130,4,1800
5131,2,1800
5132,4,1800
5133,5,1800
5134,7,1800
5135,2,1800
5136,2,1800
5137,1,1800
5138,5,1800
5139,2,1800
5140,4,1800
5141,3,1800
5142,3,1800
5143,1,1800
5144,2,1800
5145,2,1800
5146,2,1800
5147,1,1800
5148,4,1800
5149,2,1800
5150,2,1800
5151,2,1800
5152,1,1800
5153,1,1800
5154,2,1800
5155,1,1800
5156,1,1800
5157,1,1800
5158,2,1800
5159,2,1800
5160,6,1800
5161,2,1800
5162,2,1800
5163,1,1800
5164,1,1800
5165,4,1800
5166,2,1800
5167,3,1800
5168,3,1800
5169,1,1800
5170,3,1800
5171,2,1800
5172,14,1800
5173,5,1800
5174,3,1800
5175,3,1800
5176,2,1800
5177,2,1800
5178,4,1800
5179,2,1800
5180,1,1800
5181,2,1800
5182,1,1800
5183,4,1800
5184,2,1800
5185,1,1800
5186,6,1800
5187,5,1800
5188,3,1800
5189,2,1800
5190,4,1800
5191,3,1800
5192,3,1800
5193,8,1800
5194,4,1800
5195,2,1800
5196,2,1800
5197,1,1800
5198,4,1800
5199,1,1800
5200,2,1800
5201,0,1800
5202,0,1800
5203,1,1800
5204,1,1800
5205,0,1800
5206,0,1800
5207,0,1800
5208,0,1800
5209,0,1800
5210,3,1800
5211,4,1800
5212,2,1800
5213,1,1800
5214,3,1800
5215,2,1800
5216,2,1800
5217,2,1800
5218,2,1800
5219,2,1800
5220,1,1800
5221,1,1800
5222,6,1800
5223,7,1800
5224,2,1800
5225,2,1800
5226,2,1800
5227,2,1800
5228,1,1800
5229,2,1800
5230,57,1800
5231,29,1800
5232,0,1800
5233,0,1800
5234,2,1800
5235,3,1800
5236,1,1800
5237,5,1800
5238,3,1800
5239,6,1800
5240,2,1800
5241,2,1800
5242,2,1800
5243,3,1800
5244,2,1800
5245,4,1800
5246,4,1800
5247,4,1800
5248,8,1800
5249,2,1800
5250,2,1800
5251,1,1800
5252,4,1800
5253,8,1800
5254,28,1800
5255,4,1800
5256,4,1800
5257,4,1800
5258,6,1800
5259,4,1800
5260,2,1800
5261,6,1800
5262,11,1800
5263,3,1800
5264,3,1800
5265,3,1800
5266,6,1800
5267,4,1800
5268,3,1800
5269,1,1800
5270,2,1800
5271,3,1800
5272,1,1800
5273,2,1800
5274,6,1800
5275,3,1800
5276,3,1800
5277,2,1800
5278,7,1800
5279,3,1800
5280,6,1800
5281,5,1800
5282,8,1800
5283,0,1800
5284,2,1800
5285,3,1800
5286,2,1800
5287,2,1800
5288,0,1800
5289,7,1800
5290,0,1800
5291,0,1800
5292,2,1800
5293,4,1800
5294,6,1800
5295,4,1800
5296,4,1800
5297,4,1800
5298,6,1800
5299,3,1800
5300,2,1800
5301,3,1800
5302,2,1800
5303,15,1800
5304,13,1800
5305,2,1800
5306,3,1800
5307,4,1800
5308,2,1800
5309,20,1800
5310,0,1800
5311,0,1800
5312,2,1800
5313,3,1800
5314,1,1800
5315,1,1800
5316,1,1800
5317,1,1800
5318,3,1800
5319,3,1800
5320,3,1800
5321,4,1800
5322,3,1800
5323,2,1800
5324,14,1800
5325,14,1800
5326,2,1800
5327,3,1800
5328,2,1800
5329,2,1800
5330,4,1800
5331,1,1800
5332,1,1800
5333,2,1800
5334,3,1800
5335,2,1800
5336,3,1800
5337,8,1800
5338,0,1800
5339,0,1800
5340,0,1800
5341,0,1800
5342,2,1800
5343,4,1800
5344,4,1800
5345,8,1800
5346,2,1800
5347,2,1800
5348,1,1800
5349,2,1800
5350,0,1800
5351,0,1800
5352,0,1800
5353,0,1800
5354,1,1800
5355,1,1800
5356,2,1800
5357,4,1800
5358,8,1800
5359,25,1800
5360,2,1800
5361,2,1800
5362,2,1800
5363,2,1800
5364,2,1800
5365,2,1800
5366,1,1800
5367,3,1800
5368,4,1800
5369,2,1800
5370,2,1800
5371,2,1800
5372,2,1800
5373,3,1800
5374,2,1800
5375,2,1800
5376,3,1800
5377,5,1800
5378,10,1800
5379,5,1800
5380,1,1800
5381,2,1800
5382,3,1800
5383,4,1800
5384,2,1800
5385,1,1800
5386,5,1800
5387,7,1800
5388,7,1800
5389,6,1800
5390,4,1800
5391,6,1800
5392,3,1800
5393,2,1800
5394,3,1800
5395,3,1800
5396,4,1800
5397,4,1800
5398,4,1800
5399,1,1800
5400,1,1800
5401,3,1800
5402,3,1800
5403,2,1800
5404,2,1800
5405,2,1800
5406,1,1800
5407,2,1800
5408,3,1800
5409,4,1800
5410,7,1800
5411,2,1800
5412,4,1800
5413,2,1800
5414,1,1800
5415,2,1800
5416,3,1800
5417,4,1800
5418,2,1800
5419,5,1800
5420,6,1800
5421,2,1800
5422,4,1800
5423,3,1800
5424,2,1800
5425,3,1800
5426,3,1800
5427,6,1800
5428,24,1800
5429,16,1800
5430,9,1800
5431,267,1800
5432,7,1800
5433,8,1800
5434,4,1800
5435,4,1800
5436,4,1800
5437,4,1800
5438,3,1800
5439,2,1800
5440,2,1800
5441,3,1800
5442,3,1800
5443,3,1800
5444,1,1800
5445,4,1800
5446,4,1800
5447,4,1800
5448,5,1800
5449,4,1800
5450,0,1800
5451,0,1800
5452,2,1800
5453,2,1800
5454,4,1800
5455,2,1800
5456,2,1800
5457,2,1800
5458,2,1800
5459,2,1800
5460,3,1800
5461,4,1800
5462,3,1800
5463,1,1800
5464,2,1800
5465,2,1800
5466,1,1800
5467,3,1800
5468,4,1800
5469,4,1800
5470,2,1800
5471,3,1800
5472,3,1800
5473,3,1800
5474,2,1800
5475,5,1800
5476,5,1800
5477,3,1800
5478,2,1800
5479,3,1800
5480,4,1800
5481,2,1800
5482,1,1800
5483,1,1800
5484,3,1800
5485,1,1800
5486,3,1800
5487,3,1800
5488,1,1800
5489,0,1800
5490,7,1800
5491,10,1800
5492,4,1800
5493,2,1800
5494,1,1800
5495,3,1800
5496,3,1800
5497,5,1800
5498,2,1800
5499,3,1800
5500,10,1800
5501,6,1800
5502,8,1800
5503,10,1800
5504,1,1800
5505,1,1800
5506,8,1800
5507,29,1800
5508,7,1800
5509,14,1800
5510,10,1800
5511,1,1800
5512,2,1800
5513,1,1800
5514,1,1800
5515,2,1800
5516,2,1800
5517,7,1800
5518,9,1800
5519,1,1800
5520,2,1800
5521,2,1800
5522,1,1800
5523,2,1800
5524,4,1800
5525,1,1800
5526,1,1800
5527,5,1800
5528,5,1800
5529,7,1800
5530,3,1800
5531,2,1800
5532,6,1800
5533,3,1800
5534,2,1800
5535,2,1800
5536,1,1800
5537,1,1800
5538,3,1800
5539,2,1800
5540,3,1800
5541,2,1800
5542,4,1800
5543,12,1800
5544,12,1800
5545,1,1800
5546,2,1800
5547,18,1800
5548,19,1800
5549,3,1800
5550,3,1800
5551,4,1800
5552,2,1800
5553,2,1800
5554,2,1800
5555,2,1800
5556,4,1800
5557,4,1800
5558,3,1800
5559,3,1800
5560,2,1800
5561,2,1800
5562,3,1800
5563,2,1800
5564,1,1800
5565,1,1800
5566,2,1800
5567,1,1800
5568,1,1800
5569,0,1800
5570,1,1800
5571,2,1800
5572,3,1800
5573,1,1800
5574,1,1800
5575,2,1800
5576,1,1800
5577,31,1800
5578,48,1800
5579,13,1800
5580,13,1800
5581,30,1800
5582,18,1800
5583,1,1800
5584,1,1800
5585,12,1800
5586,21,1800
5587,3,1800
5588,3,1800
5589,3,1800
5590,1,1800
5591,1,1800
5592,2,1800
5593,2,1800
5594,3,1800
5595,2,1800
5596,2,1800
5597,1,1800
5598,1,1800
5599,2,1800
5600,9,1800
5601,12,1800
5602,4,1800
5603,3,1800
5604,5,1800
5605,4,1800
5606,4,1800
5607,2,1800
5608,3,1800
5609,3,1800
5610,17,1800
5611,7,1800
5612,9,1800
5613,3,1800
5614,6,1800
5615,2,1800
5616,4,1800
5617,3,1800
5618,2,1800
5619,1,1800
5620,3,1800
5621,2,1800
5622,2,1800
5623,2,1800
5624,3,1800
5625,5,1800
5626,0,1800
5627,0,1800
5628,2,1800
5629,1,1800
5630,3,1800
5631,1,1800
5632,1,1800
5633,3,1800
5634,2,1800
5635,0,1800
5636,0,1800
5637,1,1800
5638,1,1800
5639,1,1800
5640,1,1800
5641,3,1800
5642,2,1800
5643,2,1800
5644,2,1800
5645,1,1800
5646,2,1800
5647,2,1800
5648,1,1800
5649,1,1800
5650,1,1800
5651,2,1800
5652,7,1800
5653,14,1800
5654,5,1800
5655,4,1800
5656,2,1800
5657,2,1800
5658,4,1800
5659,3,1800
5660,3,1800
5661,1,1800
5662,0,1800
5663,0,1800
5664,0,1800
5665,2,1800
5666,2,1800
5667,4,1800
5668,5,1800
5669,2,1800
5670,2,1800
5671,4,1800
5672,3,1800
5673,4,1800
5674,6,1800
5675,2,1800
5676,2,1800
5677,6,1800
5678,16,1800
5679,3,1800
5680,2,1800
5681,0,1800
5682,0,1800
5683,3,1800
5684,4,1800
5685,13,1800
5686,14,1800
5687,10,1800
5688,0,1800
5689,0,1800
5690,2,1800
5691,1,1800
5692,3,1800
5693,6,1800
5694,0,1800
5695,0,1800
5696,0,1800
5697,0,1800
5698,2,1800
5699,3,1800
5700,2,1800
5701,1,1800
5702,0,1800
5703,0,1800
5704,0,1800
5705,0,1800
5706,1,1800
5707,1,1800
5708,1,1800
5709,1,1800
5710,5,1800
5711,8,1800
5712,3,1800
5713,2,1800
5714,3,1800
5715,1,1800
5716,2,1800
5717,6,1800
5718,6,1800
5719,3,1800
5720,1,1800
5721,2,1800
5722,1,1800
5723,4,1800
5724,6,1800
5725,1,1800
5726,1,1800
5727,2,1800
5728,1,1800
5729,62,1800
5730,2,1800
5731,2,1800
5732,4,1800
5733,3,1800
5734,12,1800
5735,1,1800
5736,5,1800
5737,1,1800
5738,3,1800
5739,2,1800
5740,4,1800
5741,37,1800
5742,16,1800
5743,13,1800
5744,2,1800
5745,3,1800
5746,3,1800
5747,1,1800
5748,3,1800
5749,1,1800
5750,3,1800
5751,3,1800
5752,5,1800
5753,3,1800
5754,3,1800
5755,68,1800
5756,31,1800
5757,42,1800
5758,47,1800
5759,2,1800
5760,1,1800
5761,1,1800
5762,3,1800
5763,1,1800
5764,3,1800
5765,4,1800
5766,3,1800
5767,3,1800
5768,2,1800
5769,3,1800
5770,4,1800
5771,4,1800
5772,6,1800
5773,5,1800
5774,7,1800
5775,5,1800
5776,11,1800
5777,4,1800
5778,6,1800
5779,5,1800
5780,2,1800
5781,53,1800
5782,38,1800
5783,9,1800
5784,7,1800
5785,15,1800
5786,6,1800
5787,13,1800
5788,8,1800
5789,11,1800
5790,17,1800
5791,7,1800
5792,8,1800
5793,4,1800
5794,9,1800
5795,2,1800
5796,1,1800
5797,1,1800
5798,1,1800
5799,2,1800
5800,3,1800
5801,2,1800
5802,1,1800
5803,19,1800
5804,39,1800
5805,30,1800
5806,37,1800
5807,19,1800
5808,12,1800
5809,8,1800
5810,2,1800
5811,2,1800
5812,8,1800
5813,8,1800
5814,2,1800
5815,4,1800
5816,4,1800
5817,6,1800
5818,3,1800
5819,3,1800
5820,7,1800
5821,9,1800
5822,5,1800
5823,8,1800
5824,4,1800
5825,1,1800
5826,2,1800
5827,5,1800
5828,10,1800
5829,2,1800
5830,3,1800
5831,2,1800
5832,2,1800
5833,2,1800
5834,2,1800
5835,1,1800
5836,12,1800
5837,9,1800
5838,4,1800
5839,7,1800
5840,11,1800
5841,11,1800
5842,9,1800
5843,5,1800
5844,6,1800
5845,27,1800
5846,4,1800
5847,5,1800
5848,8,1800
5849,6,1800
5850,14,1800
5851,13,1800
5852,4,1800
5853,4,1800
5854,3,1800
5855,3,1800
5856,22,1800
5857,28,1800
5858,21,1800
5859,2,1800
5860,4,1800
5861,7,1800
5862,5,1800
5863,2,1800
5864,1,1800
5865,9,1800
5866,5,1800
5867,2,1800
5868,1,1800
5869,6,1800
5870,8,1800
5871,2,1800
5872,2,1800
5873,2,1800
5874,4,1800
5875,4,1800
5876,6,1800
5877,2,1800
5878,2,1800
5879,2,1800
5880,3,1800
5881,2,1800
5882,4,1800
5883,3,1800
5884,5,1800
5885,6,1800
5886,5,1800
5887,2,1800
5888,2,1800
5889,3,1800
5890,2,1800
5891,6,1800
5892,5,1800
5893,4,1800
5894,2,1800
5895,3,1800
5896,2,1800
5897,3,1800
5898,3,1800
5899,4,1800
5900,6,1800
5901,4,1800
5902,2,1800
5903,3,1800
5904,3,1800
5905,1,1800
5906,2,1800
5907,5,1800
5908,12,1800
5909,0,1800
5910,0,1800
5911,1,1800
5912,5,1800
5913,28,1800
5914,14,1800
5915,7,1800
5916,4,1800
5917,4,1800
5918,3,1800
5919,2,1800
5920,5,1800
5921,2,1800
5922,1,1800
5923,2,1800
5924,16,1800
5925,6,1800
5926,1,1800
5927,3,1800
5928,6,1800
5929,10,1800
5930,1,1800
5931,3,1800
5932,5,1800
5933,5,1800
5934,3,1800
5935,11,1800
5936,28,1800
5937,9,1800
5938,10,1800
5939,6,1800
5940,7,1800
5941,2,1800
5942,4,1800
5943,3,1800
5944,121,1800
5945,14,1800
5946,14,1800
5947,2,1800
5948,3,1800
5949,5,1800
5950,1,1800
5951,1,1800
5952,2,1800
5953,13,1800
5954,24,1800
5955,3,1800
5956,3,1800
5957,2,1800
5958,2,1800
5959,2,1800
5960,7,1800
5961,7,1800
5962,161,1800
5963,136,1800
5964,5,1800
5965,7,1800
5966,50,1800
5967,23,1800
5968,2,1800
5969,0,1800
5970,5,1800
5971,3,1800
5972,2,1800
5973,2,1800
5974,2,1800
5975,2,1800
5976,1,1800
5977,2,1800
5978,2,1800
5979,0,1800
5980,1,1800
5981,2,1800
5982,0,1800
5983,0,1800
5984,3,1800
5985,2,1800
5986,9,1800
5987,7,1800
5988,3,1800
5989,3,1800
5990,0,1800
5991,0,1800
5992,38,1800
5993,109,1800
5994,114,1800
5995,11,1800
5996,9,1800
5997,14,1800
5998,21,1800
5999,32,1800
6000,21,1800
6001,9,1800
6002,9,1800
6003,3,1800
6004,3,1800
6005,1,1800
6006,2,1800
6007,0,1800
6008,1,1800
6009,1,1800
6010,1,1800
6011,0,1800
6012,0,1800
6013,0,1800
6014,1,1800
6015,0,1800
6016,1,1800
6017,1,1800
6018,0,1800
6019,0,1800
6020,0,1800
6021,0,1800
6022,0,1800
6023,1,1800
6024,2,1800
6025,1,1800
6026,0,1800
6027,2,1800
6028,2,1800
6029,2,1800
6030,1,1800
6031,1,1800
6032,1,1800
6033,1,1800
6034,1,1800
6035,5,1800
6036,8,1800
6037,6,1800
6038,1,1800
6039,2,1800
6040,1,1800
6041,2,1800
6042,3,1800
6043,2,1800
6044,3,1800
6045,2,1800
6046,2,1800
6047,2,1800
6048,1,1800
6049,2,1800
6050,3,1800
6051,2,1800
6052,2,1800
6053,9,1800
6054,6,1800
6055,3,1800
6056,2,1800
6057,0,1800
6058,0,1800
6059,0,1800
6060,0,1800
6061,0,1800
6062,0,1800
6063,6,1800
6064,1,1800
6065,5,1800
6066,3,1800
6067,4,1800
6068,4,1800
6069,8,1800
6070,3,1800
6071,2,1800
6072,2,1800
6073,2,1800
6074,1,1800
6075,4,1800
6076,3,1800
6077,4,1800
6078,8,1800
6079,2,1800
6080,2,1800
6081,2,1800
6082,2,1800
6083,1,1800
6084,3,1800
6085,1,1800
6086,3,1800
6087,1,1800
6088,2,1800
6089,4,1800
6090,3,1800
6091,20,1800
6092,7,1800
6093,15,1800
6094,1,1800
6095,1,1800
6096,0,1800
6097,0,1800
6098,3,1800
6099,2,1800
6100,3,1800
6101,2,1800
6102,1,1800
6103,1,1800
6104,0,1800
6105,0,1800
