metric,n,mean,sd,cv,sem_rel,change,converged
last_evacuee,10,2515.8,372.309,0.147988,0.046798,nan,0
last_evacuee,20,2479,324.415,0.130865,0.0292624,0.0148447,0
last_evacuee,30,2527.5,315.938,0.125,0.0228218,0.0191889,0
last_evacuee,40,2522,300.335,0.119086,0.0188292,0.00218081,0
last_evacuee,50,2535.44,301.453,0.118896,0.0168144,0.00530086,0
last_evacuee,60,2541.68,278.752,0.109672,0.0141586,0.00245638,0
last_evacuee,70,2530.21,266.764,0.105432,0.0126015,0.00453284,0
last_evacuee,80,2520.35,256.373,0.101721,0.0113728,0.00391386,0
last_evacuee,90,2513.49,246.951,0.0982502,0.0103565,0.00272972,0
last_evacuee,100,2515.2,254.489,0.101181,0.0101181,0.000680308,0
last_evacuee,110,2506.22,257.109,0.102588,0.00978143,0.00358381,1
safe,10,2189.9,51.4985,0.0235164,0.00743654,nan,0
safe,20,2182.05,53.1774,0.0243704,0.00544939,0.00359753,0
safe,30,2183.9,49.0351,0.022453,0.00409933,0.000847108,1
safe,40,2179.5,48.278,0.022151,0.00350238,0.00201881,1
safe,50,2177.88,43.4035,0.0199292,0.00281842,0.000743843,1
safe,60,2175.68,41.6436,0.0191405,0.00247102,0.00100964,1
safe,70,2175.6,40.0548,0.0184109,0.00220053,3.83036e-05,1
safe,80,2175.44,40.1465,0.0184545,0.00206327,7.46976e-05,1
safe,90,2176.61,39.5286,0.0181606,0.0019143,0.000539192,1
safe,100,2176.35,38.6166,0.0177437,0.00177437,0.000119977,1
safe,110,2177.58,37.5168,0.0172287,0.00164269,0.000565682,1
